MaToHop,DiemToHop,NhomTinhCach,NhomNganh
C01,21.5,ESTP,KyThuat_CongNghe
A01,28.0,ENTJ,SuPhamToanHoc
D15,24.25,ESFJ,NgoaiNgu
D15,27.0,ENTP,SuPhamTiengAnh
D01,19.0,ESTP,CongNgheThongTin_TruyenThong
D14,27.75,ENFP,SuPhamTiengAnh
A01,20.5,ISFJ,NongNghiep_MoiTruong_ThuySan
A00,19.6,ISFJ,NongNghiep_MoiTruong_ThuySan
D01,22.75,ENTP,CongNgheThongTin_TruyenThong
B00,29.5,ESTJ,SuPhamHoaHoc
D01,25.0,ESTJ,SuPhamTinHoc
A00,27.75,ESTJ,SuPhamKhoaHocTuNhien
D01,21.5,ENTP,CongNgheThongTin_TruyenThong
D01,27.25,ENTP,SuPhamTiengAnh
A00,27.25,INTP,SuPhamVatLy
B03,25.75,ENFJ,SuPhamSinhHoc
D01,18.5,INTJ,KhoaHocTuNhien
C01,19.75,ESTP,KyThuat_CongNghe
A00,27.75,INTJ,SuPhamHoaHoc
C01,23.25,ENTJ,Luat_KinhTe
A01,24.5,ENTP,SuPhamTinHoc
A00,20.5,INTJ,KhoaHocTuNhien
A00,27.75,ENTJ,SuPhamToanHoc
D01,23.0,INFJ,NgoaiNgu
D01,26.5,INTJ,SuPhamTinHoc
D07,27.5,INTJ,SuPhamHoaHoc
C01,25.25,INTJ,Luat_KinhTe
A01,28.75,ISTJ,SuPhamVatLy
A01,22.0,ESTJ,Luat_KinhTe
C02,26.0,ISTP,KhoaHocTuNhien
D01,23.0,INFJ,SuPhamTiengPhap
A00,26.25,ISTJ,SuPhamKhoaHocTuNhien
A00,27.25,ESTJ,SuPhamVatLy
D01,23.75,INFJ,SuPhamTiengPhap
D01,21.5,INTP,CongNgheThongTin_TruyenThong
A00,26.5,ISFJ,GiaoDucTieuHoc
C01,22.25,ISFJ,XaHoiNhanVan
A00,26.0,ISTJ,SuPhamKhoaHocTuNhien
D01,25.0,ESTP,CongNgheThongTin_TruyenThong
A00,25.0,INTJ,SuPhamTinHoc
D01,17.85,INTJ,KhoaHocTuNhien
D01,24.75,INFJ,NgoaiNgu
X25,17.45,ISFP,NongNghiep_MoiTruong_ThuySan
C02,17.5,ISTP,KhoaHocTuNhien
A01,26.25,INTP,SuPhamKhoaHocTuNhien
A00,27.75,INTP,SuPhamVatLy
A00,27.75,INTJ,SuPhamHoaHoc
B00,28.5,INTP,SuPhamHoaHoc
A00,27.75,ENTJ,SuPhamToanHoc
C01,21.5,ESTJ,Luat_KinhTe
D01,24.0,INFJ,SuPhamTiengPhap
D01,19.0,ISTP,CongNgheThongTin_TruyenThong
A00,26.0,ENTP,SuPhamTinHoc
C02,24.0,ENTP,Luat_KinhTe
D01,21.85,ESTP,CongNgheThongTin_TruyenThong
D01,27.0,ESFJ,SuPhamTiengAnh
D01,23.25,ENFJ,SuPhamTiengPhap
D15,27.25,INFJ,SuPhamTiengAnh
A00,29.0,INTP,SuPhamToanHoc
C02,23.25,ENTP,Luat_KinhTe
C02,20.0,ESTJ,Luat_KinhTe
A00,26.75,INTP,SuPhamKhoaHocTuNhien
D15,27.0,INFJ,SuPhamTiengAnh
D14,23.25,ESFJ,XaHoiNhanVan
D01,27.25,ENTP,SuPhamTiengAnh
B00,28.5,ISTJ,SuPhamHoaHoc
A00,27.25,INTP,SuPhamVatLy
C02,22.0,INTJ,KhoaHocTuNhien
C01,21.25,ENFP,XaHoiNhanVan
X01,22.75,ESTJ,Luat_KinhTe
C01,24.0,ESTJ,Luat_KinhTe
X70,23.0,ESFJ,XaHoiNhanVan
A00,24.5,ENTP,SuPhamTinHoc
D14,25.0,ESFP,NgoaiNgu
C01,26.5,ESFP,GiaoDucTieuHoc
D01,24.0,ENFJ,NgoaiNgu
A00,28.0,ENTJ,SuPhamToanHoc
A00,27.25,ESTJ,SuPhamHoaHoc
X25,18.5,ESTJ,NongNghiep_MoiTruong_ThuySan
D01,25.5,ENFP,NgoaiNgu
D01,18.75,ESTP,CongNgheThongTin_TruyenThong
A01,27.25,ESTJ,SuPhamVatLy
C01,27.5,ENFJ,GiaoDucTieuHoc
X01,22.0,ENTJ,Luat_KinhTe
B00,27.0,ENFJ,SuPhamSinhHoc
B00,26.5,ENFJ,SuPhamSinhHoc
B03,26.25,ENFJ,SuPhamSinhHoc
B00,28.0,INTJ,SuPhamHoaHoc
C01,26.25,ESFJ,GiaoDucTieuHoc
D01,22.75,ISFJ,SuPhamTiengPhap
D01,25.5,ESTJ,SuPhamTinHoc
A00,28.0,INTJ,SuPhamHoaHoc
A01,20.0,ISTP,KyThuat_CongNghe
B03,20.7,INTP,KhoaHocTuNhien
D01,27.0,ESFJ,GiaoDucTieuHoc
A00,27.75,ESTJ,SuPhamToanHoc
C00,22.6,INTJ,Luat_KinhTe
D14,22.25,ENFJ,XaHoiNhanVan
D01,22.5,INFJ,XaHoiNhanVan
C01,20.25,INTP,KyThuat_CongNghe
A01,29.5,ISTJ,SuPhamToanHoc
D01,23.75,ENFJ,SuPhamTiengPhap
A01,27.75,ISTJ,SuPhamToanHoc
C01,26.5,ENFP,GiaoDucTieuHoc
D01,26.25,ENFJ,GiaoDucTieuHoc
D01,20.75,INFP,XaHoiNhanVan
B03,25.85,INFJ,SuPhamSinhHoc
B00,27.5,ESTJ,SuPhamHoaHoc
C01,19.5,INFJ,XaHoiNhanVan
A00,26.2,ESTJ,SuPhamKhoaHocTuNhien
A01,23.75,ESTJ,Luat_KinhTe
D01,20.0,ISFP,NongNghiep_MoiTruong_ThuySan
A00,25.5,ESTJ,SuPhamTinHoc
D01,26.25,ISFJ,GiaoDucTieuHoc
D14,27.75,INFJ,SuPhamTiengAnh
D15,27.0,ESFJ,SuPhamTiengAnh
C01,16.6,INTP,KyThuat_CongNghe
C01,27.25,ESFJ,GiaoDucTieuHoc
A00,28.35,ISTJ,SuPhamKhoaHocTuNhien
D01,23.75,ISFJ,SuPhamTiengPhap
A01,27.0,ISTJ,SuPhamKhoaHocTuNhien
B00,26.25,INFJ,SuPhamSinhHoc
B00,28.25,INTJ,SuPhamHoaHoc
B00,26.0,INFP,SuPhamSinhHoc
C02,24.0,ISTJ,KhoaHocTuNhien
A00,27.75,INTJ,SuPhamToanHoc
D14,25.0,ENFP,NgoaiNgu
D01,24.5,INTP,SuPhamTinHoc
D01,18.25,ISTP,CongNgheThongTin_TruyenThong
A00,18.5,ESTP,CongNgheThongTin_TruyenThong
D07,27.25,ISTJ,SuPhamHoaHoc
D01,23.25,INTP,KhoaHocTuNhien
A00,21.25,ISTP,KhoaHocTuNhien
A00,28.0,ESTJ,SuPhamTinHoc
C01,22.0,ESTP,KyThuat_CongNghe
D01,20.25,ENTP,KhoaHocTuNhien
A00,26.0,INFJ,SuPhamKhoaHocTuNhien
A01,19.75,ISTJ,KhoaHocTuNhien
D01,20.75,ISTJ,Luat_KinhTe
D01,18.85,ISTP,KhoaHocTuNhien
A01,23.25,ISFJ,XaHoiNhanVan
A01,22.75,ENTP,CongNgheThongTin_TruyenThong
A00,28.5,ISTJ,SuPhamToanHoc
C01,19.75,ISTJ,KyThuat_CongNghe
D01,25.25,INFJ,SuPhamTiengPhap
B00,27.25,INTP,SuPhamKhoaHocTuNhien
B00,27.75,INTP,SuPhamHoaHoc
C01,23.5,ISFJ,XaHoiNhanVan
D14,23.25,ENFJ,SuPhamTiengPhap
D01,24.0,ISFJ,SuPhamTiengPhap
D01,26.5,ESFP,GiaoDucTieuHoc
C01,26.25,ESFP,GiaoDucTieuHoc
A01,27.75,ESTJ,SuPhamVatLy
A00,27.75,ESFP,GiaoDucTieuHoc
A01,19.75,INFJ,NongNghiep_MoiTruong_ThuySan
C01,22.85,ISTJ,KyThuat_CongNghe
D01,24.5,ISTP,SuPhamTinHoc
X01,25.0,INFP,XaHoiNhanVan
D14,23.25,INFJ,SuPhamTiengPhap
A00,27.0,INTJ,SuPhamKhoaHocTuNhien
D01,24.75,ENFJ,SuPhamTiengPhap
A00,27.25,INTJ,SuPhamHoaHoc
D14,24.25,ENFJ,NgoaiNgu
D01,26.25,ISFJ,GiaoDucTieuHoc
D15,28.5,ENFJ,SuPhamTiengAnh
D14,27.75,INFJ,SuPhamTiengAnh
D01,25.0,ESTJ,SuPhamTinHoc
D14,24.25,ENFJ,SuPhamTiengPhap
A00,28.25,ISTJ,SuPhamToanHoc
A00,28.75,ISTJ,SuPhamToanHoc
D01,26.25,ENFJ,SuPhamTiengPhap
D14,24.5,ESFP,NgoaiNgu
D01,19.35,ESTJ,NongNghiep_MoiTruong_ThuySan
B03,26.5,INFJ,SuPhamSinhHoc
X01,19.2,INTJ,Luat_KinhTe
D01,18.25,INTJ,KhoaHocTuNhien
D01,24.5,INFJ,NgoaiNgu
A00,24.5,ISTP,SuPhamTinHoc
A01,24.75,INTJ,SuPhamTinHoc
D01,17.75,INFJ,NongNghiep_MoiTruong_ThuySan
D07,19.25,ISTP,KyThuat_CongNghe
B00,26.75,INFJ,SuPhamSinhHoc
A00,27.75,INTP,SuPhamToanHoc
C01,17.85,ESTP,KyThuat_CongNghe
D01,26.75,ESFP,GiaoDucTieuHoc
X25,18.5,ESFJ,NongNghiep_MoiTruong_ThuySan
A01,27.25,ISTJ,SuPhamVatLy
A00,26.75,INTP,SuPhamKhoaHocTuNhien
D01,24.75,INTJ,Luat_KinhTe
C02,20.1,ISFP,NongNghiep_MoiTruong_ThuySan
D01,22.75,ISFJ,SuPhamTiengPhap
D01,18.5,ISFP,NongNghiep_MoiTruong_ThuySan
C01,22.25,INFJ,XaHoiNhanVan
D01,23.0,ESFJ,SuPhamTiengPhap
D15,26.5,ENFJ,NgoaiNgu
B00,25.6,INFP,SuPhamSinhHoc
A00,27.75,INTP,SuPhamToanHoc
A01,27.25,ESTJ,SuPhamVatLy
A00,28.0,ENTJ,SuPhamToanHoc
D01,24.85,ENFJ,SuPhamTiengPhap
A00,28.25,INTJ,SuPhamVatLy
D01,25.75,ESFJ,SuPhamTiengPhap
D01,24.5,INTP,SuPhamTinHoc
D01,18.85,ENTP,KhoaHocTuNhien
A01,27.25,ESTJ,SuPhamVatLy
D01,24.75,ENFP,SuPhamTiengPhap
D01,23.5,ESFP,NgoaiNgu
A01,28.25,ESTJ,SuPhamToanHoc
D01,26.0,ESFJ,SuPhamTiengPhap
A01,27.5,ISTJ,SuPhamKhoaHocTuNhien
C01,22.5,INFJ,XaHoiNhanVan
C01,26.25,ENFP,GiaoDucTieuHoc
C01,21.5,ESTP,KyThuat_CongNghe
D01,24.75,ENFP,SuPhamTiengPhap
A00,26.25,ISTP,SuPhamTinHoc
D14,24.25,ENFJ,NgoaiNgu
A00,27.25,INTJ,SuPhamVatLy
D01,24.5,INFJ,SuPhamTiengPhap
D01,24.5,ISTP,SuPhamTinHoc
C02,20.5,ESFJ,NongNghiep_MoiTruong_ThuySan
C02,24.5,ISFJ,XaHoiNhanVan
D01,27.0,ESFJ,SuPhamTiengAnh
A01,27.25,ESTJ,SuPhamVatLy
C01,26.5,ESFP,GiaoDucTieuHoc
D01,27.25,ESFJ,SuPhamTiengAnh
A00,28.0,ESTJ,SuPhamHoaHoc
B00,26.5,ISTJ,SuPhamKhoaHocTuNhien
A00,27.0,ENFJ,GiaoDucTieuHoc
C02,24.5,ENFJ,XaHoiNhanVan
C01,23.75,INTP,KyThuat_CongNghe
B00,26.25,ENFJ,SuPhamSinhHoc
D01,24.25,INFJ,SuPhamTiengPhap
A00,28.5,INTJ,SuPhamHoaHoc
D01,21.75,ISFP,NongNghiep_MoiTruong_ThuySan
C01,20.1,INTJ,KyThuat_CongNghe
D01,23.25,ENFJ,SuPhamTiengPhap
D01,27.0,ISFJ,GiaoDucTieuHoc
D01,26.75,ESFP,GiaoDucTieuHoc
C01,28.5,ESFJ,GiaoDucTieuHoc
A00,19.35,INTP,CongNgheThongTin_TruyenThong
D01,23.5,ENFP,NgoaiNgu
A01,27.25,ISTJ,SuPhamVatLy
A00,24.85,INTP,SuPhamTinHoc
A00,19.75,ENTP,CongNgheThongTin_TruyenThong
A00,27.75,ISTJ,SuPhamVatLy
A00,27.75,ESTJ,SuPhamToanHoc
X01,24.75,INFP,XaHoiNhanVan
A00,27.75,ESTJ,SuPhamVatLy
A01,21.75,ISTP,KyThuat_CongNghe
A01,16.85,ESTP,KyThuat_CongNghe
D01,24.5,ENTP,SuPhamTinHoc
D15,23.75,ENFJ,NgoaiNgu
C01,24.5,INFP,XaHoiNhanVan
A00,26.6,INTJ,SuPhamTinHoc
D14,25.25,ESFJ,XaHoiNhanVan
A00,26.5,ESTJ,SuPhamKhoaHocTuNhien
B00,26.0,INTJ,SuPhamSinhHoc
A00,28.75,INTJ,SuPhamVatLy
D01,20.1,ENTP,CongNgheThongTin_TruyenThong
B00,27.0,INFJ,SuPhamSinhHoc
B00,25.75,INFJ,SuPhamSinhHoc
C02,19.5,ISTJ,KhoaHocTuNhien
A00,22.6,INTJ,Luat_KinhTe
A00,26.5,ISFJ,GiaoDucTieuHoc
B00,28.0,ESTJ,SuPhamHoaHoc
A00,28.0,ESTJ,SuPhamHoaHoc
C02,23.25,ESFJ,NongNghiep_MoiTruong_ThuySan
D01,24.75,INTJ,SuPhamTinHoc
A00,27.75,ESTJ,SuPhamToanHoc
C01,18.35,INTP,KyThuat_CongNghe
A00,28.0,INTJ,SuPhamToanHoc
B00,27.5,ESTJ,SuPhamHoaHoc
A00,27.75,ESTJ,SuPhamVatLy
B03,26.5,ENFJ,SuPhamSinhHoc
A00,21.0,ISTJ,KyThuat_CongNghe
A01,18.85,ISFJ,NongNghiep_MoiTruong_ThuySan
A00,26.5,ESFJ,GiaoDucTieuHoc
D01,24.75,ENFJ,XaHoiNhanVan
D09,20.0,INFJ,XaHoiNhanVan
B00,27.0,INTJ,SuPhamSinhHoc
D01,20.5,ESTJ,Luat_KinhTe
A00,26.75,INTP,SuPhamKhoaHocTuNhien
C01,24.0,ESTJ,Luat_KinhTe
D01,22.5,ENTJ,CongNgheThongTin_TruyenThong
D01,24.5,ISTP,SuPhamTinHoc
A00,25.5,ESTJ,SuPhamTinHoc
C01,23.0,ENTJ,Luat_KinhTe
D01,22.85,INFJ,SuPhamTiengPhap
C02,18.75,ISFP,NongNghiep_MoiTruong_ThuySan
D01,25.5,INFJ,NgoaiNgu
D01,25.0,ENFJ,SuPhamTiengPhap
D01,24.0,ESFP,NgoaiNgu
D01,23.5,ISFJ,SuPhamTiengPhap
C01,22.35,ESTP,KyThuat_CongNghe
A00,20.35,ENTP,CongNgheThongTin_TruyenThong
C00,22.1,INFJ,XaHoiNhanVan
A00,20.0,ISTP,KyThuat_CongNghe
C01,27.25,ESFP,GiaoDucTieuHoc
D01,23.5,ISTJ,KhoaHocTuNhien
B00,27.5,ISTJ,SuPhamHoaHoc
D01,15.45,ESFJ,NongNghiep_MoiTruong_ThuySan
D01,23.75,ESFJ,XaHoiNhanVan
D01,21.75,ESFJ,XaHoiNhanVan
D01,25.25,ISFJ,SuPhamTiengPhap
X01,23.0,ENFJ,XaHoiNhanVan
C01,23.5,ESFJ,XaHoiNhanVan
A00,18.85,ISTJ,KhoaHocTuNhien
A01,21.5,ISTJ,KhoaHocTuNhien
A01,19.35,INTJ,CongNgheThongTin_TruyenThong
A00,26.25,INFJ,SuPhamKhoaHocTuNhien
D01,22.5,ESFJ,XaHoiNhanVan
D01,24.0,ENFJ,SuPhamTiengPhap
D01,18.75,ISTP,CongNgheThongTin_TruyenThong
D01,26.25,ENFJ,SuPhamTiengPhap
C01,22.75,ISFJ,XaHoiNhanVan
C01,26.5,ESFP,GiaoDucTieuHoc
D01,19.0,ENTP,KhoaHocTuNhien
D01,17.85,ISTJ,KhoaHocTuNhien
D01,26.25,ESFP,GiaoDucTieuHoc
C01,21.25,INTP,KyThuat_CongNghe
C01,26.75,ESFJ,GiaoDucTieuHoc
D15,26.85,ENFJ,SuPhamTiengAnh
C01,19.75,ESTP,KyThuat_CongNghe
C01,26.25,ESFP,GiaoDucTieuHoc
A01,27.25,INTP,SuPhamVatLy
A00,28.25,INTJ,SuPhamVatLy
A00,26.75,ENFP,GiaoDucTieuHoc
B00,26.25,ISTJ,KyThuat_CongNghe
B00,27.75,ISTJ,SuPhamHoaHoc
D01,22.75,INFJ,SuPhamTiengPhap
A00,19.6,ISFP,NongNghiep_MoiTruong_ThuySan
A01,18.5,ESTP,CongNgheThongTin_TruyenThong
D01,25.5,ESTJ,SuPhamTinHoc
C01,24.75,ENTJ,Luat_KinhTe
B00,28.75,INTP,SuPhamHoaHoc
C02,24.5,ISFJ,XaHoiNhanVan
A00,28.25,ISTJ,SuPhamHoaHoc
D01,23.5,ESFJ,SuPhamTiengPhap
D01,18.25,INFJ,NongNghiep_MoiTruong_ThuySan
D14,24.25,ENFJ,NgoaiNgu
A01,25.35,ENTP,SuPhamTinHoc
A00,27.25,ISTJ,SuPhamHoaHoc
D01,27.5,ENFP,GiaoDucTieuHoc
A01,18.75,ESTP,CongNgheThongTin_TruyenThong
C02,20.75,INTP,KhoaHocTuNhien
A01,26.75,ISTJ,SuPhamKhoaHocTuNhien
D01,23.75,ENFP,SuPhamTiengPhap
B00,25.75,INFJ,SuPhamSinhHoc
A00,27.75,INTP,SuPhamVatLy
D01,22.75,ENFP,SuPhamTiengPhap
C02,18.35,ISFJ,NongNghiep_MoiTruong_ThuySan
B00,25.75,INFP,SuPhamSinhHoc
A00,27.5,ENFJ,GiaoDucTieuHoc
C01,23.75,INTJ,Luat_KinhTe
X01,23.5,ESTJ,Luat_KinhTe
D14,23.25,ENFP,NgoaiNgu
D01,26.25,ENFJ,GiaoDucTieuHoc
A01,27.25,INTJ,SuPhamKhoaHocTuNhien
A00,28.25,ESTJ,SuPhamVatLy
D01,21.25,INTP,CongNgheThongTin_TruyenThong
D01,22.1,INFJ,XaHoiNhanVan
D14,20.5,ENFJ,XaHoiNhanVan
A00,29.5,INTP,SuPhamHoaHoc
D01,25.5,ISFJ,SuPhamTiengPhap
B00,28.25,INTP,SuPhamHoaHoc
A00,28.0,ISTJ,SuPhamVatLy
A01,27.75,INTP,SuPhamToanHoc
A00,28.5,ISTJ,SuPhamHoaHoc
C01,26.25,ENFJ,GiaoDucTieuHoc
X70,23.0,INFJ,XaHoiNhanVan
D01,23.1,ENTP,NgoaiNgu
B00,28.5,ESTJ,SuPhamKhoaHocTuNhien
D14,27.5,ENFP,SuPhamTiengAnh
D01,22.75,ENFJ,SuPhamTiengPhap
A01,26.5,ENTP,SuPhamTinHoc
C01,27.75,ENFP,GiaoDucTieuHoc
D01,19.0,INFJ,NongNghiep_MoiTruong_ThuySan
A00,27.75,INTJ,SuPhamToanHoc
B00,26.5,ESTJ,SuPhamKhoaHocTuNhien
B00,27.25,ISFJ,SuPhamSinhHoc
A00,26.25,ENFP,XaHoiNhanVan
D01,20.75,INTJ,KhoaHocTuNhien
B03,26.0,INFP,SuPhamSinhHoc
C02,21.5,ESFJ,NongNghiep_MoiTruong_ThuySan
D01,24.75,ISTP,SuPhamTinHoc
C02,24.6,ENTJ,Luat_KinhTe
B00,15.35,ISTP,NongNghiep_MoiTruong_ThuySan
D01,25.5,ESFP,NgoaiNgu
D01,22.6,ENTP,KhoaHocTuNhien
D01,25.0,ESFP,NgoaiNgu
A00,26.0,INTP,SuPhamKhoaHocTuNhien
D14,27.0,ENFP,SuPhamTiengAnh
A00,26.25,INTJ,SuPhamKhoaHocTuNhien
D15,25.5,INFJ,NgoaiNgu
A00,26.0,INTP,SuPhamTinHoc
D01,20.75,ESFJ,NongNghiep_MoiTruong_ThuySan
B03,26.75,ISFJ,SuPhamSinhHoc
D07,19.25,ISTP,KhoaHocTuNhien
C01,25.0,ISTJ,Luat_KinhTe
D15,23.6,ENFJ,NgoaiNgu
X74,24.6,ISFJ,XaHoiNhanVan
A00,27.25,ESTJ,SuPhamVatLy
A00,28.25,ESTJ,SuPhamToanHoc
C01,22.25,ENFP,XaHoiNhanVan
D01,18.0,ENTP,KhoaHocTuNhien
B03,26.5,ENFJ,SuPhamSinhHoc
B00,27.0,INTJ,SuPhamSinhHoc
C01,23.25,ENFP,XaHoiNhanVan
D01,25.25,ENTJ,CongNgheThongTin_TruyenThong
A01,20.6,ISTJ,KhoaHocTuNhien
A00,27.75,ESTJ,SuPhamToanHoc
D14,25.5,ISFJ,SuPhamTiengPhap
A00,27.25,INTP,SuPhamHoaHoc
A01,18.25,ISTP,CongNgheThongTin_TruyenThong
A01,24.0,INTJ,KhoaHocTuNhien
A00,27.25,INTP,SuPhamHoaHoc
D01,20.35,ISFJ,NongNghiep_MoiTruong_ThuySan
C01,23.0,ENTJ,Luat_KinhTe
A01,28.25,ISTJ,SuPhamKhoaHocTuNhien
A00,20.25,ISTP,CongNgheThongTin_TruyenThong
A00,28.0,ENFJ,GiaoDucTieuHoc
A00,27.0,INFP,XaHoiNhanVan
D01,26.75,ENFP,GiaoDucTieuHoc
B03,26.0,INFP,SuPhamSinhHoc
D01,18.85,ESTJ,NongNghiep_MoiTruong_ThuySan
D01,26.25,ESFJ,GiaoDucTieuHoc
A00,26.5,ESFP,GiaoDucTieuHoc
A00,26.25,ESTJ,SuPhamTinHoc
D01,24.5,ENFJ,NgoaiNgu
A00,26.5,ENFJ,GiaoDucTieuHoc
A01,26.25,INTP,SuPhamTinHoc
D01,27.25,ENFJ,SuPhamTiengAnh
B00,27.25,INTP,SuPhamKhoaHocTuNhien
D01,18.5,ENTJ,CongNgheThongTin_TruyenThong
D15,27.5,ESFP,NgoaiNgu
A00,28.0,INTJ,SuPhamToanHoc
A00,27.75,ENTJ,SuPhamToanHoc
A00,27.25,ENFP,GiaoDucTieuHoc
X70,25.25,INFJ,XaHoiNhanVan
D01,24.25,ISFJ,SuPhamTiengPhap
C02,18.75,ISTJ,Luat_KinhTe
D01,21.1,ENTJ,CongNgheThongTin_TruyenThong
D14,23.25,ISFJ,SuPhamTiengPhap
C02,24.25,ENFJ,XaHoiNhanVan
A00,28.25,ESTJ,SuPhamToanHoc
D01,17.0,ISTP,NongNghiep_MoiTruong_ThuySan
B00,27.75,ISTJ,SuPhamKhoaHocTuNhien
A00,27.25,INFJ,SuPhamKhoaHocTuNhien
D01,19.35,ESFJ,NongNghiep_MoiTruong_ThuySan
D01,18.0,ISFP,NongNghiep_MoiTruong_ThuySan
D01,26.25,ENTP,NgoaiNgu
C01,23.0,ESTP,Luat_KinhTe
A00,28.75,ESTJ,SuPhamToanHoc
C02,22.1,ISTJ,Luat_KinhTe
D01,17.6,ISFP,NongNghiep_MoiTruong_ThuySan
D01,23.75,ESFP,NgoaiNgu
B00,26.0,ESTJ,SuPhamKhoaHocTuNhien
D01,22.0,ESTP,CongNgheThongTin_TruyenThong
A00,29.75,ESTJ,SuPhamVatLy
A00,29.5,INTP,SuPhamToanHoc
D01,23.5,ENFP,NgoaiNgu
A00,26.1,INFJ,SuPhamKhoaHocTuNhien
A01,24.5,ENTP,SuPhamTinHoc
D01,17.75,ISFP,NongNghiep_MoiTruong_ThuySan
A01,28.75,ENTJ,SuPhamToanHoc
C01,26.5,ENFJ,GiaoDucTieuHoc
B00,27.75,INTP,SuPhamKhoaHocTuNhien
A00,20.25,ESFJ,XaHoiNhanVan
D01,18.25,ESTP,CongNgheThongTin_TruyenThong
A00,27.5,ESTJ,SuPhamVatLy
A01,27.75,INTP,SuPhamKhoaHocTuNhien
A00,26.25,ESTJ,SuPhamKhoaHocTuNhien
D01,25.0,ENFP,NgoaiNgu
A00,24.5,INTP,SuPhamTinHoc
A00,27.5,ISTJ,SuPhamVatLy
D01,24.75,INTP,SuPhamTinHoc
B03,26.5,INFJ,SuPhamSinhHoc
C01,27.25,ENFP,GiaoDucTieuHoc
A00,28.25,INTJ,SuPhamVatLy
D01,20.5,ISTP,KhoaHocTuNhien
B00,27.5,ESTJ,SuPhamHoaHoc
A00,27.5,ESTJ,SuPhamHoaHoc
C02,25.0,ESTJ,Luat_KinhTe
C01,19.25,ISTP,KyThuat_CongNghe
A00,28.75,ESTJ,SuPhamHoaHoc
C01,26.25,ISFJ,GiaoDucTieuHoc
C02,20.5,ENTP,Luat_KinhTe
D01,23.75,INFJ,SuPhamTiengPhap
A00,27.0,ENFJ,GiaoDucTieuHoc
D01,24.0,ESFJ,SuPhamTiengPhap
A00,27.5,ESTJ,SuPhamVatLy
D01,23.25,ENFJ,NgoaiNgu
A01,27.75,INTJ,SuPhamVatLy
D01,18.5,ESTP,CongNgheThongTin_TruyenThong
D01,24.75,ESFJ,SuPhamTiengPhap
C02,20.6,ISFJ,NongNghiep_MoiTruong_ThuySan
D01,25.0,ENTP,NgoaiNgu
A01,28.0,ESTJ,SuPhamToanHoc
D01,24.0,ENTP,CongNgheThongTin_TruyenThong
C01,23.75,ISTP,KyThuat_CongNghe
D01,19.0,ISFP,NongNghiep_MoiTruong_ThuySan
D01,27.0,ENFP,SuPhamTiengAnh
D01,17.85,ISTJ,KhoaHocTuNhien
C02,20.35,ISTP,KhoaHocTuNhien
A00,26.5,ESTJ,SuPhamTinHoc
D01,19.25,ENTP,KhoaHocTuNhien
C01,27.75,ESFP,GiaoDucTieuHoc
B00,26.75,INFP,SuPhamSinhHoc
A00,28.25,ENTJ,SuPhamToanHoc
A01,18.2,ENTP,CongNgheThongTin_TruyenThong
A00,27.0,ENFJ,GiaoDucTieuHoc
B00,26.25,ISFJ,SuPhamSinhHoc
D01,16.5,ISFP,NongNghiep_MoiTruong_ThuySan
A00,27.5,INTP,SuPhamVatLy
D14,27.5,ENTP,SuPhamTiengAnh
B00,27.75,INTP,SuPhamHoaHoc
A01,20.5,ISTP,NongNghiep_MoiTruong_ThuySan
B00,25.75,INFP,SuPhamSinhHoc
D01,17.35,INTJ,KhoaHocTuNhien
C02,23.5,ENFJ,XaHoiNhanVan
A00,27.0,INTJ,SuPhamKhoaHocTuNhien
C01,22.25,ENFP,XaHoiNhanVan
D01,27.5,ENFP,SuPhamTiengAnh
D01,23.5,ENTP,NgoaiNgu
B00,25.75,INFP,SuPhamSinhHoc
C01,25.0,ISFJ,XaHoiNhanVan
D14,25.25,ESFJ,SuPhamTiengPhap
A01,26.75,INFJ,SuPhamKhoaHocTuNhien
X01,21.0,ENTP,Luat_KinhTe
A00,27.5,INTJ,SuPhamHoaHoc
B00,26.35,INFJ,SuPhamKhoaHocTuNhien
D01,24.25,ENTP,KhoaHocTuNhien
A01,23.75,INFJ,XaHoiNhanVan
A01,22.75,ISTP,CongNgheThongTin_TruyenThong
B03,17.7,INTJ,KhoaHocTuNhien
A00,27.75,ENTJ,SuPhamToanHoc
A00,22.75,INTP,CongNgheThongTin_TruyenThong
C01,26.75,ISFJ,GiaoDucTieuHoc
A00,28.25,INTJ,SuPhamToanHoc
C02,25.5,INTJ,Luat_KinhTe
A00,27.75,ESTJ,SuPhamKhoaHocTuNhien
A01,26.5,INTP,SuPhamTinHoc
A00,28.0,INTJ,SuPhamVatLy
B00,27.25,ISTJ,SuPhamHoaHoc
D14,23.25,ISFJ,SuPhamTiengPhap
A00,28.0,ESTJ,SuPhamVatLy
D14,23.75,ENFJ,NgoaiNgu
X25,17.5,ESTJ,NongNghiep_MoiTruong_ThuySan
C01,23.5,INFJ,XaHoiNhanVan
A01,27.75,ISTJ,SuPhamToanHoc
C01,27.5,ESFJ,GiaoDucTieuHoc
D14,23.75,ENFJ,SuPhamTiengPhap
A00,22.5,ISTP,KyThuat_CongNghe
D01,20.0,ENTJ,CongNgheThongTin_TruyenThong
D15,27.75,INFJ,SuPhamTiengAnh
C01,21.75,ISTP,KyThuat_CongNghe
D01,26.75,ESTJ,SuPhamTinHoc
D01,27.0,ESFJ,SuPhamTiengAnh
D14,24.75,ESFJ,SuPhamTiengPhap
D09,20.85,INFJ,XaHoiNhanVan
A00,20.35,ESTP,KyThuat_CongNghe
B00,27.5,ESTJ,SuPhamHoaHoc
A00,27.5,INTJ,SuPhamVatLy
B00,26.75,INFJ,SuPhamSinhHoc
A00,27.25,ISTJ,SuPhamVatLy
D01,25.0,ENTP,SuPhamTinHoc
D01,24.0,ENFJ,NgoaiNgu
D01,18.75,INFJ,NongNghiep_MoiTruong_ThuySan
D01,24.0,ISTP,KhoaHocTuNhien
D01,25.5,ISTP,SuPhamTinHoc
A00,28.0,INTP,SuPhamKhoaHocTuNhien
D01,23.25,ISFJ,SuPhamTiengPhap
C00,24.25,ISTJ,Luat_KinhTe
B00,28.0,ISTJ,SuPhamHoaHoc
A00,28.0,ESTJ,SuPhamToanHoc
A01,24.75,ISTP,KyThuat_CongNghe
A01,24.0,ESTP,KyThuat_CongNghe
A00,27.25,ISTJ,SuPhamVatLy
C02,20.1,ENTP,KhoaHocTuNhien
D01,19.25,INFJ,NongNghiep_MoiTruong_ThuySan
D01,23.5,ISFJ,SuPhamTiengPhap
C01,22.0,ISTP,KyThuat_CongNghe
D01,24.0,ISFJ,SuPhamTiengPhap
D01,23.0,ISFJ,SuPhamTiengPhap
A01,27.25,INTP,SuPhamVatLy
A00,26.5,ENFJ,GiaoDucTieuHoc
A00,19.1,ESTP,Luat_KinhTe
A00,28.25,ISTJ,SuPhamVatLy
A01,27.75,INTP,SuPhamVatLy
X01,18.45,ISTJ,Luat_KinhTe
D01,24.0,ENTP,CongNgheThongTin_TruyenThong
A00,29.0,ISTJ,SuPhamVatLy
A00,27.75,INFJ,SuPhamKhoaHocTuNhien
D15,27.5,ESFJ,SuPhamTiengAnh
B03,26.0,ISFJ,SuPhamSinhHoc
A01,15.6,ISTP,NongNghiep_MoiTruong_ThuySan
D07,21.75,ISTP,KhoaHocTuNhien
D01,25.25,ENFJ,SuPhamTiengPhap
D01,24.5,ESTJ,Luat_KinhTe
A00,28.5,INTP,SuPhamToanHoc
D01,22.75,ISTP,KhoaHocTuNhien
D01,17.5,ISFP,NongNghiep_MoiTruong_ThuySan
A00,27.75,INTJ,SuPhamHoaHoc
D01,22.5,ESFJ,NongNghiep_MoiTruong_ThuySan
C02,22.0,ESTP,Luat_KinhTe
C02,22.5,ISFJ,XaHoiNhanVan
D14,24.0,ENFP,NgoaiNgu
C00,21.25,ENTJ,Luat_KinhTe
A00,27.75,INTP,SuPhamVatLy
C01,27.75,ISFJ,GiaoDucTieuHoc
B03,26.5,INFP,SuPhamSinhHoc
C01,21.5,INTJ,KyThuat_CongNghe
C00,23.0,ISFJ,XaHoiNhanVan
D01,27.0,ENTP,SuPhamTiengAnh
D14,27.25,ENTP,SuPhamTiengAnh
D01,24.75,ENTJ,CongNgheThongTin_TruyenThong
A00,24.6,ISTP,SuPhamTinHoc
A02,19.6,ENTJ,KyThuat_CongNghe
A01,26.0,INTJ,SuPhamKhoaHocTuNhien
C01,22.0,ESTP,Luat_KinhTe
A01,28.0,ESTJ,SuPhamToanHoc
D01,21.75,INTP,KhoaHocTuNhien
C01,27.5,ESFJ,GiaoDucTieuHoc
A01,27.75,ENTJ,SuPhamToanHoc
D01,17.45,INFJ,NongNghiep_MoiTruong_ThuySan
A00,28.25,ESTJ,SuPhamToanHoc
C01,26.75,ESFP,GiaoDucTieuHoc
A00,27.0,ISTJ,SuPhamKhoaHocTuNhien
B00,27.5,INTJ,SuPhamSinhHoc
A00,27.75,ESTJ,SuPhamVatLy
A00,25.25,ISTP,SuPhamTinHoc
B00,27.75,INTP,SuPhamKhoaHocTuNhien
D01,24.5,ENFP,NgoaiNgu
X70,21.85,ENFJ,XaHoiNhanVan
D01,24.75,ISTP,SuPhamTinHoc
C01,26.75,ENFP,GiaoDucTieuHoc
D01,22.0,ENTP,KhoaHocTuNhien
D01,24.25,ENFP,SuPhamTiengPhap
A00,21.35,ISTP,KhoaHocTuNhien
D14,23.25,ESFP,NgoaiNgu
A00,16.25,INTJ,KyThuat_CongNghe
D14,25.5,INFJ,SuPhamTiengPhap
D01,25.0,INFJ,SuPhamTiengPhap
A01,27.25,ESTJ,SuPhamVatLy
D15,25.75,ENTP,NgoaiNgu
A01,29.0,INTJ,SuPhamToanHoc
B00,26.25,INTJ,SuPhamKhoaHocTuNhien
D01,23.75,ENTP,CongNgheThongTin_TruyenThong
D01,22.75,ISFJ,SuPhamTiengPhap
D15,25.0,INFJ,NgoaiNgu
D01,22.25,ENTJ,CongNgheThongTin_TruyenThong
A01,26.5,INTJ,SuPhamKhoaHocTuNhien
C02,23.75,ENTP,Luat_KinhTe
A00,27.25,INTJ,SuPhamHoaHoc
D15,26.75,ENFJ,NgoaiNgu
D14,25.0,ENFJ,SuPhamTiengPhap
C01,22.35,ISTJ,KyThuat_CongNghe
A00,18.2,ENTP,KhoaHocTuNhien
A01,26.5,INTP,SuPhamKhoaHocTuNhien
A00,27.25,ESTJ,SuPhamVatLy
D01,19.25,ENTP,KhoaHocTuNhien
A00,26.25,INFJ,SuPhamKhoaHocTuNhien
A00,28.5,INTJ,SuPhamHoaHoc
A01,23.75,ISFJ,XaHoiNhanVan
D01,20.75,ESFJ,NongNghiep_MoiTruong_ThuySan
D01,23.0,ESTP,CongNgheThongTin_TruyenThong
X01,21.25,INTJ,Luat_KinhTe
C01,26.25,ESFP,GiaoDucTieuHoc
A00,21.25,ESTP,CongNgheThongTin_TruyenThong
A00,22.5,ISTP,CongNgheThongTin_TruyenThong
D01,25.75,ESFJ,SuPhamTiengPhap
X25,21.25,ISFJ,NongNghiep_MoiTruong_ThuySan
D15,25.25,INFJ,NgoaiNgu
A00,16.5,ISFP,NongNghiep_MoiTruong_ThuySan
A00,27.5,INTP,SuPhamVatLy
A01,27.25,ISTJ,SuPhamVatLy
D01,25.75,INTP,CongNgheThongTin_TruyenThong
B00,28.25,INTJ,SuPhamHoaHoc
A00,28.75,INTP,SuPhamVatLy
D01,23.0,INTP,KhoaHocTuNhien
C01,23.5,ISFJ,XaHoiNhanVan
D01,25.25,ESFP,NgoaiNgu
A00,27.75,ISTJ,SuPhamKhoaHocTuNhien
A01,21.5,INTP,CongNgheThongTin_TruyenThong
D01,22.5,INTJ,Luat_KinhTe
A01,24.75,ENTP,SuPhamTinHoc
A01,22.35,INTJ,KhoaHocTuNhien
X25,17.75,ESFJ,NongNghiep_MoiTruong_ThuySan
D01,16.5,INFJ,NongNghiep_MoiTruong_ThuySan
B00,28.0,ESTJ,SuPhamHoaHoc
A01,21.2,ISTP,CongNgheThongTin_TruyenThong
A00,27.25,INTJ,SuPhamVatLy
B00,25.75,INFP,SuPhamSinhHoc
A00,28.0,ESTJ,SuPhamHoaHoc
B00,26.1,ENFJ,SuPhamSinhHoc
A01,27.75,INTP,SuPhamToanHoc
A01,27.75,INTP,SuPhamToanHoc
A00,27.5,ESTJ,SuPhamHoaHoc
B00,26.0,INFP,SuPhamSinhHoc
A01,16.75,ESTP,KyThuat_CongNghe
A01,24.75,ENTP,SuPhamTinHoc
D01,19.0,ENTP,KhoaHocTuNhien
A00,27.75,ESFJ,GiaoDucTieuHoc
D01,23.25,INFJ,NgoaiNgu
A00,26.75,ISTJ,SuPhamKhoaHocTuNhien
D01,24.0,ENFJ,SuPhamTiengPhap
X01,19.25,ENTJ,Luat_KinhTe
X01,20.75,ENTJ,Luat_KinhTe
C01,20.75,ENTJ,KyThuat_CongNghe
A00,29.25,ESTJ,SuPhamToanHoc
C02,25.25,ISFJ,XaHoiNhanVan
A01,27.75,ESTJ,SuPhamToanHoc
D01,22.25,ENTP,KhoaHocTuNhien
D01,25.5,ISFJ,SuPhamTiengPhap
A00,29.5,ISTJ,SuPhamToanHoc
D01,24.5,ENTP,NgoaiNgu
A00,26.75,ENFJ,GiaoDucTieuHoc
A01,21.35,ENTP,CongNgheThongTin_TruyenThong
D01,26.75,ENFP,GiaoDucTieuHoc
D01,24.0,ENFJ,SuPhamTiengPhap
C01,22.5,INTJ,KyThuat_CongNghe
D01,19.75,INTJ,KhoaHocTuNhien
D14,25.25,ESFP,NgoaiNgu
D01,23.5,ENFP,SuPhamTiengPhap
C01,21.6,INTP,KyThuat_CongNghe
C01,23.25,ISFJ,XaHoiNhanVan
A00,27.5,INTJ,SuPhamVatLy
D01,27.25,ENFJ,SuPhamTiengAnh
D01,23.5,ENFJ,SuPhamTiengPhap
C01,26.75,ENFJ,GiaoDucTieuHoc
A00,29.25,ESTJ,SuPhamHoaHoc
C01,19.75,ISTP,KyThuat_CongNghe
A00,26.5,ISTJ,SuPhamKhoaHocTuNhien
D01,19.1,ESTJ,NongNghiep_MoiTruong_ThuySan
C01,25.5,INFP,XaHoiNhanVan
A00,26.5,ESFJ,GiaoDucTieuHoc
C01,24.5,ESTP,Luat_KinhTe
A00,27.25,ISTJ,SuPhamVatLy
A00,26.0,ISTJ,SuPhamKhoaHocTuNhien
A00,26.25,INTJ,SuPhamKhoaHocTuNhien
A00,27.0,ENFP,GiaoDucTieuHoc
A00,26.5,INTJ,SuPhamKhoaHocTuNhien
X25,19.75,ISTP,NongNghiep_MoiTruong_ThuySan
D15,28.5,ENFJ,SuPhamTiengAnh
D01,24.5,ESFJ,NgoaiNgu
A00,19.35,ISFP,NongNghiep_MoiTruong_ThuySan
C02,20.0,ISTJ,Luat_KinhTe
D01,22.6,ISTP,KhoaHocTuNhien
A01,27.75,INTJ,SuPhamVatLy
X01,20.85,ISTJ,Luat_KinhTe
C00,25.25,ISFJ,XaHoiNhanVan
C02,26.75,ISTJ,KhoaHocTuNhien
A01,26.0,INFJ,SuPhamKhoaHocTuNhien
D01,20.25,ESTP,CongNgheThongTin_TruyenThong
A01,26.75,INFJ,SuPhamKhoaHocTuNhien
D01,23.5,ISFJ,SuPhamTiengPhap
B00,26.5,INTP,SuPhamKhoaHocTuNhien
A00,17.95,INTJ,KyThuat_CongNghe
D01,21.75,ISTJ,KhoaHocTuNhien
C01,24.75,ENTJ,Luat_KinhTe
A01,16.25,ENTJ,KyThuat_CongNghe
D01,23.75,ESFP,NgoaiNgu
D01,25.25,ENFJ,NgoaiNgu
C02,23.25,ESFJ,XaHoiNhanVan
A00,27.5,INTJ,SuPhamHoaHoc
A01,27.75,ISTJ,SuPhamToanHoc
X25,18.85,ESTJ,NongNghiep_MoiTruong_ThuySan
A00,27.5,INTJ,SuPhamVatLy
B03,26.5,ENFJ,SuPhamSinhHoc
A00,28.0,INTP,SuPhamHoaHoc
A00,21.85,INTP,KhoaHocTuNhien
C01,26.5,ESFJ,GiaoDucTieuHoc
C01,26.25,ENFJ,GiaoDucTieuHoc
D07,28.0,ESTJ,SuPhamHoaHoc
D15,29.0,ENFP,SuPhamTiengAnh
A01,26.25,INTP,SuPhamKhoaHocTuNhien
D01,23.5,ENFP,NgoaiNgu
D14,27.25,ESFJ,SuPhamTiengAnh
A00,27.75,ISTJ,SuPhamToanHoc
A00,26.25,INTP,SuPhamKhoaHocTuNhien
B00,26.5,ESTJ,SuPhamKhoaHocTuNhien
B00,26.0,INFJ,SuPhamSinhHoc
C01,23.6,ESFJ,XaHoiNhanVan
D01,26.25,ESFP,GiaoDucTieuHoc
A01,24.75,ESTJ,SuPhamTinHoc
D01,22.5,ISTJ,KhoaHocTuNhien
D14,23.25,ENFJ,SuPhamTiengPhap
D01,19.0,ISFP,NongNghiep_MoiTruong_ThuySan
C01,26.25,ENFP,GiaoDucTieuHoc
C01,22.6,ISTJ,Luat_KinhTe
D01,24.5,ESFP,NgoaiNgu
B00,19.25,INTJ,KhoaHocTuNhien
B00,27.5,ISFJ,SuPhamSinhHoc
D01,23.0,ESFJ,SuPhamTiengPhap
C02,21.1,ISTP,KhoaHocTuNhien
C01,26.0,INFP,XaHoiNhanVan
B00,25.75,INFP,SuPhamSinhHoc
A00,27.0,INTP,SuPhamKhoaHocTuNhien
C02,17.25,INTJ,KhoaHocTuNhien
D15,24.25,ESFP,NgoaiNgu
B00,25.75,ISFJ,SuPhamSinhHoc
A00,27.0,ENTP,CongNgheThongTin_TruyenThong
B03,25.6,INFP,SuPhamSinhHoc
B00,27.75,ESTJ,SuPhamHoaHoc
A00,24.5,ENTJ,Luat_KinhTe
D01,26.75,ESFJ,GiaoDucTieuHoc
D01,24.5,INFJ,NgoaiNgu
D01,24.0,ENFP,SuPhamTiengPhap
D01,23.75,ESFJ,SuPhamTiengPhap
A00,25.5,INTJ,SuPhamTinHoc
B00,27.5,INTJ,SuPhamHoaHoc
D14,24.5,ENTP,NgoaiNgu
A01,23.75,ISTP,CongNgheThongTin_TruyenThong
B00,27.5,INTP,SuPhamHoaHoc
A01,27.75,INTJ,SuPhamToanHoc
D01,27.0,ENFP,SuPhamTiengAnh
B00,27.25,INTJ,SuPhamHoaHoc
X01,23.0,ENTP,Luat_KinhTe
C01,27.5,ESFP,GiaoDucTieuHoc
D01,23.25,ISFJ,XaHoiNhanVan
B00,26.0,INTP,SuPhamKhoaHocTuNhien
A00,27.5,INTP,SuPhamVatLy
A00,27.25,INTJ,SuPhamHoaHoc
D01,23.5,ENFP,NgoaiNgu
C02,24.25,ISFJ,XaHoiNhanVan
B03,26.25,ISFJ,SuPhamSinhHoc
D01,25.0,ESFJ,NgoaiNgu
B00,26.75,ISFJ,SuPhamSinhHoc
D01,23.75,ESFJ,SuPhamTiengPhap
A00,27.25,ISTJ,SuPhamHoaHoc
C01,21.0,ISTP,KyThuat_CongNghe
D01,27.25,ESFJ,SuPhamTiengAnh
C02,22.0,ESFJ,XaHoiNhanVan
C00,22.0,ENTP,Luat_KinhTe
D01,24.5,ENTP,SuPhamTinHoc
D15,27.5,ENFJ,SuPhamTiengAnh
A01,27.25,ISTJ,SuPhamKhoaHocTuNhien
A00,29.25,ISTJ,SuPhamToanHoc
A01,21.5,ISTJ,KhoaHocTuNhien
C01,27.5,ENFP,GiaoDucTieuHoc
D01,19.5,ISTP,NongNghiep_MoiTruong_ThuySan
A00,27.25,INTJ,SuPhamVatLy
A01,28.25,INTP,SuPhamVatLy
D01,23.35,ENFJ,XaHoiNhanVan
C02,19.0,INTJ,Luat_KinhTe
C01,26.5,ENFP,GiaoDucTieuHoc
D01,27.0,ENTP,SuPhamTiengAnh
A01,19.1,ESTJ,Luat_KinhTe
A00,26.25,ESFP,GiaoDucTieuHoc
A00,28.0,INTP,SuPhamToanHoc
A01,27.5,INTJ,SuPhamVatLy
A00,27.25,INTP,SuPhamVatLy
A01,28.75,INTJ,SuPhamVatLy
D01,26.25,INTJ,SuPhamTinHoc
A01,24.75,ESTJ,SuPhamTinHoc
B03,26.0,INFJ,SuPhamSinhHoc
D01,23.25,INFJ,SuPhamTiengPhap
C01,22.85,INTJ,KyThuat_CongNghe
A00,15.5,ESFJ,NongNghiep_MoiTruong_ThuySan
A00,25.25,INTP,SuPhamTinHoc
D14,24.0,ENFJ,SuPhamTiengPhap
D14,25.0,ENFP,SuPhamTiengPhap
D01,24.5,ESTJ,SuPhamTinHoc
A00,27.75,ISTJ,SuPhamVatLy
C02,25.25,INFJ,XaHoiNhanVan
C02,20.25,ISTP,NongNghiep_MoiTruong_ThuySan
A01,27.5,INTJ,SuPhamVatLy
A01,27.25,ISTJ,SuPhamVatLy
B00,29.5,INFJ,SuPhamSinhHoc
D14,26.75,ESFP,NgoaiNgu
D01,26.25,ESFP,NgoaiNgu
A01,18.5,ISTJ,KhoaHocTuNhien
A00,27.5,ISTJ,SuPhamVatLy
B00,27.5,INTJ,SuPhamSinhHoc
D01,25.0,INTP,KhoaHocTuNhien
A00,27.25,INTP,SuPhamKhoaHocTuNhien
A00,27.25,ESTJ,SuPhamVatLy
D01,24.0,ENFJ,SuPhamTiengPhap
A01,27.5,ESTJ,SuPhamVatLy
X01,23.75,ENTJ,Luat_KinhTe
A00,27.5,ISTJ,SuPhamKhoaHocTuNhien
A01,25.75,ENTJ,KyThuat_CongNghe
A00,27.0,ESTJ,SuPhamKhoaHocTuNhien
C01,26.25,ENFJ,GiaoDucTieuHoc
A01,27.0,ESTJ,SuPhamKhoaHocTuNhien
A00,21.25,ISTJ,KyThuat_CongNghe
X25,16.35,ISTP,NongNghiep_MoiTruong_ThuySan
A00,26.75,ENFP,GiaoDucTieuHoc
A00,28.5,INTP,SuPhamKhoaHocTuNhien
D15,23.25,ESFP,NgoaiNgu
D01,23.25,ESFJ,NgoaiNgu
A01,27.75,ISTJ,SuPhamToanHoc
A01,26.6,ISTJ,SuPhamKhoaHocTuNhien
A01,26.0,ISTJ,SuPhamKhoaHocTuNhien
C01,26.25,ESFP,GiaoDucTieuHoc
A00,25.1,ESTJ,SuPhamTinHoc
B00,28.25,INTP,SuPhamHoaHoc
A00,28.0,INTP,SuPhamHoaHoc
A01,23.5,ENTJ,CongNgheThongTin_TruyenThong
D01,19.75,ENTP,CongNgheThongTin_TruyenThong
B00,26.75,ISFJ,SuPhamSinhHoc
A00,26.6,ESFJ,GiaoDucTieuHoc
C01,26.25,ENFP,GiaoDucTieuHoc
A00,27.25,ESTJ,SuPhamHoaHoc
C01,19.25,INTJ,KyThuat_CongNghe
C01,20.35,ENTJ,Luat_KinhTe
B03,26.75,INFJ,SuPhamSinhHoc
C01,22.2,ISTJ,KyThuat_CongNghe
C01,22.0,INFP,XaHoiNhanVan
A00,28.0,ESTJ,SuPhamToanHoc
A00,28.5,INTJ,SuPhamVatLy
C01,26.25,INFJ,XaHoiNhanVan
B00,28.5,INTJ,SuPhamHoaHoc
D09,23.6,INFJ,NgoaiNgu
B03,23.0,INTP,KhoaHocTuNhien
A00,26.75,ESFP,GiaoDucTieuHoc
D14,22.5,INFP,XaHoiNhanVan
D01,21.5,ISTJ,KhoaHocTuNhien
A00,28.25,INTJ,SuPhamVatLy
A00,27.25,INTJ,SuPhamHoaHoc
D01,23.6,INTJ,KhoaHocTuNhien
D07,20.1,ISTP,CongNgheThongTin_TruyenThong
A00,21.35,ENTJ,CongNgheThongTin_TruyenThong
A00,28.0,INTP,SuPhamHoaHoc
A01,24.6,INTP,CongNgheThongTin_TruyenThong
B00,27.5,ESTJ,SuPhamHoaHoc
D14,25.25,ESFJ,NgoaiNgu
A00,23.85,INTJ,CongNgheThongTin_TruyenThong
D01,25.0,INTP,CongNgheThongTin_TruyenThong
A00,28.0,INFJ,SuPhamKhoaHocTuNhien
C01,25.5,ESFJ,XaHoiNhanVan
A01,25.0,ENTP,SuPhamTinHoc
A00,22.35,INTJ,CongNgheThongTin_TruyenThong
D01,25.75,INTP,SuPhamTinHoc
D01,18.2,ISTJ,KhoaHocTuNhien
D01,24.75,ISTP,SuPhamTinHoc
D01,24.5,ESTJ,SuPhamTinHoc
X01,21.5,ESFJ,XaHoiNhanVan
D14,27.0,ENTP,SuPhamTiengAnh
A00,24.1,INFJ,XaHoiNhanVan
D01,23.75,ENFJ,SuPhamTiengPhap
C02,23.5,ISFJ,XaHoiNhanVan
D01,25.1,ESTJ,SuPhamTinHoc
C01,27.25,ESFP,GiaoDucTieuHoc
B00,27.0,ISFJ,SuPhamSinhHoc
D01,18.35,ESFJ,NongNghiep_MoiTruong_ThuySan
D01,23.25,ESFP,NgoaiNgu
C02,21.2,INTP,KhoaHocTuNhien
D01,26.75,ISFJ,GiaoDucTieuHoc
A00,29.25,ISFJ,GiaoDucTieuHoc
D01,23.5,ISFJ,SuPhamTiengPhap
A00,25.5,ENTP,SuPhamTinHoc
D01,23.0,ESTP,Luat_KinhTe
A00,27.75,INTP,SuPhamHoaHoc
C01,21.25,ESTP,KyThuat_CongNghe
C01,28.25,ESFP,GiaoDucTieuHoc
A01,27.25,ISTJ,SuPhamVatLy
B00,28.75,ENFJ,SuPhamSinhHoc
A00,28.0,INTJ,SuPhamToanHoc
A01,23.0,ESTP,Luat_KinhTe
D01,18.6,ENTJ,CongNgheThongTin_TruyenThong
D01,19.85,ISTJ,KhoaHocTuNhien
D07,20.25,ESFJ,NongNghiep_MoiTruong_ThuySan
A01,28.0,INTJ,SuPhamToanHoc
A00,26.5,INTP,SuPhamKhoaHocTuNhien
D14,25.75,ESFJ,SuPhamTiengPhap
C02,23.75,ESTJ,Luat_KinhTe
B00,23.1,ISTJ,KhoaHocTuNhien
D01,23.25,ENTP,NgoaiNgu
A00,29.5,ESTJ,SuPhamVatLy
A00,27.75,ENTJ,SuPhamToanHoc
A01,27.25,INTP,SuPhamVatLy
B00,27.25,INFP,SuPhamSinhHoc
C01,22.0,ESTP,Luat_KinhTe
B00,27.25,ESTJ,SuPhamHoaHoc
A00,27.25,ISTJ,SuPhamVatLy
A00,26.35,ESFP,GiaoDucTieuHoc
D15,23.75,ENFJ,NgoaiNgu
D01,25.5,INFJ,NgoaiNgu
D09,23.25,INFJ,XaHoiNhanVan
D01,20.85,ISTP,CongNgheThongTin_TruyenThong
A00,29.5,INTJ,SuPhamToanHoc
A00,27.25,INTP,SuPhamVatLy
X01,20.95,ESFJ,XaHoiNhanVan
C01,20.5,ISTJ,KyThuat_CongNghe
A01,27.75,INTJ,SuPhamVatLy
B00,26.25,ISTJ,SuPhamKhoaHocTuNhien
A00,16.35,INFJ,NongNghiep_MoiTruong_ThuySan
D01,19.5,ISTJ,Luat_KinhTe
D14,27.0,ESFJ,SuPhamTiengAnh
C01,23.5,INTJ,Luat_KinhTe
D01,20.75,ENTJ,Luat_KinhTe
D01,28.5,ENFP,SuPhamTiengAnh
C02,22.75,ESTJ,Luat_KinhTe
C01,19.35,ENTJ,KyThuat_CongNghe
A00,25.5,INTJ,CongNgheThongTin_TruyenThong
D07,17.85,ESTP,KyThuat_CongNghe
A01,24.0,INTJ,KyThuat_CongNghe
D01,23.25,ENTP,NgoaiNgu
A01,21.0,INTJ,CongNgheThongTin_TruyenThong
D14,27.75,INFJ,SuPhamTiengAnh
A00,28.5,INTJ,SuPhamToanHoc
D01,24.5,ESTJ,SuPhamTinHoc
A00,20.35,ISFP,NongNghiep_MoiTruong_ThuySan
A00,26.0,INTJ,SuPhamTinHoc
A00,26.75,INTJ,SuPhamKhoaHocTuNhien
B00,26.0,ISFJ,SuPhamSinhHoc
A00,28.0,ISTJ,SuPhamToanHoc
D14,24.1,ESFP,NgoaiNgu
A00,27.75,ISTJ,SuPhamVatLy
A01,26.5,INTJ,SuPhamKhoaHocTuNhien
A01,24.75,ENTJ,KyThuat_CongNghe
D01,20.5,ENTJ,CongNgheThongTin_TruyenThong
C02,21.75,ENTP,Luat_KinhTe
A00,27.0,ESTJ,SuPhamKhoaHocTuNhien
B00,29.0,INTP,SuPhamHoaHoc
A00,28.0,ENTJ,SuPhamToanHoc
B00,25.75,ISFJ,SuPhamSinhHoc
D01,27.0,ENFJ,SuPhamTiengAnh
A00,28.0,INTP,SuPhamVatLy
D14,26.0,INFJ,SuPhamTiengPhap
A01,20.6,ISTJ,KhoaHocTuNhien
D01,24.25,ESFJ,SuPhamTiengPhap
C01,17.6,ISTP,KyThuat_CongNghe
D01,20.25,ESTP,Luat_KinhTe
A00,27.75,ESTJ,SuPhamToanHoc
D14,27.5,ENTP,SuPhamTiengAnh
A00,27.0,ISTJ,SuPhamKhoaHocTuNhien
D01,25.25,ENFJ,NgoaiNgu
B03,26.75,INTJ,SuPhamSinhHoc
B00,26.0,ENFJ,SuPhamSinhHoc
A01,26.0,ISTJ,KhoaHocTuNhien
C01,24.25,ENTJ,KyThuat_CongNghe
D01,19.0,ESTP,CongNgheThongTin_TruyenThong
A00,27.25,ENFP,GiaoDucTieuHoc
B03,26.25,ISFJ,SuPhamSinhHoc
D01,24.25,ESFJ,SuPhamTiengPhap
D01,23.5,ESFP,NgoaiNgu
D01,20.35,INTJ,CongNgheThongTin_TruyenThong
A01,20.25,ISTP,KhoaHocTuNhien
D01,25.0,ENFJ,SuPhamTiengPhap
A01,23.0,ESTP,CongNgheThongTin_TruyenThong
A00,28.75,INTP,SuPhamVatLy
A00,28.5,INTJ,SuPhamHoaHoc
D14,27.5,ENFP,SuPhamTiengAnh
D01,21.25,ENTJ,CongNgheThongTin_TruyenThong
A00,27.25,ESTJ,SuPhamHoaHoc
D01,20.25,ENTP,CongNgheThongTin_TruyenThong
C01,21.75,ENTJ,KyThuat_CongNghe
C01,25.5,ISTJ,KyThuat_CongNghe
D01,25.5,ENFJ,NgoaiNgu
C01,26.25,ESFJ,GiaoDucTieuHoc
A00,26.75,ESFJ,GiaoDucTieuHoc
D15,28.25,ENFJ,SuPhamTiengAnh
B03,25.75,INFJ,SuPhamSinhHoc
A00,25.0,INTP,SuPhamTinHoc
A00,29.0,ENTJ,SuPhamToanHoc
C02,20.0,INTJ,Luat_KinhTe
C02,16.25,ISFJ,NongNghiep_MoiTruong_ThuySan
A00,28.5,INTP,SuPhamVatLy
B00,27.0,ISFJ,SuPhamSinhHoc
C01,22.5,ENFJ,XaHoiNhanVan
A00,21.25,INTJ,CongNgheThongTin_TruyenThong
D14,27.25,INFJ,SuPhamTiengAnh
C01,25.0,ISFJ,XaHoiNhanVan
D01,24.0,ENFJ,NgoaiNgu
D01,24.5,INFJ,NgoaiNgu
D01,24.25,ISTJ,KhoaHocTuNhien
B00,27.25,ESTJ,SuPhamHoaHoc
A00,27.5,INTJ,SuPhamVatLy
A01,22.25,ENTJ,CongNgheThongTin_TruyenThong
D15,27.5,ENFJ,SuPhamTiengAnh
A00,29.0,INTJ,SuPhamHoaHoc
D01,20.1,ESTP,CongNgheThongTin_TruyenThong
C01,19.75,ENTJ,KyThuat_CongNghe
A00,27.5,ISTJ,SuPhamVatLy
C01,26.25,ESFJ,GiaoDucTieuHoc
C01,16.25,ISTJ,KyThuat_CongNghe
C01,20.35,ESTP,KyThuat_CongNghe
A00,27.75,INTP,SuPhamToanHoc
A00,26.5,ENFJ,GiaoDucTieuHoc
D01,25.25,ESTJ,SuPhamTinHoc
D01,22.75,INTJ,Luat_KinhTe
C01,26.0,INFP,XaHoiNhanVan
C02,19.7,ISFP,NongNghiep_MoiTruong_ThuySan
X70,20.1,ESFJ,XaHoiNhanVan
D14,23.25,ISFJ,SuPhamTiengPhap
C02,22.0,INFJ,NongNghiep_MoiTruong_ThuySan
A00,28.0,ESTJ,SuPhamTinHoc
D01,24.25,ISTP,CongNgheThongTin_TruyenThong
C01,26.75,ENFP,GiaoDucTieuHoc
D01,23.5,ISFJ,SuPhamTiengPhap
A00,28.25,ENTJ,SuPhamToanHoc
A00,27.25,ISTJ,SuPhamVatLy
D01,25.5,ENTP,SuPhamTinHoc
C01,24.25,ESTP,KyThuat_CongNghe
C02,21.75,ESTJ,NongNghiep_MoiTruong_ThuySan
C00,18.5,ESTJ,Luat_KinhTe
D01,23.75,ISTJ,KhoaHocTuNhien
C01,26.5,ISFJ,GiaoDucTieuHoc
D01,24.5,ESFJ,SuPhamTiengPhap
A00,27.0,ESTJ,SuPhamKhoaHocTuNhien
A00,27.75,ESTJ,SuPhamVatLy
D01,23.35,INTJ,CongNgheThongTin_TruyenThong
A00,27.75,ISTJ,SuPhamHoaHoc
D01,21.25,INTJ,Luat_KinhTe
D01,27.25,ENTP,SuPhamTiengAnh
B00,27.5,ENFJ,SuPhamSinhHoc
X01,22.5,INTJ,Luat_KinhTe
A01,26.75,INTP,SuPhamKhoaHocTuNhien
D01,18.5,ESFJ,NongNghiep_MoiTruong_ThuySan
D14,23.5,ESFP,NgoaiNgu
A00,28.0,ENFJ,GiaoDucTieuHoc
A01,27.75,ISTP,SuPhamTinHoc
A00,24.5,ENTP,SuPhamTinHoc
C01,20.85,ESTJ,Luat_KinhTe
C02,24.0,ISTJ,Luat_KinhTe
A00,28.25,ESTJ,SuPhamHoaHoc
C02,19.25,INTJ,KhoaHocTuNhien
D15,26.0,ENFJ,NgoaiNgu
D14,25.25,ENFJ,NgoaiNgu
A00,27.25,ISTJ,SuPhamVatLy
D01,24.5,ENTP,SuPhamTinHoc
A00,27.5,ISTJ,SuPhamVatLy
B00,26.5,ENFJ,SuPhamSinhHoc
A00,27.5,ESTJ,SuPhamHoaHoc
C01,24.5,ENFP,XaHoiNhanVan
B03,26.0,ENFJ,SuPhamSinhHoc
B00,26.0,INFJ,SuPhamKhoaHocTuNhien
D15,24.25,ENTP,NgoaiNgu
A01,20.35,INTJ,CongNgheThongTin_TruyenThong
D14,23.0,ENFJ,NgoaiNgu
A00,28.25,ESTJ,SuPhamToanHoc
A00,27.25,INTP,SuPhamKhoaHocTuNhien
C02,18.5,ISFP,NongNghiep_MoiTruong_ThuySan
A00,24.35,ENTJ,CongNgheThongTin_TruyenThong
D14,25.25,ESFJ,NgoaiNgu
D01,24.25,ENTP,NgoaiNgu
A01,27.0,INTJ,SuPhamKhoaHocTuNhien
A00,24.5,ISTP,SuPhamTinHoc
A01,26.5,INTJ,SuPhamKhoaHocTuNhien
A00,28.0,ENFP,GiaoDucTieuHoc
C01,21.5,ENTJ,KyThuat_CongNghe
A00,28.5,INTP,SuPhamKhoaHocTuNhien
A00,25.5,ENTP,SuPhamTinHoc
B03,25.75,INFJ,SuPhamSinhHoc
B00,26.25,INFJ,SuPhamSinhHoc
D01,26.75,ISFJ,GiaoDucTieuHoc
A01,27.25,INFJ,SuPhamKhoaHocTuNhien
A00,26.5,ESFJ,GiaoDucTieuHoc
A00,29.5,INTJ,SuPhamVatLy
D14,27.5,ENFJ,SuPhamTiengAnh
A00,28.5,INTP,SuPhamVatLy
D07,20.25,ISTP,KhoaHocTuNhien
A00,27.75,INTJ,SuPhamVatLy
C02,22.0,ISFJ,XaHoiNhanVan
A00,27.5,INTP,SuPhamVatLy
A00,27.75,INTJ,SuPhamHoaHoc
A00,24.5,ISTP,SuPhamTinHoc
D01,24.0,ISTP,KhoaHocTuNhien
D14,22.75,ENFJ,SuPhamTiengPhap
A00,27.5,INTP,SuPhamHoaHoc
D14,22.75,ESFJ,SuPhamTiengPhap
D01,22.75,ENFP,SuPhamTiengPhap
D01,20.0,ESTJ,Luat_KinhTe
C02,23.25,ISTJ,KhoaHocTuNhien
A01,27.5,INTP,SuPhamVatLy
D14,27.75,ESFJ,SuPhamTiengAnh
A00,27.75,INTJ,SuPhamToanHoc
B00,28.25,ESTJ,SuPhamHoaHoc
B03,26.25,ISFJ,SuPhamSinhHoc
D01,23.5,ESFJ,NgoaiNgu
C02,26.75,ENFP,XaHoiNhanVan
D01,23.25,ESFJ,NgoaiNgu
A01,28.0,ISTJ,SuPhamToanHoc
D01,22.35,INTP,KhoaHocTuNhien
C01,26.75,ESFP,GiaoDucTieuHoc
D14,23.0,ESFP,NgoaiNgu
C02,20.25,ENTP,KhoaHocTuNhien
A00,27.5,ESTJ,SuPhamHoaHoc
B03,26.5,INFJ,SuPhamSinhHoc
C01,20.1,ENTJ,Luat_KinhTe
D01,26.25,ENFP,GiaoDucTieuHoc
D01,25.5,ESFJ,SuPhamTiengPhap
A00,28.25,INTP,SuPhamHoaHoc
D01,26.25,INTP,SuPhamTinHoc
B00,23.0,ISTP,KhoaHocTuNhien
A00,27.25,INTP,SuPhamHoaHoc
A00,28.0,INTJ,SuPhamHoaHoc
D01,19.25,INTP,CongNgheThongTin_TruyenThong
C01,21.6,INFJ,XaHoiNhanVan
D01,20.25,ENTP,Luat_KinhTe
A00,26.25,INTJ,SuPhamTinHoc
X01,20.75,ENTJ,Luat_KinhTe
A00,29.5,ESTJ,SuPhamVatLy
A00,29.0,ESTJ,SuPhamToanHoc
A00,27.75,ISTJ,SuPhamVatLy
B00,28.0,INTJ,SuPhamHoaHoc
A00,27.75,ESTJ,SuPhamVatLy
A00,28.5,INTJ,SuPhamToanHoc
A00,29.0,INTJ,SuPhamToanHoc
D01,23.0,ISFJ,SuPhamTiengPhap
C01,27.25,ISFJ,GiaoDucTieuHoc
A00,28.0,ISTJ,SuPhamVatLy
D01,21.75,ISFJ,NongNghiep_MoiTruong_ThuySan
A01,15.7,ESFJ,NongNghiep_MoiTruong_ThuySan
B00,28.25,INTJ,SuPhamSinhHoc
A01,28.0,INTJ,SuPhamToanHoc
A00,28.75,INTJ,SuPhamVatLy
D15,27.25,ENTP,SuPhamTiengAnh
A00,27.75,INTP,SuPhamHoaHoc
D14,26.25,ESFJ,NgoaiNgu
A00,29.0,INTP,SuPhamToanHoc
A00,27.25,INTJ,SuPhamVatLy
B00,26.5,ISFJ,SuPhamSinhHoc
D14,26.25,ENFP,NgoaiNgu
A00,20.25,INTJ,CongNgheThongTin_TruyenThong
A00,27.75,ESTJ,SuPhamToanHoc
A01,18.0,INTP,KhoaHocTuNhien
D01,24.5,INTP,SuPhamTinHoc
B00,27.25,INTP,SuPhamHoaHoc
A01,20.75,ESTP,Luat_KinhTe
D01,19.1,INTJ,Luat_KinhTe
D01,24.75,INFJ,NgoaiNgu
B00,27.5,INFJ,SuPhamSinhHoc
C01,20.85,ISTJ,Luat_KinhTe
C02,26.0,ENFJ,XaHoiNhanVan
D01,26.25,INFP,XaHoiNhanVan
D01,24.25,INTJ,CongNgheThongTin_TruyenThong
C02,22.25,ENFJ,XaHoiNhanVan
B00,26.5,INFP,SuPhamSinhHoc
B00,26.0,ESTJ,SuPhamKhoaHocTuNhien
C01,26.75,ESFJ,GiaoDucTieuHoc
D01,18.75,ISTP,CongNgheThongTin_TruyenThong
C01,17.5,INTJ,KyThuat_CongNghe
A00,28.75,ISTJ,SuPhamVatLy
C01,21.0,ENTJ,KyThuat_CongNghe
A01,15.85,ISTP,KyThuat_CongNghe
D01,20.25,INTP,CongNgheThongTin_TruyenThong
D01,19.0,ISTJ,KhoaHocTuNhien
D01,20.5,ISFJ,NongNghiep_MoiTruong_ThuySan
D01,23.5,ISFJ,SuPhamTiengPhap
A01,28.0,INTJ,SuPhamToanHoc
D01,24.5,ESTJ,SuPhamTinHoc
A00,26.25,ISFJ,GiaoDucTieuHoc
B00,26.0,ISTJ,SuPhamKhoaHocTuNhien
C01,27.25,ESFJ,GiaoDucTieuHoc
D15,27.25,INFJ,SuPhamTiengAnh
D01,23.85,INFP,XaHoiNhanVan
B00,26.25,ISTJ,SuPhamKhoaHocTuNhien
D01,22.0,ESFJ,NongNghiep_MoiTruong_ThuySan
D01,19.1,ENTJ,CongNgheThongTin_TruyenThong
D14,22.75,ESFJ,SuPhamTiengPhap
A00,28.0,ESTJ,SuPhamVatLy
B03,20.75,ISTP,KhoaHocTuNhien
D01,20.0,ISTP,CongNgheThongTin_TruyenThong
D14,27.5,ENTP,SuPhamTiengAnh
A00,26.25,ENFP,GiaoDucTieuHoc
B00,27.25,INFP,SuPhamSinhHoc
A00,27.75,INTP,SuPhamToanHoc
D01,19.25,ISFP,NongNghiep_MoiTruong_ThuySan
A01,24.6,ESTJ,SuPhamTinHoc
B03,26.0,ISFJ,SuPhamSinhHoc
C02,24.25,ISFJ,XaHoiNhanVan
D01,20.5,ISTJ,KhoaHocTuNhien
A00,28.25,ESTJ,SuPhamToanHoc
A01,27.25,INFJ,SuPhamKhoaHocTuNhien
C02,19.0,INFJ,NongNghiep_MoiTruong_ThuySan
D14,25.5,ENFP,SuPhamTiengPhap
D01,23.35,ENFP,NgoaiNgu
D01,23.75,INTP,CongNgheThongTin_TruyenThong
A00,27.5,INFJ,SuPhamKhoaHocTuNhien
C01,23.0,ESTP,KyThuat_CongNghe
D15,27.25,ESFJ,SuPhamTiengAnh
D01,23.75,INTJ,KhoaHocTuNhien
A01,27.75,INTP,SuPhamTinHoc
C01,20.5,INTP,KyThuat_CongNghe
D14,24.25,INFJ,SuPhamTiengPhap
A01,17.5,INFJ,NongNghiep_MoiTruong_ThuySan
D01,22.75,ISFJ,SuPhamTiengPhap
D01,23.75,ESTP,CongNgheThongTin_TruyenThong
A00,25.25,INTJ,SuPhamTinHoc
D01,23.75,INTJ,KhoaHocTuNhien
A00,27.5,INTJ,SuPhamHoaHoc
C02,23.1,ENTP,Luat_KinhTe
C01,18.6,INTP,KyThuat_CongNghe
C01,19.6,ESTP,KyThuat_CongNghe
D07,22.75,INTJ,CongNgheThongTin_TruyenThong
C01,27.25,ESFP,GiaoDucTieuHoc
A01,22.75,INTP,KhoaHocTuNhien
D01,25.5,INTP,SuPhamTinHoc
C01,19.25,ISTJ,KyThuat_CongNghe
D01,26.75,ISFJ,GiaoDucTieuHoc
C02,21.0,INTP,KhoaHocTuNhien
C01,21.6,ESTJ,Luat_KinhTe
A00,27.75,ISTJ,SuPhamToanHoc
D15,23.75,ENFJ,NgoaiNgu
B00,25.75,INFJ,SuPhamSinhHoc
A01,20.35,INTJ,CongNgheThongTin_TruyenThong
C01,18.6,ISTJ,Luat_KinhTe
A00,25.0,INTP,CongNgheThongTin_TruyenThong
A00,26.0,INTJ,SuPhamKhoaHocTuNhien
A00,26.0,ISTJ,SuPhamKhoaHocTuNhien
D01,27.0,INFJ,SuPhamTiengAnh
A01,19.1,INTJ,KyThuat_CongNghe
B00,29.0,INTP,SuPhamHoaHoc
D01,27.25,ENTP,SuPhamTiengAnh
A01,25.0,ESTJ,SuPhamTinHoc
A00,25.25,INTP,SuPhamTinHoc
D01,25.25,ISTJ,Luat_KinhTe
C01,23.25,INTP,KyThuat_CongNghe
A01,28.0,INTP,SuPhamVatLy
A00,28.75,INTP,SuPhamVatLy
A00,26.75,INFJ,SuPhamKhoaHocTuNhien
D01,21.6,INTJ,CongNgheThongTin_TruyenThong
D01,20.75,ISTP,KhoaHocTuNhien
D01,25.5,ENFJ,SuPhamTiengPhap
A01,25.25,INTP,SuPhamTinHoc
B00,27.25,INTJ,SuPhamHoaHoc
D01,26.5,ESTJ,SuPhamTinHoc
D01,25.0,ENFJ,NgoaiNgu
C01,26.5,ENFJ,GiaoDucTieuHoc
B03,26.0,ENFJ,SuPhamSinhHoc
D01,20.5,ENTP,KhoaHocTuNhien
D14,23.75,ENFP,SuPhamTiengPhap
D01,25.75,ESFP,NgoaiNgu
A00,28.0,ENTJ,SuPhamToanHoc
A00,27.75,ISTJ,SuPhamHoaHoc
D14,23.25,ENFJ,SuPhamTiengPhap
A00,27.5,ISTJ,SuPhamVatLy
A00,27.5,INTP,SuPhamVatLy
A01,20.5,ISFJ,NongNghiep_MoiTruong_ThuySan
D01,16.75,ISTP,NongNghiep_MoiTruong_ThuySan
C02,22.0,INFJ,NongNghiep_MoiTruong_ThuySan
A00,28.75,ENTJ,SuPhamToanHoc
A00,27.25,INTJ,SuPhamHoaHoc
A01,28.25,ENTJ,SuPhamToanHoc
D01,22.75,ENFP,SuPhamTiengPhap
B03,25.75,INTJ,SuPhamSinhHoc
C00,25.25,INFJ,XaHoiNhanVan
C00,22.5,INFP,XaHoiNhanVan
D01,26.25,ENFP,GiaoDucTieuHoc
D01,25.0,ENTP,SuPhamTinHoc
D14,27.25,ENFP,SuPhamTiengAnh
D07,21.0,INTJ,KhoaHocTuNhien
A01,27.5,ESTJ,SuPhamVatLy
D01,25.0,ISTP,SuPhamTinHoc
C01,26.25,ESFJ,GiaoDucTieuHoc
A01,20.35,ISTJ,KhoaHocTuNhien
D14,27.25,ENTP,SuPhamTiengAnh
A00,26.5,ESTJ,SuPhamKhoaHocTuNhien
B00,27.25,ISTJ,SuPhamHoaHoc
C01,18.75,INTJ,KyThuat_CongNghe
B00,20.45,ENTP,KhoaHocTuNhien
D01,18.25,ESTJ,NongNghiep_MoiTruong_ThuySan
B03,25.75,ISFJ,SuPhamSinhHoc
D01,24.5,ISTP,SuPhamTinHoc
B00,28.25,ESTJ,SuPhamHoaHoc
D01,25.75,ENTP,SuPhamTinHoc
C01,23.25,INFJ,XaHoiNhanVan
C01,26.75,ISFJ,GiaoDucTieuHoc
C01,23.25,INTJ,Luat_KinhTe
B00,27.0,INTP,SuPhamKhoaHocTuNhien
D01,19.5,ENTJ,CongNgheThongTin_TruyenThong
D14,23.25,ESFP,NgoaiNgu
D01,20.25,ESTP,CongNgheThongTin_TruyenThong
C01,25.75,INFJ,XaHoiNhanVan
D01,20.5,INTJ,CongNgheThongTin_TruyenThong
C01,27.0,ESTP,KyThuat_CongNghe
D15,24.5,INFJ,NgoaiNgu
A01,24.75,ISTP,SuPhamTinHoc
C02,24.1,ISTJ,KhoaHocTuNhien
A00,27.75,ESTJ,SuPhamKhoaHocTuNhien
B00,28.0,ISFJ,SuPhamSinhHoc
B00,27.0,INFJ,SuPhamSinhHoc
D01,21.75,ISTJ,KhoaHocTuNhien
D01,26.75,ENTP,NgoaiNgu
D01,21.75,ISFJ,NongNghiep_MoiTruong_ThuySan
A00,26.0,INTP,SuPhamTinHoc
D01,25.25,INTJ,SuPhamTinHoc
D14,27.25,ENFP,SuPhamTiengAnh
B00,27.75,INTP,SuPhamHoaHoc
D01,21.5,ESTP,CongNgheThongTin_TruyenThong
A00,25.35,INTJ,SuPhamTinHoc
D15,27.5,ENFJ,SuPhamTiengAnh
D01,27.25,ENFJ,SuPhamTiengAnh
D14,24.75,ENFJ,NgoaiNgu
D01,22.25,ENTJ,Luat_KinhTe
D01,23.25,ENTP,NgoaiNgu
D01,19.25,ISTJ,KhoaHocTuNhien
B03,26.0,INFP,SuPhamSinhHoc
C01,22.75,INFJ,XaHoiNhanVan
D14,25.25,ESFJ,NgoaiNgu
D14,27.0,ESFJ,SuPhamTiengAnh
B00,27.25,INTP,SuPhamHoaHoc
B00,25.75,INTJ,SuPhamSinhHoc
D14,27.25,INFJ,SuPhamTiengAnh
C02,15.35,INFJ,NongNghiep_MoiTruong_ThuySan
D15,27.0,ESFJ,SuPhamTiengAnh
A00,28.5,INTP,SuPhamHoaHoc
B03,26.25,INFP,SuPhamSinhHoc
A01,26.0,ESTJ,SuPhamKhoaHocTuNhien
A00,26.0,ISTJ,SuPhamKhoaHocTuNhien
D14,27.5,ENTP,SuPhamTiengAnh
C01,16.0,ESTP,KyThuat_CongNghe
B03,25.75,ISFJ,SuPhamSinhHoc
D01,26.0,ESFJ,SuPhamTiengPhap
A01,27.75,INTJ,SuPhamVatLy
D01,24.25,ENTP,NgoaiNgu
B03,26.0,INFJ,SuPhamSinhHoc
X01,19.75,ESTJ,Luat_KinhTe
D07,28.5,INTJ,SuPhamHoaHoc
D01,23.25,ENFJ,SuPhamTiengPhap
A00,27.5,ISTJ,SuPhamHoaHoc
D15,23.0,INFJ,NgoaiNgu
A01,27.75,ISTJ,SuPhamToanHoc
D01,25.75,ESTJ,SuPhamTinHoc
A00,28.25,INTJ,SuPhamHoaHoc
A00,27.25,ISTJ,SuPhamHoaHoc
A00,29.5,ENTJ,SuPhamToanHoc
A01,27.75,INTJ,SuPhamToanHoc
D01,19.0,INTJ,CongNgheThongTin_TruyenThong
D01,27.0,ENFJ,SuPhamTiengAnh
A01,26.5,ENTP,SuPhamTinHoc
D14,23.5,ESFJ,NgoaiNgu
A01,26.75,INTP,SuPhamKhoaHocTuNhien
D01,24.75,INTJ,SuPhamTinHoc
A01,26.25,INFJ,SuPhamKhoaHocTuNhien
A01,24.5,ESTJ,Luat_KinhTe
A00,28.5,ISTJ,SuPhamVatLy
C01,17.75,INTJ,KyThuat_CongNghe
C01,19.75,ISTP,KyThuat_CongNghe
A00,24.75,INTP,SuPhamTinHoc
C02,22.6,ISFJ,XaHoiNhanVan
C02,21.5,INTJ,KhoaHocTuNhien
C01,27.0,ENFP,GiaoDucTieuHoc
A00,26.25,INTJ,SuPhamTinHoc
C02,21.75,ISTJ,KhoaHocTuNhien
D01,24.5,ENFP,NgoaiNgu
D01,24.5,ESFJ,SuPhamTiengPhap
A01,27.75,ENTJ,SuPhamToanHoc
D14,28.25,ENFP,SuPhamTiengAnh
A00,18.75,ESFJ,NongNghiep_MoiTruong_ThuySan
D15,28.75,INFJ,SuPhamTiengAnh
D01,23.25,ESFJ,SuPhamTiengPhap
A01,28.5,INTP,SuPhamVatLy
A00,28.75,ISTJ,SuPhamVatLy
C01,26.25,INTJ,KyThuat_CongNghe
D01,20.25,INTP,CongNgheThongTin_TruyenThong
D01,23.75,ENTJ,CongNgheThongTin_TruyenThong
B00,27.0,ISFJ,SuPhamSinhHoc
D01,23.0,ENTP,Luat_KinhTe
D01,19.75,ENTP,Luat_KinhTe
D01,23.5,ENTP,NgoaiNgu
A00,28.75,INTP,SuPhamToanHoc
A00,27.75,ISTJ,SuPhamToanHoc
A02,21.25,ENTP,KhoaHocTuNhien
B00,19.5,ISFJ,NongNghiep_MoiTruong_ThuySan
D01,24.75,ENFP,SuPhamTiengPhap
C00,21.75,ENTP,Luat_KinhTe
A00,27.5,ISTJ,SuPhamHoaHoc
C01,22.5,ISTP,KyThuat_CongNghe
A01,17.5,INFJ,NongNghiep_MoiTruong_ThuySan
D01,25.25,ESTJ,SuPhamTinHoc
A01,25.25,INTJ,SuPhamTinHoc
A01,22.5,ENTJ,KyThuat_CongNghe
A01,18.6,INTJ,KhoaHocTuNhien
A00,27.25,INTJ,SuPhamHoaHoc
X01,20.75,ISFJ,XaHoiNhanVan
D01,18.6,INTJ,CongNgheThongTin_TruyenThong
D01,25.5,ENTP,SuPhamTinHoc
C02,25.5,INTJ,KhoaHocTuNhien
A00,27.35,ISTJ,SuPhamVatLy
D14,23.75,ESFJ,SuPhamTiengPhap
D15,27.25,ENFP,SuPhamTiengAnh
C02,26.0,ESTJ,Luat_KinhTe
A00,26.0,ISTJ,SuPhamKhoaHocTuNhien
A00,27.75,ISTJ,SuPhamHoaHoc
D15,27.5,ENTP,SuPhamTiengAnh
A00,28.0,ENTJ,SuPhamToanHoc
A01,22.75,INTJ,KyThuat_CongNghe
D14,23.25,ESFJ,SuPhamTiengPhap
D01,26.25,ISFJ,GiaoDucTieuHoc
C01,26.25,ESFP,GiaoDucTieuHoc
A01,20.0,ENTJ,KyThuat_CongNghe
C01,26.75,ESFJ,GiaoDucTieuHoc
A00,22.6,ENTP,KhoaHocTuNhien
A00,28.0,INFJ,SuPhamKhoaHocTuNhien
C02,16.5,INFJ,NongNghiep_MoiTruong_ThuySan
A00,28.0,INTJ,SuPhamVatLy
B00,26.0,ENFJ,SuPhamSinhHoc
D01,23.0,ISFP,NongNghiep_MoiTruong_ThuySan
D01,24.0,ENFP,NgoaiNgu
A00,26.5,INTJ,SuPhamKhoaHocTuNhien
X01,22.0,ENTP,Luat_KinhTe
B00,26.0,INFJ,SuPhamKhoaHocTuNhien
A00,26.5,ESFJ,GiaoDucTieuHoc
B00,26.0,INTJ,SuPhamKhoaHocTuNhien
B00,26.25,ISFJ,SuPhamSinhHoc
C00,18.85,ISTJ,Luat_KinhTe
A00,27.5,INTP,SuPhamHoaHoc
C01,26.25,ENFJ,GiaoDucTieuHoc
D01,24.5,INFJ,NgoaiNgu
D01,24.0,ENFP,SuPhamTiengPhap
D01,25.25,ESFP,NgoaiNgu
D01,24.75,ISFJ,SuPhamTiengPhap
C01,24.0,INFJ,XaHoiNhanVan
D01,20.75,INTP,KhoaHocTuNhien
B00,27.5,INTJ,SuPhamHoaHoc
D01,25.35,ESFP,NgoaiNgu
A00,20.75,INTP,CongNgheThongTin_TruyenThong
D14,24.5,ENFJ,SuPhamTiengPhap
A00,28.0,INTJ,SuPhamVatLy
A01,22.25,ESTP,KyThuat_CongNghe
B00,27.75,ESTJ,SuPhamHoaHoc
D01,18.25,ISFJ,NongNghiep_MoiTruong_ThuySan
C01,24.25,INFP,XaHoiNhanVan
D01,23.75,ENTP,NgoaiNgu
A01,27.25,INTJ,SuPhamVatLy
C02,16.25,ESTJ,NongNghiep_MoiTruong_ThuySan
D01,22.75,ESFJ,SuPhamTiengPhap
A00,26.5,ESFP,GiaoDucTieuHoc
D01,19.5,ESTP,Luat_KinhTe
X01,19.85,ESFJ,XaHoiNhanVan
A00,28.75,ESTJ,SuPhamVatLy
D01,19.25,ISTJ,KhoaHocTuNhien
C01,17.25,ISTJ,KyThuat_CongNghe
A01,27.25,INTJ,SuPhamVatLy
A01,26.5,INTP,SuPhamKhoaHocTuNhien
A01,22.25,INTP,CongNgheThongTin_TruyenThong
A01,27.75,ESTJ,SuPhamToanHoc
B03,25.75,ENFJ,SuPhamSinhHoc
C02,21.0,ISTJ,KhoaHocTuNhien
D01,19.25,ISTP,CongNgheThongTin_TruyenThong
A01,18.25,ENTP,KhoaHocTuNhien
D01,23.5,ISFJ,SuPhamTiengPhap
A00,27.35,ISTJ,SuPhamHoaHoc
C01,22.25,ENTJ,KyThuat_CongNghe
C01,26.25,ENFJ,GiaoDucTieuHoc
C00,23.0,ENFJ,XaHoiNhanVan
A00,26.5,ENFJ,GiaoDucTieuHoc
D01,23.0,ENFJ,SuPhamTiengPhap
D01,22.75,ENFP,SuPhamTiengPhap
C01,25.75,ENTJ,Luat_KinhTe
A00,28.75,INTJ,SuPhamToanHoc
C01,24.0,INTJ,KyThuat_CongNghe
A00,27.75,ISTJ,SuPhamToanHoc
A01,26.25,ESTJ,SuPhamTinHoc
D01,24.75,ESTJ,SuPhamTinHoc
A00,22.0,INTP,KhoaHocTuNhien
D14,24.6,ENFJ,SuPhamTiengPhap
A01,26.0,ISTJ,SuPhamKhoaHocTuNhien
A00,26.75,ESFP,GiaoDucTieuHoc
C01,19.5,ESTJ,Luat_KinhTe
D01,23.5,ENFJ,SuPhamTiengPhap
A01,20.0,ENTJ,KyThuat_CongNghe
C01,24.75,ENFJ,XaHoiNhanVan
A01,27.25,INTP,SuPhamVatLy
A00,27.5,ISTJ,SuPhamVatLy
A00,27.25,ENFJ,GiaoDucTieuHoc
A01,21.0,INTJ,KyThuat_CongNghe
D14,23.25,ESFP,NgoaiNgu
B00,27.75,INFJ,SuPhamSinhHoc
A01,16.0,ISFJ,NongNghiep_MoiTruong_ThuySan
A01,16.35,ISFJ,NongNghiep_MoiTruong_ThuySan
X01,20.25,ESTP,Luat_KinhTe
C02,25.0,ISFJ,XaHoiNhanVan
B03,25.85,INTJ,SuPhamSinhHoc
D01,20.5,ENTJ,Luat_KinhTe
B00,26.5,INTJ,SuPhamKhoaHocTuNhien
X01,18.85,ENTP,Luat_KinhTe
D01,16.75,ESFJ,NongNghiep_MoiTruong_ThuySan
A00,28.5,ENTJ,SuPhamToanHoc
B03,26.5,INFP,SuPhamSinhHoc
C01,24.25,ENFJ,XaHoiNhanVan
X01,19.0,ENTJ,Luat_KinhTe
A00,28.0,ESTJ,SuPhamHoaHoc
D01,24.25,ENTP,CongNgheThongTin_TruyenThong
A01,23.25,INTJ,Luat_KinhTe
D15,24.25,INFJ,NgoaiNgu
D01,25.0,ISFJ,SuPhamTiengPhap
B00,20.0,ISTP,KyThuat_CongNghe
C01,26.25,ISFJ,GiaoDucTieuHoc
C01,26.5,ESFJ,GiaoDucTieuHoc
C02,21.75,ESTJ,Luat_KinhTe
A00,26.25,ENTP,SuPhamTinHoc
D01,21.75,INTJ,KhoaHocTuNhien
A01,21.0,ISFP,NongNghiep_MoiTruong_ThuySan
C01,26.75,ESFJ,GiaoDucTieuHoc
D14,23.25,ENTP,NgoaiNgu
C00,22.25,ENFJ,XaHoiNhanVan
D01,22.5,ISTJ,KhoaHocTuNhien
C02,24.0,INFP,XaHoiNhanVan
D01,24.25,INFJ,SuPhamTiengPhap
C01,19.1,ISTJ,KyThuat_CongNghe
C02,19.5,ISTJ,KhoaHocTuNhien
C00,26.0,ISFJ,XaHoiNhanVan
B00,27.0,INTP,SuPhamKhoaHocTuNhien
C02,22.75,INTJ,KhoaHocTuNhien
D01,27.0,ENTP,SuPhamTiengAnh
B00,27.0,ENFJ,SuPhamSinhHoc
C01,23.75,ISTJ,Luat_KinhTe
A00,24.0,ESTP,KyThuat_CongNghe
A00,28.25,ENTJ,SuPhamToanHoc
C01,21.0,ISTJ,Luat_KinhTe
C01,23.75,INFJ,XaHoiNhanVan
C01,15.95,INTJ,KyThuat_CongNghe
C01,26.25,ENFP,GiaoDucTieuHoc
A00,28.25,ESTJ,SuPhamHoaHoc
D01,25.5,ISFJ,SuPhamTiengPhap
A01,22.5,ENFJ,XaHoiNhanVan
B00,27.75,INTP,SuPhamKhoaHocTuNhien
A00,27.25,ISTJ,SuPhamHoaHoc
D01,25.25,INTP,SuPhamTinHoc
A01,23.0,ISTJ,KhoaHocTuNhien
D01,20.75,ENTP,KhoaHocTuNhien
D15,23.5,ENTP,NgoaiNgu
A00,26.75,INTJ,SuPhamKhoaHocTuNhien
C01,23.75,ESFJ,XaHoiNhanVan
D01,23.0,ESFJ,NgoaiNgu
A00,28.5,ESTJ,SuPhamVatLy
C02,18.35,INFJ,NongNghiep_MoiTruong_ThuySan
A00,20.25,INTP,CongNgheThongTin_TruyenThong
D14,23.0,ESFJ,SuPhamTiengPhap
C02,23.0,ISFJ,NongNghiep_MoiTruong_ThuySan
D14,24.75,ENFJ,SuPhamTiengPhap
A00,29.25,ENTJ,SuPhamToanHoc
D01,20.25,ISFJ,NongNghiep_MoiTruong_ThuySan
D15,22.5,ISFJ,XaHoiNhanVan
A01,28.5,INTJ,SuPhamVatLy
C01,23.25,ISTJ,Luat_KinhTe
B00,27.25,INFP,SuPhamSinhHoc
D01,27.0,INFJ,SuPhamTiengAnh
A00,28.0,ISTJ,SuPhamHoaHoc
A00,28.75,ISTJ,SuPhamToanHoc
C01,23.5,ESFJ,XaHoiNhanVan
D01,23.25,ISTP,CongNgheThongTin_TruyenThong
B00,28.5,ISTJ,SuPhamHoaHoc
A01,28.0,INTJ,SuPhamVatLy
A01,26.0,ISTJ,SuPhamKhoaHocTuNhien
D14,24.5,ISFJ,SuPhamTiengPhap
C01,25.5,ESTJ,Luat_KinhTe
D01,19.25,ENTJ,Luat_KinhTe
D01,22.5,ENTP,CongNgheThongTin_TruyenThong
B03,26.25,INFP,SuPhamSinhHoc
D01,25.25,INTP,SuPhamTinHoc
D01,25.25,ISTP,SuPhamTinHoc
A00,27.25,INTJ,SuPhamHoaHoc
A01,22.5,ESFJ,XaHoiNhanVan
D01,27.25,ENFP,SuPhamTiengAnh
D14,24.75,ENFP,XaHoiNhanVan
A01,27.5,INTP,SuPhamVatLy
C01,23.5,ESFJ,XaHoiNhanVan
A00,27.25,INTJ,SuPhamVatLy
B00,28.25,INTJ,SuPhamHoaHoc
C01,27.0,ESFP,GiaoDucTieuHoc
D01,24.0,INTJ,KhoaHocTuNhien
A01,27.75,ESTJ,SuPhamVatLy
A01,24.75,ESTJ,SuPhamTinHoc
A01,27.75,ISTJ,SuPhamToanHoc
A00,27.75,INTJ,SuPhamKhoaHocTuNhien
A00,27.25,INTJ,SuPhamHoaHoc
C01,26.5,ESFJ,GiaoDucTieuHoc
D07,17.0,ISTP,NongNghiep_MoiTruong_ThuySan
A00,26.25,ESTJ,SuPhamKhoaHocTuNhien
D01,20.0,ENTP,KhoaHocTuNhien
A01,26.5,ISTJ,SuPhamKhoaHocTuNhien
B00,26.0,ISFJ,SuPhamSinhHoc
A00,21.1,ISTJ,KyThuat_CongNghe
D01,18.75,ISTP,NongNghiep_MoiTruong_ThuySan
A01,28.5,INTJ,SuPhamVatLy
B00,27.25,INFP,SuPhamSinhHoc
B00,27.75,ISTJ,SuPhamHoaHoc
D01,22.0,ISTP,CongNgheThongTin_TruyenThong
A01,27.25,ESTJ,SuPhamVatLy
C01,22.75,ISTJ,KyThuat_CongNghe
B00,26.75,INFJ,SuPhamKhoaHocTuNhien
D07,25.75,ESTJ,SuPhamTinHoc
A01,28.75,ESTJ,SuPhamToanHoc
D01,24.0,INFJ,NgoaiNgu
C02,23.75,ISTP,KhoaHocTuNhien
A00,28.0,INTP,SuPhamVatLy
D07,19.0,ESTP,KyThuat_CongNghe
A00,29.25,ISTJ,SuPhamToanHoc
A00,27.5,ESFJ,GiaoDucTieuHoc
A00,26.25,ESTJ,SuPhamKhoaHocTuNhien
A00,27.1,INTJ,SuPhamKhoaHocTuNhien
A00,21.1,INTJ,CongNgheThongTin_TruyenThong
A00,27.25,INTJ,SuPhamKhoaHocTuNhien
A01,27.0,INTP,SuPhamTinHoc
A01,27.75,ESTJ,SuPhamVatLy
A01,27.5,ISTJ,SuPhamKhoaHocTuNhien
C01,26.75,ENFJ,GiaoDucTieuHoc
D15,27.0,ENFP,SuPhamTiengAnh
D01,23.0,ISFJ,SuPhamTiengPhap
A00,26.75,ESTJ,SuPhamKhoaHocTuNhien
A00,26.25,ENTP,SuPhamTinHoc
B00,28.0,ISTJ,SuPhamHoaHoc
C01,22.85,ENFJ,XaHoiNhanVan
D14,27.75,INFJ,SuPhamTiengAnh
D01,25.0,ISFJ,SuPhamTiengPhap
X01,22.0,ENTP,Luat_KinhTe
A00,18.0,ENTJ,KyThuat_CongNghe
A01,21.0,INTP,KyThuat_CongNghe
D01,22.75,INTP,CongNgheThongTin_TruyenThong
D01,24.5,ESFJ,XaHoiNhanVan
C01,26.5,ISFJ,GiaoDucTieuHoc
D01,24.75,ISTJ,KhoaHocTuNhien
B00,26.5,INFP,SuPhamSinhHoc
B00,27.75,INTP,SuPhamKhoaHocTuNhien
D01,26.5,ENFJ,GiaoDucTieuHoc
D01,25.25,ENFP,SuPhamTiengPhap
C01,26.5,ENFP,GiaoDucTieuHoc
D01,24.6,ENTP,SuPhamTinHoc
D01,22.0,INTP,CongNgheThongTin_TruyenThong
A00,27.0,ISTJ,SuPhamKhoaHocTuNhien
X25,18.5,ESTJ,NongNghiep_MoiTruong_ThuySan
A00,29.25,INTJ,SuPhamHoaHoc
B03,26.25,INTJ,SuPhamSinhHoc
A00,27.75,ENTJ,SuPhamToanHoc
X25,17.25,ISFJ,NongNghiep_MoiTruong_ThuySan
D01,27.0,ESFP,GiaoDucTieuHoc
C01,26.25,ENFJ,GiaoDucTieuHoc
D09,24.25,ESFP,NgoaiNgu
D01,23.1,INFJ,NgoaiNgu
D14,25.0,ESFP,NgoaiNgu
A01,28.5,ISTJ,SuPhamToanHoc
A00,28.0,ISTJ,SuPhamHoaHoc
A01,26.25,ISTJ,SuPhamKhoaHocTuNhien
C01,17.6,ISTP,KyThuat_CongNghe
A00,23.1,ESTP,Luat_KinhTe
D15,25.75,INFJ,NgoaiNgu
A00,28.25,ESTJ,SuPhamToanHoc
A00,27.25,INTJ,SuPhamVatLy
D01,22.75,ISFJ,SuPhamTiengPhap
D01,16.25,ESTJ,NongNghiep_MoiTruong_ThuySan
D14,25.0,ESFJ,SuPhamTiengPhap
A00,22.0,ESTP,KyThuat_CongNghe
D01,23.25,ESFJ,SuPhamTiengPhap
A00,26.0,INTJ,SuPhamTinHoc
A00,29.25,ENTJ,SuPhamToanHoc
D01,24.25,ESFJ,NgoaiNgu
C01,24.75,INTJ,Luat_KinhTe
C01,23.0,INFJ,XaHoiNhanVan
A00,27.25,INTP,SuPhamVatLy
D01,20.0,ISTP,CongNgheThongTin_TruyenThong
A00,27.5,INTP,SuPhamVatLy
A00,19.35,INTJ,KyThuat_CongNghe
A00,18.35,ENTJ,KyThuat_CongNghe
A01,26.25,ISTJ,SuPhamKhoaHocTuNhien
B00,27.25,ESTJ,SuPhamHoaHoc
B00,27.25,INTJ,SuPhamHoaHoc
A01,18.35,ISTP,KyThuat_CongNghe
A00,26.25,ESTJ,SuPhamKhoaHocTuNhien
D01,23.75,INTJ,CongNgheThongTin_TruyenThong
B00,17.5,ESTP,KyThuat_CongNghe
D01,23.5,ESFJ,NgoaiNgu
B00,27.75,ENFJ,SuPhamSinhHoc
A00,26.75,INTJ,SuPhamKhoaHocTuNhien
B00,26.0,INFJ,SuPhamSinhHoc
A01,18.5,ESTP,CongNgheThongTin_TruyenThong
D15,25.25,ENTP,NgoaiNgu
D01,24.25,ENTP,CongNgheThongTin_TruyenThong
D01,24.0,ENFP,SuPhamTiengPhap
B00,28.0,ESTJ,SuPhamHoaHoc
A00,23.0,ENTP,CongNgheThongTin_TruyenThong
B00,26.75,INTJ,SuPhamSinhHoc
A01,27.25,ESTJ,SuPhamVatLy
D01,23.25,ISTP,KhoaHocTuNhien
A00,27.25,INFJ,SuPhamKhoaHocTuNhien
C02,23.25,ENTP,Luat_KinhTe
B00,26.75,INTP,SuPhamKhoaHocTuNhien
B03,25.75,ISFJ,SuPhamSinhHoc
A00,26.5,ESFP,GiaoDucTieuHoc
D15,24.5,ESFP,NgoaiNgu
D01,25.0,INTJ,SuPhamTinHoc
D01,17.75,ESFJ,NongNghiep_MoiTruong_ThuySan
B03,26.0,INFJ,SuPhamSinhHoc
B00,26.75,ENFJ,SuPhamSinhHoc
C01,25.25,ESTP,KyThuat_CongNghe
A00,26.5,ESFP,GiaoDucTieuHoc
A00,24.75,INTP,CongNgheThongTin_TruyenThong
A00,28.0,INTP,SuPhamVatLy
C01,27.25,ESFJ,GiaoDucTieuHoc
D01,25.0,INFJ,NgoaiNgu
A01,27.5,ISTJ,SuPhamVatLy
D01,22.75,ISFJ,SuPhamTiengPhap
A00,27.0,INFJ,SuPhamKhoaHocTuNhien
D15,27.5,ENFP,SuPhamTiengAnh
C01,19.0,INTP,KyThuat_CongNghe
A00,27.25,ESTJ,SuPhamVatLy
A01,25.75,ESTJ,SuPhamTinHoc
C01,20.35,ENTJ,Luat_KinhTe
A00,28.5,ESTJ,SuPhamVatLy
B00,26.5,INTJ,SuPhamSinhHoc
C01,18.6,INTJ,KyThuat_CongNghe
C01,26.25,ENFJ,GiaoDucTieuHoc
C01,26.75,ISFJ,GiaoDucTieuHoc
A00,19.5,ESTJ,NongNghiep_MoiTruong_ThuySan
B03,27.0,INFJ,SuPhamSinhHoc
D01,24.75,ENFJ,SuPhamTiengPhap
B00,27.75,ENFJ,SuPhamSinhHoc
A00,27.0,INTJ,SuPhamKhoaHocTuNhien
D01,18.75,ENTP,CongNgheThongTin_TruyenThong
X25,24.75,ESFJ,XaHoiNhanVan
D01,24.5,ISTP,SuPhamTinHoc
D15,24.25,ENFJ,NgoaiNgu
X01,25.5,INFJ,XaHoiNhanVan
D15,27.85,INFJ,SuPhamTiengAnh
D01,19.25,ISFP,NongNghiep_MoiTruong_ThuySan
A00,27.5,INTP,SuPhamVatLy
A00,24.6,ENTP,SuPhamTinHoc
D01,24.75,INFJ,NgoaiNgu
D01,23.5,INTP,KhoaHocTuNhien
D01,24.25,ENFP,NgoaiNgu
A00,27.75,ESTJ,SuPhamVatLy
C01,20.85,INTJ,KyThuat_CongNghe
D01,21.7,ISTP,KhoaHocTuNhien
A01,23.5,ISTP,KyThuat_CongNghe
A01,27.75,INTP,SuPhamToanHoc
A00,27.25,INTJ,SuPhamVatLy
D14,27.25,ENFJ,SuPhamTiengAnh
D14,23.5,ENFJ,NgoaiNgu
D01,24.5,ISFJ,SuPhamTiengPhap
A00,18.85,ENTJ,CongNgheThongTin_TruyenThong
A01,22.25,INFJ,XaHoiNhanVan
A00,26.25,INFJ,SuPhamKhoaHocTuNhien
B00,27.5,ESTJ,SuPhamHoaHoc
B00,26.75,INFP,SuPhamSinhHoc
A00,24.75,INTP,SuPhamTinHoc
D14,23.0,ENFP,SuPhamTiengPhap
D01,25.5,ENFP,SuPhamTiengPhap
D01,24.5,ENFP,SuPhamTiengPhap
C02,20.25,ISTP,NongNghiep_MoiTruong_ThuySan
D01,25.25,INTP,SuPhamTinHoc
A01,22.85,ISTP,CongNgheThongTin_TruyenThong
D01,20.68,INTP,CongNgheThongTin_TruyenThong
D14,25.5,ESFJ,NgoaiNgu
A01,28.75,ENTJ,SuPhamToanHoc
D07,21.5,ENTP,CongNgheThongTin_TruyenThong
A00,27.75,ISTJ,SuPhamToanHoc
D01,24.75,INTJ,SuPhamTinHoc
A01,28.0,INTJ,SuPhamToanHoc
D01,27.0,ENFJ,SuPhamTiengAnh
D01,27.0,ENFP,NgoaiNgu
B03,26.0,ENFJ,SuPhamSinhHoc
B03,26.75,INFP,SuPhamSinhHoc
C01,22.0,ENFP,XaHoiNhanVan
D01,24.5,ENTP,SuPhamTinHoc
D14,28.75,ESFJ,SuPhamTiengAnh
B00,26.75,ISFJ,SuPhamSinhHoc
A01,26.5,ENTP,SuPhamTinHoc
D01,27.0,INFJ,SuPhamTiengAnh
A00,26.5,INTP,SuPhamKhoaHocTuNhien
D01,25.0,ENTJ,CongNgheThongTin_TruyenThong
D01,25.75,ENFP,SuPhamTiengPhap
A01,29.75,ISTJ,SuPhamToanHoc
D14,24.5,ENFJ,NgoaiNgu
D01,27.25,INFJ,SuPhamTiengAnh
B03,25.75,INFP,SuPhamSinhHoc
A01,27.75,ISTP,SuPhamTinHoc
A00,27.75,INTP,SuPhamHoaHoc
D01,23.0,ESTP,Luat_KinhTe
D01,24.0,INFJ,NgoaiNgu
B00,26.35,ENFJ,SuPhamSinhHoc
X25,23.5,ISFJ,XaHoiNhanVan
A00,27.75,INTJ,SuPhamToanHoc
C01,21.5,ISFJ,XaHoiNhanVan
A00,28.25,ISTJ,SuPhamHoaHoc
C02,24.5,INFP,XaHoiNhanVan
C01,22.6,ENFJ,XaHoiNhanVan
D01,28.0,INFJ,SuPhamTiengAnh
D15,24.85,ENTP,NgoaiNgu
D15,27.5,ENTP,SuPhamTiengAnh
D14,23.0,ENTP,NgoaiNgu
D01,25.0,ESFJ,SuPhamTiengPhap
D01,27.25,INFJ,SuPhamTiengAnh
C01,27.0,ENFJ,GiaoDucTieuHoc
C02,18.25,INTJ,KhoaHocTuNhien
C02,26.25,ENFJ,XaHoiNhanVan
A00,23.0,ENTJ,CongNgheThongTin_TruyenThong
A01,19.5,ISTJ,Luat_KinhTe
D01,22.5,INTP,KhoaHocTuNhien
D14,24.75,ESFJ,SuPhamTiengPhap
A01,26.5,ISTJ,SuPhamKhoaHocTuNhien
A01,21.5,ISTP,KhoaHocTuNhien
A00,19.0,ISTP,NongNghiep_MoiTruong_ThuySan
A00,26.5,ISFJ,GiaoDucTieuHoc
D01,25.0,ISTP,SuPhamTinHoc
A01,26.75,ESTJ,SuPhamTinHoc
A00,21.25,ESTJ,NongNghiep_MoiTruong_ThuySan
D01,24.5,INTJ,SuPhamTinHoc
X70,24.75,ENFP,XaHoiNhanVan
C02,24.25,ENTJ,Luat_KinhTe
C01,27.5,ENFP,GiaoDucTieuHoc
X01,22.75,INFP,XaHoiNhanVan
A01,24.85,ISFJ,XaHoiNhanVan
A00,20.75,ISTP,KhoaHocTuNhien
A00,27.5,INTJ,SuPhamVatLy
A00,28.75,ESTJ,SuPhamVatLy
A00,28.5,ESTJ,SuPhamToanHoc
A00,24.75,ISTP,CongNgheThongTin_TruyenThong
A00,28.25,INTP,SuPhamVatLy
C01,24.5,ENFP,XaHoiNhanVan
A00,27.75,ESTJ,SuPhamToanHoc
A00,27.75,INTP,SuPhamToanHoc
A00,28.75,INTJ,SuPhamHoaHoc
A00,27.5,ISTJ,SuPhamVatLy
B00,26.0,INFJ,SuPhamSinhHoc
B03,25.75,ENFJ,SuPhamSinhHoc
B00,29.0,INTP,SuPhamHoaHoc
A00,26.25,ENFP,GiaoDucTieuHoc
X01,22.0,ESTJ,Luat_KinhTe
C01,18.6,ESTP,KyThuat_CongNghe
D01,24.5,ENFP,NgoaiNgu
C01,20.75,INTJ,KyThuat_CongNghe
A00,27.25,ESTJ,SuPhamHoaHoc
A00,26.0,INTP,SuPhamTinHoc
D01,24.5,ENFJ,XaHoiNhanVan
A01,26.0,ISTJ,SuPhamKhoaHocTuNhien
A00,28.0,INTP,SuPhamVatLy
C01,19.75,ISTJ,KyThuat_CongNghe
A00,28.5,ENFP,GiaoDucTieuHoc
A00,26.0,ESTJ,SuPhamKhoaHocTuNhien
A01,26.0,ISTJ,SuPhamKhoaHocTuNhien
D01,24.25,ESTP,CongNgheThongTin_TruyenThong
A00,25.75,INTP,SuPhamTinHoc
B00,27.75,ESTJ,SuPhamHoaHoc
A00,23.25,ENTJ,KyThuat_CongNghe
D01,19.0,INTP,KhoaHocTuNhien
A01,28.25,ISTJ,SuPhamToanHoc
C01,20.75,ESTJ,Luat_KinhTe
C02,24.0,ISTP,KhoaHocTuNhien
B00,18.25,ESFJ,NongNghiep_MoiTruong_ThuySan
B03,20.0,INTJ,KhoaHocTuNhien
D01,21.6,ISTP,CongNgheThongTin_TruyenThong
C02,18.7,INTJ,KhoaHocTuNhien
A01,28.0,ENTJ,SuPhamToanHoc
D01,20.75,ESTP,CongNgheThongTin_TruyenThong
D01,20.25,ESFJ,XaHoiNhanVan
A00,20.45,ESTP,CongNgheThongTin_TruyenThong
D01,24.5,INTJ,SuPhamTinHoc
D01,22.75,ISTP,KhoaHocTuNhien
D14,24.5,ISFJ,XaHoiNhanVan
D01,26.5,ESFJ,GiaoDucTieuHoc
A00,27.25,ESTJ,SuPhamHoaHoc
A00,27.5,INTP,SuPhamKhoaHocTuNhien
D01,23.75,ENFJ,SuPhamTiengPhap
C02,22.5,ISTJ,KhoaHocTuNhien
D01,23.25,INFJ,XaHoiNhanVan
A00,27.0,INTJ,SuPhamKhoaHocTuNhien
A00,27.75,ESTJ,SuPhamVatLy
D01,22.25,INTJ,CongNgheThongTin_TruyenThong
A00,28.75,ISTJ,SuPhamHoaHoc
C01,23.0,ENTJ,KyThuat_CongNghe
D14,27.0,ENTP,SuPhamTiengAnh
A00,18.25,INTP,CongNgheThongTin_TruyenThong
C01,15.7,ESTP,KyThuat_CongNghe
C01,26.5,ESFP,GiaoDucTieuHoc
A01,17.85,ENTJ,KyThuat_CongNghe
A00,25.75,INTP,KyThuat_CongNghe
A00,27.0,INTP,SuPhamKhoaHocTuNhien
D01,25.0,ESFJ,NgoaiNgu
A01,20.75,INTJ,KhoaHocTuNhien
A00,28.0,INTJ,SuPhamHoaHoc
D15,27.25,ENFP,SuPhamTiengAnh
A01,28.5,ESTJ,SuPhamToanHoc
D14,25.0,ESFP,NgoaiNgu
A00,30.0,ESFJ,GiaoDucTieuHoc
D01,24.75,ENFJ,SuPhamTiengPhap
A00,27.5,INTJ,SuPhamHoaHoc
D01,17.35,INFJ,NongNghiep_MoiTruong_ThuySan
C01,23.5,INTJ,Luat_KinhTe
C01,21.5,ENFP,XaHoiNhanVan
D01,24.75,ENFJ,SuPhamTiengPhap
D01,24.5,ENFJ,SuPhamTiengPhap
A00,26.35,ESTJ,SuPhamKhoaHocTuNhien
B03,26.25,ENFJ,SuPhamSinhHoc
A00,28.0,INTJ,SuPhamToanHoc
B00,18.25,ISFJ,NongNghiep_MoiTruong_ThuySan
A00,27.75,INTJ,SuPhamVatLy
A00,27.75,ENFP,GiaoDucTieuHoc
X25,17.35,INFJ,NongNghiep_MoiTruong_ThuySan
A00,29.0,INTJ,SuPhamHoaHoc
A01,21.75,INTP,KhoaHocTuNhien
D01,20.1,ENTJ,Luat_KinhTe
A00,26.5,ESTJ,SuPhamKhoaHocTuNhien
A00,28.0,ESTJ,SuPhamVatLy
A01,28.75,ESTJ,SuPhamToanHoc
A00,27.25,ISTJ,SuPhamHoaHoc
D15,27.0,INFJ,SuPhamTiengAnh
A01,27.75,ISTJ,SuPhamToanHoc
D07,28.25,INTJ,SuPhamHoaHoc
A01,25.0,ENTP,SuPhamTinHoc
D09,21.85,INFP,XaHoiNhanVan
A00,26.0,INTP,SuPhamKhoaHocTuNhien
A01,27.25,INTJ,SuPhamVatLy
X74,22.6,ISFJ,XaHoiNhanVan
C01,22.25,ESTP,KyThuat_CongNghe
D15,27.25,ENFP,SuPhamTiengAnh
B00,26.75,INTJ,SuPhamSinhHoc
A01,24.35,INTP,CongNgheThongTin_TruyenThong
A00,25.25,ISTP,SuPhamTinHoc
A00,28.0,ENTJ,SuPhamToanHoc
A00,27.75,ENTJ,SuPhamToanHoc
A01,27.75,ISTJ,SuPhamKhoaHocTuNhien
A01,28.0,ENTJ,SuPhamToanHoc
D01,27.0,ENFJ,SuPhamTiengAnh
A00,28.25,INTJ,SuPhamHoaHoc
A00,28.5,ISTJ,SuPhamToanHoc
D01,18.5,ESFJ,NongNghiep_MoiTruong_ThuySan
C02,19.0,INFJ,NongNghiep_MoiTruong_ThuySan
C02,21.85,INTJ,KhoaHocTuNhien
D01,23.5,INFJ,NgoaiNgu
C02,22.5,ISFJ,XaHoiNhanVan
D01,24.5,ENFP,SuPhamTiengPhap
D01,18.25,ISTJ,KhoaHocTuNhien
A00,28.25,ISTJ,SuPhamToanHoc
D09,23.25,ESFJ,XaHoiNhanVan
A00,26.75,ENFJ,GiaoDucTieuHoc
A00,18.95,ENTJ,Luat_KinhTe
A00,27.5,INTP,SuPhamVatLy
D01,26.5,ENFP,GiaoDucTieuHoc
D01,22.0,ENTJ,Luat_KinhTe
A00,28.0,ISTJ,SuPhamKhoaHocTuNhien
A00,28.0,INTP,SuPhamVatLy
D15,24.75,INFJ,NgoaiNgu
A00,28.25,INTP,SuPhamVatLy
D01,27.5,INFJ,SuPhamTiengAnh
B00,27.5,INTJ,SuPhamSinhHoc
A00,19.0,ISTP,KhoaHocTuNhien
D15,27.25,ENFP,SuPhamTiengAnh
D01,27.0,ENFP,SuPhamTiengAnh
D01,24.0,INFJ,NgoaiNgu
A00,21.75,INFP,XaHoiNhanVan
D01,24.1,ENTP,NgoaiNgu
D07,22.0,ISTP,KyThuat_CongNghe
D01,25.0,ESTJ,SuPhamTinHoc
A01,24.0,ESFJ,XaHoiNhanVan
D01,23.75,ENTP,NgoaiNgu
D01,26.25,ENFJ,GiaoDucTieuHoc
D01,22.75,ENFJ,SuPhamTiengPhap
D15,27.25,ENFP,SuPhamTiengAnh
C01,26.75,ISFJ,GiaoDucTieuHoc
A00,28.25,ENFJ,GiaoDucTieuHoc
C02,24.5,INTJ,KhoaHocTuNhien
C02,17.5,INTJ,KhoaHocTuNhien
A00,28.5,INTJ,SuPhamToanHoc
B00,28.0,INTP,SuPhamHoaHoc
C02,16.45,ISFP,NongNghiep_MoiTruong_ThuySan
C01,18.25,ESTP,KyThuat_CongNghe
C01,22.75,INTJ,Luat_KinhTe
A01,28.25,ESTJ,SuPhamVatLy
B03,26.5,INFJ,SuPhamSinhHoc
C01,26.5,ESFP,GiaoDucTieuHoc
C01,22.0,ENTJ,Luat_KinhTe
A01,20.0,INTP,CongNgheThongTin_TruyenThong
B00,27.5,ISFJ,SuPhamSinhHoc
A01,27.25,INFJ,SuPhamKhoaHocTuNhien
A00,24.75,ESTJ,SuPhamTinHoc
B00,27.0,INFJ,SuPhamSinhHoc
C01,18.85,ESTJ,Luat_KinhTe
D01,25.25,INFJ,SuPhamTiengPhap
D01,27.0,ENFJ,GiaoDucTieuHoc
A00,29.0,INTP,SuPhamVatLy
C02,23.0,INTP,KhoaHocTuNhien
D07,27.25,INTJ,SuPhamHoaHoc
C01,17.5,ISTP,KyThuat_CongNghe
B00,27.75,INTJ,SuPhamHoaHoc
A00,24.0,ENTJ,KyThuat_CongNghe
D07,24.5,INTJ,SuPhamTinHoc
A00,28.0,INTJ,SuPhamVatLy
C01,27.25,ENFP,GiaoDucTieuHoc
D01,22.85,INTP,CongNgheThongTin_TruyenThong
B00,26.5,ISFJ,SuPhamSinhHoc
D01,21.0,ISTP,KhoaHocTuNhien
D14,23.75,ENFP,SuPhamTiengPhap
A00,25.0,ESTJ,SuPhamTinHoc
D14,27.5,INFJ,SuPhamTiengAnh
A00,26.75,ISFJ,GiaoDucTieuHoc
A01,28.0,INTP,SuPhamVatLy
C01,26.5,ENFJ,GiaoDucTieuHoc
D01,22.25,ESTJ,Luat_KinhTe
D01,23.5,ISFJ,XaHoiNhanVan
D07,24.0,INFJ,XaHoiNhanVan
A00,27.25,ISTJ,SuPhamHoaHoc
A01,27.5,ISTJ,SuPhamVatLy
B03,25.75,INTJ,SuPhamSinhHoc
D01,24.5,ENTP,CongNgheThongTin_TruyenThong
D01,24.5,ENFJ,SuPhamTiengPhap
B00,27.5,INFJ,SuPhamSinhHoc
C02,25.0,ENTP,KhoaHocTuNhien
D01,25.25,ENFJ,NgoaiNgu
D01,21.85,ISTP,CongNgheThongTin_TruyenThong
D01,24.75,ENFP,NgoaiNgu
A00,26.75,ENFP,GiaoDucTieuHoc
B00,28.25,ISTJ,SuPhamKhoaHocTuNhien
D01,25.25,ENTP,SuPhamTinHoc
D01,21.0,ESTP,CongNgheThongTin_TruyenThong
A01,28.25,INTJ,SuPhamToanHoc
D01,17.75,ISFP,NongNghiep_MoiTruong_ThuySan
D01,23.5,ENFJ,NgoaiNgu
D01,24.5,INTP,KhoaHocTuNhien
A01,28.0,ISTJ,SuPhamVatLy
A00,28.5,ESTJ,SuPhamVatLy
D14,23.5,ESFJ,XaHoiNhanVan
A00,28.0,INTP,SuPhamToanHoc
A00,26.75,ISTP,SuPhamTinHoc
B00,26.0,ISFJ,SuPhamSinhHoc
A00,20.75,INTJ,KhoaHocTuNhien
A00,28.0,INTP,SuPhamToanHoc
A00,27.25,ESFJ,GiaoDucTieuHoc
B00,25.75,ISFJ,SuPhamSinhHoc
B03,25.75,INTJ,SuPhamSinhHoc
D01,24.0,ENFP,NgoaiNgu
A00,23.6,INTJ,CongNgheThongTin_TruyenThong
B00,27.0,ENFJ,SuPhamSinhHoc
C02,21.75,ESTJ,NongNghiep_MoiTruong_ThuySan
D01,23.25,ESTJ,NongNghiep_MoiTruong_ThuySan
D01,24.5,INTP,SuPhamTinHoc
C02,17.75,ISFP,NongNghiep_MoiTruong_ThuySan
B00,17.5,ESTP,KyThuat_CongNghe
C01,18.75,ENTJ,KyThuat_CongNghe
A00,29.5,INTP,SuPhamVatLy
D01,24.0,ENTP,KhoaHocTuNhien
D01,22.75,INFJ,SuPhamTiengPhap
D01,24.25,INFJ,SuPhamTiengPhap
A01,20.5,ENFJ,XaHoiNhanVan
A00,27.0,INTP,SuPhamKhoaHocTuNhien
A00,28.5,ESTJ,SuPhamToanHoc
X25,19.1,ISFJ,NongNghiep_MoiTruong_ThuySan
D01,24.5,ESFJ,NgoaiNgu
C02,23.5,ISFJ,XaHoiNhanVan
C02,23.25,ESTJ,NongNghiep_MoiTruong_ThuySan
D01,23.25,ESFJ,SuPhamTiengPhap
A00,28.25,ENTJ,SuPhamToanHoc
A00,26.25,ESFP,GiaoDucTieuHoc
D15,28.0,ENFJ,SuPhamTiengAnh
A01,25.25,ENTP,SuPhamTinHoc
A01,26.5,ISTJ,SuPhamKhoaHocTuNhien
C01,19.5,INTJ,Luat_KinhTe
D01,17.75,INFJ,NongNghiep_MoiTruong_ThuySan
C01,27.25,ENFP,GiaoDucTieuHoc
D14,23.25,ENTP,NgoaiNgu
D01,19.5,ESTP,Luat_KinhTe
D14,25.25,ESFJ,NgoaiNgu
B00,26.0,INTP,SuPhamKhoaHocTuNhien
A00,28.0,ENTJ,SuPhamToanHoc
D01,23.25,INFJ,SuPhamTiengPhap
A00,26.25,ENFP,GiaoDucTieuHoc
X01,23.6,ENFP,XaHoiNhanVan
D01,25.5,ISTP,SuPhamTinHoc
D01,18.5,ENTP,KhoaHocTuNhien
A00,27.75,ESTJ,SuPhamToanHoc
B03,26.25,ISFJ,SuPhamSinhHoc
C01,27.0,ENFJ,GiaoDucTieuHoc
B00,25.75,ENFJ,SuPhamSinhHoc
D14,23.25,ENFP,SuPhamTiengPhap
B00,26.25,INTP,SuPhamKhoaHocTuNhien
A01,28.5,INTJ,SuPhamToanHoc
A02,15.85,ENTJ,KyThuat_CongNghe
A00,26.75,ESTJ,SuPhamKhoaHocTuNhien
A01,28.5,INTP,SuPhamToanHoc
A01,28.25,INTJ,SuPhamToanHoc
B00,27.25,ISTJ,SuPhamKhoaHocTuNhien
D01,19.1,INFJ,NongNghiep_MoiTruong_ThuySan
A00,26.25,ENFJ,GiaoDucTieuHoc
A01,24.5,ESTP,CongNgheThongTin_TruyenThong
B00,26.25,INTJ,SuPhamKhoaHocTuNhien
A00,28.0,INTP,SuPhamToanHoc
D01,24.1,ISTJ,Luat_KinhTe
D01,25.0,INTP,SuPhamTinHoc
A00,22.5,ISTP,KhoaHocTuNhien
C00,24.25,ENFP,XaHoiNhanVan
D01,27.0,INFJ,SuPhamTiengAnh
D01,24.0,ESFP,NgoaiNgu
A01,27.5,INTJ,SuPhamTinHoc
C02,17.5,ISTP,KhoaHocTuNhien
A01,27.75,ESTJ,SuPhamVatLy
A01,22.75,ESTP,CongNgheThongTin_TruyenThong
D01,23.25,ENFP,NgoaiNgu
C00,25.5,INTJ,Luat_KinhTe
D01,20.5,ENTP,KhoaHocTuNhien
A01,17.55,ESFJ,NongNghiep_MoiTruong_ThuySan
D01,23.0,ISFJ,SuPhamTiengPhap
D01,20.5,ENTJ,CongNgheThongTin_TruyenThong
A01,27.25,ESTJ,SuPhamVatLy
D01,18.35,INTP,CongNgheThongTin_TruyenThong
C01,22.75,ESTJ,Luat_KinhTe
A00,27.25,INTJ,SuPhamHoaHoc
C02,20.5,INTJ,KhoaHocTuNhien
D01,23.25,ENFP,NgoaiNgu
A00,26.1,ESFJ,GiaoDucTieuHoc
B00,28.25,INTJ,SuPhamHoaHoc
A00,28.0,INTP,SuPhamVatLy
C01,18.5,ISTP,KyThuat_CongNghe
D01,24.0,ENFP,NgoaiNgu
D01,23.25,ESFJ,NgoaiNgu
A00,27.5,ENFP,GiaoDucTieuHoc
C01,22.6,ENFP,XaHoiNhanVan
C01,26.75,ENFJ,GiaoDucTieuHoc
B00,23.5,INTP,KyThuat_CongNghe
C01,18.75,ESTP,KyThuat_CongNghe
A01,19.75,INFJ,NongNghiep_MoiTruong_ThuySan
X01,20.25,ESTJ,Luat_KinhTe
C01,23.5,ENTJ,Luat_KinhTe
D01,23.5,ENFP,NgoaiNgu
A00,27.0,ISTJ,SuPhamKhoaHocTuNhien
C01,21.0,ENFP,XaHoiNhanVan
A01,27.25,INTP,SuPhamVatLy
D15,23.25,ENFJ,NgoaiNgu
B00,28.25,INFP,SuPhamSinhHoc
C02,27.25,ISFJ,XaHoiNhanVan
B00,28.5,ISTJ,SuPhamHoaHoc
A00,27.75,INTJ,SuPhamToanHoc
A00,26.75,ISFJ,GiaoDucTieuHoc
X01,22.75,ENFP,XaHoiNhanVan
A01,26.25,INFP,XaHoiNhanVan
D01,27.0,ENFJ,SuPhamTiengAnh
D01,21.5,ESTJ,NongNghiep_MoiTruong_ThuySan
C01,26.25,ESFJ,GiaoDucTieuHoc
D15,27.75,ENTP,SuPhamTiengAnh
C01,17.2,INTP,KyThuat_CongNghe
D01,24.75,INFJ,SuPhamTiengPhap
A00,27.25,ISTJ,SuPhamHoaHoc
A01,19.5,ENTP,CongNgheThongTin_TruyenThong
D01,17.0,ISTP,NongNghiep_MoiTruong_ThuySan
A00,27.75,INTJ,SuPhamHoaHoc
C01,26.25,ENFP,GiaoDucTieuHoc
C02,21.25,ENTP,KhoaHocTuNhien
A00,28.75,INTJ,SuPhamHoaHoc
D14,25.5,ENFJ,SuPhamTiengPhap
D01,26.5,ENFP,SuPhamTiengPhap
A00,25.0,ISTJ,KhoaHocTuNhien
B08,26.0,INTJ,SuPhamSinhHoc
B00,26.0,INFP,SuPhamSinhHoc
D01,22.75,ESFJ,SuPhamTiengPhap
A00,26.25,INTP,SuPhamKhoaHocTuNhien
A00,27.25,INTP,SuPhamHoaHoc
X25,22.25,ISFJ,XaHoiNhanVan
A01,28.5,INTJ,SuPhamKhoaHocTuNhien
C01,26.25,ESFJ,GiaoDucTieuHoc
C01,23.25,INTP,KyThuat_CongNghe
D01,22.75,INFJ,SuPhamTiengPhap
A01,21.25,ESTP,Luat_KinhTe
A00,28.0,ISTJ,SuPhamToanHoc
C01,27.75,ESFP,GiaoDucTieuHoc
A00,29.0,INTP,SuPhamVatLy
A01,24.6,INTP,SuPhamTinHoc
D01,25.0,ESTJ,SuPhamTinHoc
C01,26.25,ESFP,GiaoDucTieuHoc
B00,27.75,ESTJ,SuPhamHoaHoc
A01,24.25,ISFJ,XaHoiNhanVan
B00,26.75,INFJ,SuPhamSinhHoc
D01,23.75,INFJ,SuPhamTiengPhap
A01,27.25,ISTJ,SuPhamVatLy
A01,26.25,INTJ,SuPhamTinHoc
B00,25.75,INFJ,SuPhamSinhHoc
B00,27.0,ISTJ,SuPhamKhoaHocTuNhien
A00,24.25,ESTP,Luat_KinhTe
A00,26.25,INTJ,SuPhamKhoaHocTuNhien
C01,20.5,ESTP,KyThuat_CongNghe
A00,28.5,INTJ,SuPhamVatLy
C01,26.5,ESFJ,GiaoDucTieuHoc
B00,26.25,ENFJ,SuPhamSinhHoc
D01,21.25,ISTP,NongNghiep_MoiTruong_ThuySan
D15,27.0,INFJ,SuPhamTiengAnh
D15,24.75,ENTP,NgoaiNgu
A00,27.5,ESTJ,SuPhamVatLy
B03,25.75,ISFJ,SuPhamSinhHoc
D09,24.25,ISFJ,XaHoiNhanVan
A00,28.5,INTP,SuPhamToanHoc
A00,27.75,ISFJ,GiaoDucTieuHoc
A01,22.0,ESFJ,NongNghiep_MoiTruong_ThuySan
D15,23.5,ENFP,XaHoiNhanVan
D01,23.75,ESTP,CongNgheThongTin_TruyenThong
C01,26.75,ENFJ,GiaoDucTieuHoc
A00,28.0,ISFJ,GiaoDucTieuHoc
C01,26.5,ESFJ,XaHoiNhanVan
A00,25.5,INTP,SuPhamTinHoc
B00,26.5,ENFJ,SuPhamSinhHoc
A00,24.0,INTJ,CongNgheThongTin_TruyenThong
A01,27.25,INTJ,SuPhamKhoaHocTuNhien
C02,20.0,ISTJ,KhoaHocTuNhien
X01,23.0,INFP,XaHoiNhanVan
D01,26.5,ESFP,GiaoDucTieuHoc
A01,26.25,ESTJ,SuPhamKhoaHocTuNhien
D01,21.0,ESTJ,Luat_KinhTe
B03,22.0,ISTP,KhoaHocTuNhien
A01,25.5,ISFJ,XaHoiNhanVan
C01,26.75,ENFP,GiaoDucTieuHoc
A01,27.5,INTJ,SuPhamVatLy
A00,26.25,ESFJ,GiaoDucTieuHoc
C01,22.5,INTJ,KyThuat_CongNghe
A00,26.5,ESFJ,GiaoDucTieuHoc
A01,20.75,ISTP,KhoaHocTuNhien
D01,19.5,INTP,CongNgheThongTin_TruyenThong
A00,28.0,ESTJ,SuPhamToanHoc
D01,20.25,ISTP,CongNgheThongTin_TruyenThong
A00,28.25,ISTJ,SuPhamToanHoc
B00,27.5,INFJ,SuPhamKhoaHocTuNhien
C00,21.35,ENTP,Luat_KinhTe
B00,19.75,INTP,KyThuat_CongNghe
A00,24.0,ESFJ,XaHoiNhanVan
D01,21.85,ISTJ,Luat_KinhTe
B00,25.75,ENFJ,SuPhamSinhHoc
C01,22.75,ESTP,KyThuat_CongNghe
D01,26.75,ENFJ,SuPhamTiengPhap
A00,28.25,INTJ,SuPhamToanHoc
D07,29.0,ENTJ,SuPhamToanHoc
D01,21.75,ENTP,Luat_KinhTe
C02,25.25,ESTP,Luat_KinhTe
D14,27.25,ENFP,SuPhamTiengAnh
A00,27.75,ESTJ,SuPhamVatLy
A00,29.0,ISTJ,SuPhamVatLy
D15,24.25,ENFJ,NgoaiNgu
A00,28.0,INTJ,SuPhamHoaHoc
D14,23.25,INFJ,SuPhamTiengPhap
D01,20.5,ESFJ,NongNghiep_MoiTruong_ThuySan
A00,28.25,ESFP,GiaoDucTieuHoc
D01,23.5,ENFP,SuPhamTiengPhap
A00,28.5,INTJ,SuPhamVatLy
D14,23.25,INFJ,SuPhamTiengPhap
A00,27.75,INTJ,SuPhamKhoaHocTuNhien
D01,23.5,ENFP,NgoaiNgu
C01,25.0,ISTJ,Luat_KinhTe
D07,17.1,ISTP,NongNghiep_MoiTruong_ThuySan
D01,20.0,INTP,KhoaHocTuNhien
C01,17.1,ENTJ,KyThuat_CongNghe
D09,24.1,ENFP,NgoaiNgu
D01,25.25,ESFJ,SuPhamTiengPhap
A00,28.0,INTJ,SuPhamToanHoc
D01,21.75,INTP,CongNgheThongTin_TruyenThong
D15,23.75,ENFJ,NgoaiNgu
D14,23.0,ESFJ,SuPhamTiengPhap
D01,18.0,ENTP,CongNgheThongTin_TruyenThong
C01,26.5,ESFP,GiaoDucTieuHoc
C02,24.0,ESTP,Luat_KinhTe
D01,25.25,ESTJ,Luat_KinhTe
D01,23.25,INFJ,NgoaiNgu
A00,21.2,ESTJ,Luat_KinhTe
D01,23.75,ESFP,NgoaiNgu
B00,21.1,ISTJ,KhoaHocTuNhien
A00,26.5,ISTJ,SuPhamKhoaHocTuNhien
C02,18.75,ESFJ,NongNghiep_MoiTruong_ThuySan
A00,27.0,ESFP,GiaoDucTieuHoc
A00,27.25,INTJ,SuPhamHoaHoc
D01,24.5,INFJ,NgoaiNgu
D01,25.5,INTP,SuPhamTinHoc
B00,27.25,ESTJ,SuPhamKhoaHocTuNhien
A00,16.85,ISFP,NongNghiep_MoiTruong_ThuySan
D15,27.75,ENFP,SuPhamTiengAnh
B00,26.5,INFP,SuPhamSinhHoc
C01,23.75,ISFJ,XaHoiNhanVan
B00,26.0,ISFJ,SuPhamSinhHoc
D01,27.0,ENFP,SuPhamTiengAnh
A00,27.25,ISFJ,GiaoDucTieuHoc
D01,25.25,ENFP,XaHoiNhanVan
A00,27.5,INTP,SuPhamHoaHoc
C02,21.0,INFJ,XaHoiNhanVan
C01,24.75,ISTJ,Luat_KinhTe
D01,25.5,ESFJ,NgoaiNgu
A00,30.0,INTP,SuPhamToanHoc
A01,18.0,ISFJ,NongNghiep_MoiTruong_ThuySan
C01,24.75,INFP,XaHoiNhanVan
C01,23.35,ENFJ,XaHoiNhanVan
A00,27.5,INTP,SuPhamVatLy
D01,22.75,INFJ,SuPhamTiengPhap
D01,23.25,ENFP,SuPhamTiengPhap
C00,22.0,ESTJ,Luat_KinhTe
A01,28.25,INTJ,SuPhamToanHoc
X01,22.0,ESTJ,Luat_KinhTe
C02,20.75,ISFP,NongNghiep_MoiTruong_ThuySan
D01,23.5,ISFJ,SuPhamTiengPhap
D15,25.5,ESFP,NgoaiNgu
D15,23.6,ENFJ,NgoaiNgu
D01,18.5,INFJ,NongNghiep_MoiTruong_ThuySan
A00,29.25,ISTJ,SuPhamVatLy
B00,26.0,INFJ,SuPhamSinhHoc
A00,18.1,ESFJ,NongNghiep_MoiTruong_ThuySan
C01,23.1,ESFJ,XaHoiNhanVan
A01,24.75,ESTJ,SuPhamTinHoc
D15,28.5,INFJ,SuPhamTiengAnh
B00,26.0,ISFJ,SuPhamSinhHoc
D01,27.75,ESFJ,SuPhamTiengAnh
D01,21.5,INTP,KhoaHocTuNhien
C01,27.0,ESFJ,GiaoDucTieuHoc
A01,28.0,INTJ,SuPhamVatLy
C01,23.25,ISFJ,XaHoiNhanVan
D01,27.0,ENFP,SuPhamTiengAnh
D09,23.5,ENTP,NgoaiNgu
A00,28.0,INTP,SuPhamHoaHoc
A00,27.75,ESTJ,SuPhamToanHoc
A01,26.5,INTJ,SuPhamKhoaHocTuNhien
D07,23.5,ISTP,CongNgheThongTin_TruyenThong
A00,27.35,INTJ,SuPhamHoaHoc
A01,24.75,ENTP,SuPhamTinHoc
D14,23.5,INFJ,NgoaiNgu
A01,21.75,ESTP,KyThuat_CongNghe
D01,27.5,ENTP,SuPhamTiengAnh
D14,27.0,INFJ,SuPhamTiengAnh
D01,24.5,INTJ,KhoaHocTuNhien
A00,23.5,ESTP,CongNgheThongTin_TruyenThong
D01,24.75,ENTP,SuPhamTinHoc
A00,28.0,ISTJ,SuPhamHoaHoc
D01,19.5,ENTP,KhoaHocTuNhien
D15,24.35,ENFJ,XaHoiNhanVan
D01,23.25,ENTJ,CongNgheThongTin_TruyenThong
A01,21.75,INTJ,KyThuat_CongNghe
C01,20.25,ESTP,KyThuat_CongNghe
D15,27.0,ESFJ,SuPhamTiengAnh
A00,19.5,ENTP,CongNgheThongTin_TruyenThong
D14,25.25,ISFJ,SuPhamTiengPhap
D01,19.5,ENTP,CongNgheThongTin_TruyenThong
D01,23.0,ENFP,NgoaiNgu
C00,23.0,ESTJ,Luat_KinhTe
D01,23.25,ENFJ,NgoaiNgu
D01,25.25,ENFP,SuPhamTiengPhap
A01,26.75,ISTJ,SuPhamKhoaHocTuNhien
A00,17.6,ISTP,NongNghiep_MoiTruong_ThuySan
D14,25.25,ENTP,NgoaiNgu
B03,26.5,INFJ,SuPhamSinhHoc
D07,27.25,ISTJ,SuPhamHoaHoc
D01,25.5,ENTP,CongNgheThongTin_TruyenThong
D01,21.5,INTP,KhoaHocTuNhien
B00,28.25,ISTJ,SuPhamHoaHoc
A00,27.25,INTJ,SuPhamHoaHoc
D01,22.25,ENTJ,Luat_KinhTe
C01,20.5,ENTP,Luat_KinhTe
A00,28.25,ISTJ,SuPhamToanHoc
X01,21.75,ENTP,Luat_KinhTe
A00,27.25,INTJ,SuPhamTinHoc
D01,21.75,ISTP,KhoaHocTuNhien
C01,22.5,ESTP,KyThuat_CongNghe
B03,25.75,INFJ,SuPhamSinhHoc
A01,27.5,INTJ,SuPhamVatLy
A00,27.5,ESFP,GiaoDucTieuHoc
D01,27.0,INFJ,SuPhamTiengAnh
A00,25.0,ESTJ,SuPhamTinHoc
A01,21.7,ENTP,Luat_KinhTe
A00,28.5,ESTJ,SuPhamHoaHoc
C01,20.35,ENTP,Luat_KinhTe
X01,25.0,ESFJ,XaHoiNhanVan
A00,28.0,INTP,SuPhamToanHoc
C02,17.5,ESTJ,NongNghiep_MoiTruong_ThuySan
A00,27.5,ESTJ,SuPhamKhoaHocTuNhien
D01,23.5,ESFP,NgoaiNgu
D01,19.85,ESTP,CongNgheThongTin_TruyenThong
A00,26.5,ISTJ,SuPhamKhoaHocTuNhien
D07,24.5,ENTP,CongNgheThongTin_TruyenThong
A00,22.0,ISTP,KhoaHocTuNhien
D01,25.5,ESFP,NgoaiNgu
D01,24.5,ESFP,NgoaiNgu
A00,24.5,ESTJ,SuPhamTinHoc
D14,23.75,ENTP,NgoaiNgu
A01,21.6,ENTP,KhoaHocTuNhien
D01,22.0,INTJ,KhoaHocTuNhien
C01,26.75,ISFJ,GiaoDucTieuHoc
A00,29.5,ENTJ,SuPhamToanHoc
D07,27.75,ENTJ,SuPhamToanHoc
A00,20.5,INTJ,KhoaHocTuNhien
C01,22.5,INFP,XaHoiNhanVan
C02,20.5,ISTJ,Luat_KinhTe
A00,26.5,ESFJ,GiaoDucTieuHoc
C01,24.0,ENTJ,KyThuat_CongNghe
X25,20.0,ESTJ,NongNghiep_MoiTruong_ThuySan
A01,27.0,INTP,SuPhamKhoaHocTuNhien
C01,19.0,INTJ,KyThuat_CongNghe
A00,28.75,ENTJ,SuPhamToanHoc
D01,27.25,ENTP,SuPhamTiengAnh
A00,28.5,ENTJ,SuPhamToanHoc
D14,25.0,ENFP,SuPhamTiengPhap
B03,25.75,INTJ,SuPhamSinhHoc
C02,18.75,ESTJ,NongNghiep_MoiTruong_ThuySan
C01,26.5,ESFP,GiaoDucTieuHoc
A00,28.0,INTJ,SuPhamToanHoc
D14,24.0,ENFJ,XaHoiNhanVan
D01,21.5,INTP,CongNgheThongTin_TruyenThong
A01,27.25,ESTJ,SuPhamVatLy
D14,27.75,ESFJ,SuPhamTiengAnh
D01,20.75,ESTP,CongNgheThongTin_TruyenThong
D14,23.75,INFJ,NgoaiNgu
A00,27.5,ESTJ,SuPhamHoaHoc
D15,28.75,ENTP,SuPhamTiengAnh
D07,19.5,ISTP,NongNghiep_MoiTruong_ThuySan
A01,24.1,ISTJ,KyThuat_CongNghe
B00,26.5,ENFJ,SuPhamSinhHoc
A01,27.5,INTP,SuPhamVatLy
C01,20.85,ENFP,XaHoiNhanVan
D14,27.5,INFJ,SuPhamTiengAnh
C01,26.25,ENFJ,GiaoDucTieuHoc
A00,28.0,ISTJ,SuPhamToanHoc
C01,21.75,ENTJ,Luat_KinhTe
C01,22.75,ISFJ,XaHoiNhanVan
D14,22.75,INFJ,SuPhamTiengPhap
A01,22.25,ENTP,KhoaHocTuNhien
D07,28.0,INTP,SuPhamToanHoc
A00,28.25,INFJ,SuPhamKhoaHocTuNhien
C02,17.6,INTJ,KhoaHocTuNhien
A00,27.25,INTJ,SuPhamHoaHoc
D01,24.25,ENFJ,SuPhamTiengPhap
B03,25.75,INFJ,SuPhamSinhHoc
A00,26.75,INTJ,SuPhamKhoaHocTuNhien
C00,21.0,ENTJ,Luat_KinhTe
B03,25.75,INFJ,SuPhamSinhHoc
C00,21.1,ENTJ,Luat_KinhTe
X01,22.75,ESTJ,Luat_KinhTe
A00,28.5,ESTJ,SuPhamHoaHoc
B00,27.0,INFJ,SuPhamKhoaHocTuNhien
C02,21.0,ENTJ,Luat_KinhTe
C01,26.5,ENFJ,GiaoDucTieuHoc
D14,24.5,ENFP,SuPhamTiengPhap
D14,23.5,ENFP,SuPhamTiengPhap
A01,21.35,ESTP,KyThuat_CongNghe
D01,21.25,ESTP,CongNgheThongTin_TruyenThong
A00,24.6,ISTP,KhoaHocTuNhien
D14,27.0,ESFJ,SuPhamTiengAnh
D01,25.75,INTP,SuPhamTinHoc
B00,25.75,ISFJ,SuPhamSinhHoc
C01,20.35,ISTJ,KyThuat_CongNghe
C02,19.5,ISFP,NongNghiep_MoiTruong_ThuySan
A00,27.75,ISTJ,SuPhamHoaHoc
D01,23.75,ENTJ,Luat_KinhTe
A00,28.5,ESTJ,SuPhamHoaHoc
A00,28.0,ISTJ,SuPhamVatLy
A00,27.75,ESTJ,SuPhamHoaHoc
B00,27.0,INTJ,SuPhamSinhHoc
B00,26.5,ISFJ,SuPhamSinhHoc
D01,19.75,ISTJ,Luat_KinhTe
A00,28.75,ESTJ,SuPhamVatLy
C01,27.5,ESFP,GiaoDucTieuHoc
A00,27.75,INTJ,SuPhamToanHoc
D01,22.75,ISFJ,SuPhamTiengPhap
A01,25.75,ESTJ,SuPhamTinHoc
D01,19.5,INTP,CongNgheThongTin_TruyenThong
C02,18.75,ISTJ,KhoaHocTuNhien
B00,21.5,INTP,KhoaHocTuNhien
A00,27.25,INFJ,SuPhamKhoaHocTuNhien
A00,27.0,ISTJ,SuPhamKhoaHocTuNhien
X01,23.75,INTJ,Luat_KinhTe
A01,27.75,ESTJ,SuPhamVatLy
A01,26.25,INTJ,SuPhamKhoaHocTuNhien
C01,19.0,ENTJ,KyThuat_CongNghe
D14,23.25,INFJ,SuPhamTiengPhap
A00,28.25,INTJ,SuPhamVatLy
A00,27.25,ESTJ,SuPhamVatLy
D01,19.75,INTJ,KhoaHocTuNhien
A01,24.75,ENTP,SuPhamTinHoc
C01,21.25,INTP,KyThuat_CongNghe
C02,18.1,ISTP,KhoaHocTuNhien
C01,20.1,INTP,KyThuat_CongNghe
D01,24.75,ISTP,SuPhamTinHoc
A01,23.25,ISTP,KhoaHocTuNhien
A00,28.5,ISTJ,SuPhamHoaHoc
A00,28.25,ISTJ,SuPhamHoaHoc
A01,26.5,INTP,SuPhamKhoaHocTuNhien
A00,27.25,INTJ,SuPhamHoaHoc
A00,27.5,INTJ,SuPhamHoaHoc
A00,22.25,ENTJ,CongNgheThongTin_TruyenThong
A00,29.0,INTP,SuPhamToanHoc
B00,27.25,INTP,SuPhamHoaHoc
D01,24.5,ISTP,CongNgheThongTin_TruyenThong
D14,27.0,ENFJ,SuPhamTiengAnh
C02,22.5,INTP,KhoaHocTuNhien
D07,17.35,ISFP,NongNghiep_MoiTruong_ThuySan
A01,19.75,INTJ,CongNgheThongTin_TruyenThong
B00,27.75,INFP,SuPhamSinhHoc
C02,22.25,INTJ,Luat_KinhTe
D14,24.1,ENFJ,NgoaiNgu
D01,20.25,ISTP,CongNgheThongTin_TruyenThong
D01,19.25,ISTP,KhoaHocTuNhien
A01,24.5,ESFJ,XaHoiNhanVan
D07,20.25,INTP,CongNgheThongTin_TruyenThong
C01,17.45,ISTP,KyThuat_CongNghe
B03,25.75,INFJ,SuPhamSinhHoc
A00,27.0,INTP,SuPhamKhoaHocTuNhien
B00,26.1,INFP,SuPhamSinhHoc
A00,27.25,INTP,SuPhamTinHoc
D01,23.25,ENTP,NgoaiNgu
D01,24.5,ENTP,SuPhamTinHoc
D15,23.5,INFJ,NgoaiNgu
D01,22.25,ISTJ,KhoaHocTuNhien
A00,27.5,ESTJ,SuPhamHoaHoc
X01,24.5,ESTJ,Luat_KinhTe
C01,27.75,ENFP,GiaoDucTieuHoc
C01,22.1,ENTJ,KyThuat_CongNghe
A01,26.75,ESTJ,SuPhamKhoaHocTuNhien
A01,23.25,INTJ,CongNgheThongTin_TruyenThong
A00,27.25,ISTJ,SuPhamVatLy
A01,19.85,INTJ,KyThuat_CongNghe
A00,24.75,INTJ,SuPhamTinHoc
B00,17.35,ISTP,NongNghiep_MoiTruong_ThuySan
D14,27.25,ENFJ,SuPhamTiengAnh
D14,23.5,ENFJ,NgoaiNgu
A00,26.25,ISTJ,SuPhamKhoaHocTuNhien
D01,24.5,ENTP,SuPhamTinHoc
D01,25.0,INTP,SuPhamTinHoc
C01,22.0,ISTP,KyThuat_CongNghe
D15,27.0,ENFP,SuPhamTiengAnh
D01,20.25,ISTP,KhoaHocTuNhien
C02,19.1,ESFJ,NongNghiep_MoiTruong_ThuySan
A01,28.5,ESTJ,SuPhamVatLy
A01,24.5,ESTJ,SuPhamTinHoc
C01,19.75,ESTP,KyThuat_CongNghe
A00,27.75,ESTJ,SuPhamHoaHoc
A01,27.0,ISTJ,SuPhamKhoaHocTuNhien
A00,27.5,ESFJ,GiaoDucTieuHoc
C01,24.5,ISFJ,XaHoiNhanVan
C01,18.25,INTP,KyThuat_CongNghe
D01,21.0,INTJ,KhoaHocTuNhien
A00,27.5,ESTJ,SuPhamVatLy
C02,21.25,ESFJ,NongNghiep_MoiTruong_ThuySan
A00,27.5,ISTJ,SuPhamVatLy
A01,20.5,ISTP,KyThuat_CongNghe
D01,24.0,INFJ,SuPhamTiengPhap
D14,24.0,ENFJ,NgoaiNgu
D01,23.5,ENFP,NgoaiNgu
A00,26.5,ENFP,GiaoDucTieuHoc
D01,25.0,ESTP,CongNgheThongTin_TruyenThong
D01,25.25,ISFJ,SuPhamTiengPhap
D01,26.33,ESFP,GiaoDucTieuHoc
A01,17.5,INTP,KyThuat_CongNghe
B00,18.6,ESFJ,NongNghiep_MoiTruong_ThuySan
A00,27.25,INTP,SuPhamHoaHoc
A01,28.0,ISTJ,SuPhamVatLy
A00,28.5,INTJ,SuPhamVatLy
B00,27.0,ESTJ,SuPhamKhoaHocTuNhien
A01,18.35,ENTJ,KyThuat_CongNghe
D01,22.25,ESTP,CongNgheThongTin_TruyenThong
B03,25.75,INFP,SuPhamSinhHoc
C01,19.25,INTJ,KyThuat_CongNghe
D01,25.0,ENTP,NgoaiNgu
C01,16.85,ENTJ,KyThuat_CongNghe
A00,27.75,ESTJ,SuPhamToanHoc
C01,15.85,INTP,KyThuat_CongNghe
D01,22.0,ISTP,NongNghiep_MoiTruong_ThuySan
B00,27.25,ISTJ,SuPhamHoaHoc
C02,23.25,ISTJ,KhoaHocTuNhien
D07,29.0,ISTJ,SuPhamHoaHoc
A00,16.7,ESTP,KyThuat_CongNghe
A00,24.5,ESTJ,SuPhamTinHoc
A01,27.25,INTP,SuPhamVatLy
D01,27.0,ESFJ,SuPhamTiengAnh
B00,26.75,INFJ,SuPhamKhoaHocTuNhien
A00,27.0,INFJ,SuPhamKhoaHocTuNhien
D15,23.75,ENFJ,NgoaiNgu
C01,19.6,INTJ,Luat_KinhTe
B00,26.75,ISFJ,SuPhamSinhHoc
D01,25.25,ISFJ,SuPhamTiengPhap
A00,28.75,INTP,SuPhamVatLy
A00,28.5,ESTJ,SuPhamToanHoc
D01,27.75,ENFJ,SuPhamTiengAnh
C01,21.5,ENTJ,KyThuat_CongNghe
D01,27.5,ENFP,SuPhamTiengAnh
D01,22.75,INTJ,CongNgheThongTin_TruyenThong
B00,26.75,INTJ,SuPhamKhoaHocTuNhien
A00,27.5,ESTJ,SuPhamHoaHoc
D01,23.5,ENTP,NgoaiNgu
A00,28.25,ISTJ,SuPhamVatLy
D01,20.0,INTP,CongNgheThongTin_TruyenThong
B03,26.5,ENFJ,SuPhamSinhHoc
A00,28.75,ESTJ,SuPhamVatLy
B00,26.5,ISFJ,SuPhamSinhHoc
C02,25.5,ESTJ,Luat_KinhTe
D14,23.25,ENFP,SuPhamTiengPhap
D01,20.75,ENTP,CongNgheThongTin_TruyenThong
A00,28.25,INTJ,SuPhamVatLy
C01,19.6,INTJ,KyThuat_CongNghe
A00,28.75,ENTJ,SuPhamToanHoc
A00,25.75,ISTP,SuPhamTinHoc
A00,27.5,ISTP,SuPhamTinHoc
A01,19.75,INTJ,KyThuat_CongNghe
B00,22.0,ISTP,KyThuat_CongNghe
C01,26.25,ENFP,GiaoDucTieuHoc
D15,25.5,ENFJ,NgoaiNgu
B03,26.25,ENFJ,SuPhamSinhHoc
A00,28.0,ESTJ,SuPhamToanHoc
A00,27.5,INTP,SuPhamHoaHoc
A00,18.6,INTJ,KhoaHocTuNhien
A00,23.1,INFP,XaHoiNhanVan
B00,27.0,INTP,SuPhamKhoaHocTuNhien
D01,22.5,ESTP,Luat_KinhTe
A00,26.75,ESFP,GiaoDucTieuHoc
D01,25.5,INTJ,SuPhamTinHoc
D01,18.75,ESFJ,NongNghiep_MoiTruong_ThuySan
D01,23.0,ENFJ,SuPhamTiengPhap
A00,27.5,ENFJ,GiaoDucTieuHoc
B03,26.0,INTJ,SuPhamSinhHoc
D01,24.5,ENFJ,SuPhamTiengPhap
D01,26.75,ESFP,GiaoDucTieuHoc
A00,28.0,ISTJ,SuPhamVatLy
A01,28.25,ISTJ,SuPhamToanHoc
D14,23.75,ESFP,NgoaiNgu
A00,29.0,ESTJ,SuPhamVatLy
B03,26.5,ISFJ,SuPhamSinhHoc
C01,26.75,ENFP,GiaoDucTieuHoc
D14,22.75,ENFP,SuPhamTiengPhap
A01,19.85,ISTP,KhoaHocTuNhien
A00,27.5,ISTJ,SuPhamHoaHoc
A00,28.25,ENTJ,SuPhamToanHoc
B00,26.75,ESTJ,SuPhamKhoaHocTuNhien
B00,20.5,ISTP,KhoaHocTuNhien
A00,27.75,INTP,SuPhamKhoaHocTuNhien
A00,26.25,ISTP,SuPhamTinHoc
C02,19.85,ISTP,NongNghiep_MoiTruong_ThuySan
C01,20.25,ENTJ,KyThuat_CongNghe
C01,25.5,ISTJ,KyThuat_CongNghe
C01,18.25,ENTJ,KyThuat_CongNghe
C01,26.0,ESFJ,XaHoiNhanVan
A01,27.75,ESTJ,SuPhamVatLy
D01,23.75,ISFJ,SuPhamTiengPhap
A00,26.75,INTP,SuPhamKhoaHocTuNhien
D01,16.1,ESFJ,NongNghiep_MoiTruong_ThuySan
D15,28.25,INFJ,SuPhamTiengAnh
A00,27.75,ESFP,GiaoDucTieuHoc
C02,22.5,INTP,KhoaHocTuNhien
D01,25.0,ENTP,NgoaiNgu
A00,24.6,ESTP,KyThuat_CongNghe
D01,23.75,ENFJ,SuPhamTiengPhap
C01,19.5,ESTP,KyThuat_CongNghe
C01,25.25,ISFJ,XaHoiNhanVan
D01,23.75,ESFJ,SuPhamTiengPhap
C01,21.0,ISTJ,Luat_KinhTe
D01,19.85,ESTJ,Luat_KinhTe
D01,26.75,ESFP,GiaoDucTieuHoc
B00,27.0,ENFJ,SuPhamSinhHoc
A00,27.5,ESTJ,SuPhamHoaHoc
D01,19.25,ESFJ,NongNghiep_MoiTruong_ThuySan
D01,16.5,ISTP,NongNghiep_MoiTruong_ThuySan
D01,21.25,ESFJ,NongNghiep_MoiTruong_ThuySan
B03,26.0,INFP,SuPhamSinhHoc
A01,22.5,INTP,KyThuat_CongNghe
D09,23.25,INFJ,NgoaiNgu
D01,20.0,ISTP,KhoaHocTuNhien
A00,28.0,ISTJ,SuPhamHoaHoc
C02,20.75,INTP,KhoaHocTuNhien
A00,26.5,ISTJ,SuPhamKhoaHocTuNhien
A01,17.25,ISTJ,KyThuat_CongNghe
D01,25.25,ENTP,NgoaiNgu
D01,22.1,ISTP,CongNgheThongTin_TruyenThong
C02,21.35,INTJ,KhoaHocTuNhien
A00,28.5,ENTJ,SuPhamToanHoc
B00,26.5,ENFJ,SuPhamSinhHoc
D01,19.0,ISFJ,NongNghiep_MoiTruong_ThuySan
C01,20.75,ISTJ,Luat_KinhTe
A00,24.6,ENTP,SuPhamTinHoc
A00,28.5,INTJ,SuPhamToanHoc
A01,18.1,ISFP,NongNghiep_MoiTruong_ThuySan
X06,21.05,INTJ,KhoaHocTuNhien
A00,27.5,ISTJ,SuPhamVatLy
D09,23.5,INFJ,NgoaiNgu
A00,26.25,INTJ,SuPhamKhoaHocTuNhien
A00,27.75,ISTJ,SuPhamVatLy
X01,25.0,ENFP,XaHoiNhanVan
D01,19.75,ISFJ,NongNghiep_MoiTruong_ThuySan
A00,19.75,ISTJ,KhoaHocTuNhien
C02,24.0,INTP,KhoaHocTuNhien
A00,27.75,ESFP,GiaoDucTieuHoc
D01,25.75,ISFJ,SuPhamTiengPhap
D01,25.25,ENFJ,NgoaiNgu
B00,29.0,INFJ,SuPhamSinhHoc
D14,26.75,ESFJ,XaHoiNhanVan
A00,28.0,ESTJ,SuPhamHoaHoc
D01,25.5,ISTP,CongNgheThongTin_TruyenThong
D01,19.85,INTJ,Luat_KinhTe
A01,29.0,ESTJ,SuPhamToanHoc
D01,20.25,ISFJ,NongNghiep_MoiTruong_ThuySan
C02,24.25,INTP,KhoaHocTuNhien
X25,19.5,ISTP,NongNghiep_MoiTruong_ThuySan
A00,27.0,ESTJ,SuPhamTinHoc
C01,18.95,ISTP,KyThuat_CongNghe
B00,27.75,ESTJ,SuPhamHoaHoc
A01,27.75,INTJ,SuPhamVatLy
X01,23.1,ESTJ,Luat_KinhTe
A00,26.0,INTP,SuPhamKhoaHocTuNhien
A01,22.5,ISTJ,KhoaHocTuNhien
A00,24.0,ISTJ,Luat_KinhTe
D14,23.5,ESFJ,NgoaiNgu
B00,27.25,INFJ,SuPhamSinhHoc
C01,18.6,ISTJ,KyThuat_CongNghe
A00,25.5,ESTJ,SuPhamTinHoc
D01,22.5,INTP,KhoaHocTuNhien
A01,27.5,ISTJ,SuPhamVatLy
D09,23.2,ENTP,NgoaiNgu
B00,29.0,ISTJ,SuPhamHoaHoc
A00,27.6,INTJ,SuPhamVatLy
D01,25.25,ISTP,SuPhamTinHoc
C01,27.25,ENFJ,GiaoDucTieuHoc
D01,26.25,ISFJ,GiaoDucTieuHoc
A00,27.5,ENFJ,GiaoDucTieuHoc
B00,27.25,ISTJ,SuPhamHoaHoc
A00,25.5,ESTJ,SuPhamTinHoc
D01,26.25,ENFP,GiaoDucTieuHoc
A00,27.75,INFJ,SuPhamKhoaHocTuNhien
D01,25.25,ENTP,SuPhamTinHoc
X25,23.1,ISFP,NongNghiep_MoiTruong_ThuySan
C00,23.75,ISTJ,Luat_KinhTe
C02,24.75,INTJ,KhoaHocTuNhien
A01,23.25,ISTJ,Luat_KinhTe
C02,24.75,ISTP,KhoaHocTuNhien
A01,28.25,INTP,SuPhamVatLy
X01,19.0,INFP,XaHoiNhanVan
D01,19.0,ENTP,Luat_KinhTe
D14,23.25,ENFP,SuPhamTiengPhap
A00,27.5,ISTJ,SuPhamHoaHoc
D07,21.25,ISTP,KyThuat_CongNghe
C01,24.25,INFJ,XaHoiNhanVan
D01,23.0,ENFP,XaHoiNhanVan
C01,19.6,ESTP,Luat_KinhTe
D01,20.25,INTP,CongNgheThongTin_TruyenThong
B08,18.85,ESFJ,NongNghiep_MoiTruong_ThuySan
D01,22.75,INFJ,SuPhamTiengPhap
D01,26.25,INFJ,SuPhamTiengPhap
A00,27.25,ESFP,GiaoDucTieuHoc
A00,28.25,ESFJ,GiaoDucTieuHoc
A00,25.25,ENTP,SuPhamTinHoc
D01,27.75,ENFJ,SuPhamTiengAnh
A00,22.0,ESTP,KyThuat_CongNghe
A01,19.0,ENTP,KhoaHocTuNhien
A01,26.0,ENTP,SuPhamTinHoc
A01,26.0,INTP,SuPhamKhoaHocTuNhien
D14,26.5,ESFP,NgoaiNgu
A01,26.5,ESTJ,SuPhamKhoaHocTuNhien
B03,27.0,ISFJ,SuPhamSinhHoc
X01,23.1,ENFP,XaHoiNhanVan
C01,23.75,ESFJ,XaHoiNhanVan
A01,20.0,INTJ,KyThuat_CongNghe
D01,24.75,ENFP,SuPhamTiengPhap
C01,19.75,ISTP,KyThuat_CongNghe
X01,27.25,ISFJ,XaHoiNhanVan
A01,25.5,ENTP,SuPhamTinHoc
B00,26.5,INFJ,SuPhamSinhHoc
D01,22.5,ESTP,CongNgheThongTin_TruyenThong
B00,26.5,ENFJ,SuPhamSinhHoc
D01,25.5,ESFJ,NgoaiNgu
A00,28.0,ESTJ,SuPhamVatLy
D14,27.75,ENFP,SuPhamTiengAnh
D01,24.75,ENFP,NgoaiNgu
C02,19.35,ISFJ,NongNghiep_MoiTruong_ThuySan
A01,27.25,INTJ,SuPhamVatLy
X01,26.25,ISFJ,XaHoiNhanVan
C02,21.75,ENTP,Luat_KinhTe
A01,28.0,INTP,SuPhamToanHoc
A00,27.5,INTJ,SuPhamVatLy
A01,26.25,ISTJ,SuPhamKhoaHocTuNhien
C01,16.0,ISTJ,KyThuat_CongNghe
D14,24.25,ENFP,NgoaiNgu
D01,26.25,ISTP,SuPhamTinHoc
D01,24.75,INFJ,SuPhamTiengPhap
X01,22.25,ISFJ,XaHoiNhanVan
D07,19.25,INTJ,KhoaHocTuNhien
A01,27.75,INTP,SuPhamVatLy
D14,27.0,INFJ,SuPhamTiengAnh
B00,22.75,INTP,KhoaHocTuNhien
C02,23.5,ISFJ,XaHoiNhanVan
B00,26.5,INTP,SuPhamKhoaHocTuNhien
C01,24.0,ISFJ,XaHoiNhanVan
D01,22.5,INTJ,KhoaHocTuNhien
A01,27.5,INTJ,SuPhamVatLy
D15,24.0,ESFJ,NgoaiNgu
C02,18.6,ISTP,NongNghiep_MoiTruong_ThuySan
B00,27.5,INTJ,SuPhamSinhHoc
D01,20.35,INFJ,XaHoiNhanVan
A00,27.0,ISTJ,SuPhamKhoaHocTuNhien
A00,26.5,ISTJ,SuPhamKhoaHocTuNhien
C01,25.25,INFJ,XaHoiNhanVan
C01,22.75,ISFJ,XaHoiNhanVan
C01,22.5,ESTP,KyThuat_CongNghe
A00,26.75,ESFJ,GiaoDucTieuHoc
D01,27.0,ENTP,SuPhamTiengAnh
A00,28.0,INTJ,SuPhamToanHoc
B03,26.25,INFJ,SuPhamSinhHoc
A00,21.25,ISTP,NongNghiep_MoiTruong_ThuySan
A00,19.85,ESTP,CongNgheThongTin_TruyenThong
C01,21.75,ENFP,XaHoiNhanVan
C01,25.5,INFP,XaHoiNhanVan
A01,20.75,ISFP,NongNghiep_MoiTruong_ThuySan
D14,28.5,ENFJ,SuPhamTiengAnh
A01,19.5,INTP,KhoaHocTuNhien
D01,20.0,ESTP,CongNgheThongTin_TruyenThong
A01,27.25,ESTJ,SuPhamTinHoc
A01,18.25,ISTP,NongNghiep_MoiTruong_ThuySan
B03,25.75,ENFJ,SuPhamSinhHoc
A00,27.25,INTP,SuPhamVatLy
A01,18.5,ISTJ,KhoaHocTuNhien
A00,28.0,INTJ,SuPhamHoaHoc
A01,21.25,ENTJ,CongNgheThongTin_TruyenThong
B03,26.25,INFJ,SuPhamSinhHoc
D15,23.75,INFJ,XaHoiNhanVan
D01,21.5,INTJ,KhoaHocTuNhien
D01,23.0,ENFP,SuPhamTiengPhap
D14,27.0,ENFJ,SuPhamTiengAnh
D01,18.25,ISTP,NongNghiep_MoiTruong_ThuySan
D01,24.5,ESTJ,SuPhamTinHoc
A01,27.25,INTJ,SuPhamVatLy
C01,20.5,INTJ,KyThuat_CongNghe
X26,19.25,ENTJ,CongNgheThongTin_TruyenThong
C01,21.25,ISTP,KyThuat_CongNghe
A01,19.75,INTJ,KyThuat_CongNghe
C01,26.5,ENFJ,GiaoDucTieuHoc
A00,22.75,INTJ,CongNgheThongTin_TruyenThong
C01,26.75,ISFJ,GiaoDucTieuHoc
A00,28.25,ENTJ,SuPhamToanHoc
A00,27.25,ISTJ,SuPhamVatLy
A01,24.0,ENTJ,CongNgheThongTin_TruyenThong
D14,24.0,INFJ,NgoaiNgu
D01,21.5,ENTJ,CongNgheThongTin_TruyenThong
B03,26.0,ENFJ,SuPhamSinhHoc
X25,21.25,ISFJ,NongNghiep_MoiTruong_ThuySan
C01,26.75,ENFJ,GiaoDucTieuHoc
A00,24.75,ISTP,SuPhamTinHoc
B00,26.0,ISFJ,SuPhamSinhHoc
C01,24.5,INFJ,XaHoiNhanVan
A00,27.75,ESTJ,SuPhamHoaHoc
D01,26.5,ENFP,GiaoDucTieuHoc
B00,28.0,ESTJ,SuPhamHoaHoc
A00,27.25,INTP,SuPhamHoaHoc
C00,23.5,ENTP,Luat_KinhTe
D14,26.5,INFJ,SuPhamTiengPhap
A00,18.5,ESFJ,NongNghiep_MoiTruong_ThuySan
D01,19.5,ESTP,CongNgheThongTin_TruyenThong
B00,27.5,ISTJ,SuPhamHoaHoc
D01,23.5,INFJ,SuPhamTiengPhap
D01,23.75,INFJ,NongNghiep_MoiTruong_ThuySan
A00,27.5,ISFJ,GiaoDucTieuHoc
A01,25.25,ESTJ,SuPhamTinHoc
A00,27.5,INTJ,SuPhamVatLy
C01,25.25,INFP,XaHoiNhanVan
A00,28.25,ESTJ,SuPhamHoaHoc
A00,27.75,INTP,SuPhamHoaHoc
D15,27.75,ENFJ,SuPhamTiengAnh
C01,24.0,ESTJ,Luat_KinhTe
D01,23.25,ISFP,NongNghiep_MoiTruong_ThuySan
D01,24.5,ISTP,SuPhamTinHoc
B00,27.25,ESTJ,SuPhamHoaHoc
B00,26.0,ENFJ,SuPhamSinhHoc
D01,25.5,ENFJ,SuPhamTiengPhap
C01,26.25,ENFJ,GiaoDucTieuHoc
D01,20.5,ISTP,KhoaHocTuNhien
D01,18.6,ENTP,CongNgheThongTin_TruyenThong
C02,22.25,ESTP,Luat_KinhTe
D15,28.25,INFJ,SuPhamTiengAnh
B00,28.25,ISTJ,SuPhamHoaHoc
D01,21.6,INTP,KhoaHocTuNhien
D01,20.6,ISTJ,KhoaHocTuNhien
D01,18.5,ISTP,NongNghiep_MoiTruong_ThuySan
A00,19.1,INTP,KyThuat_CongNghe
C01,18.75,INTJ,Luat_KinhTe
A01,27.0,INFJ,SuPhamKhoaHocTuNhien
C02,21.75,ISFJ,NongNghiep_MoiTruong_ThuySan
D01,24.0,ESFJ,SuPhamTiengPhap
A00,26.75,ESTJ,SuPhamKhoaHocTuNhien
A00,28.75,INTP,SuPhamHoaHoc
C01,25.5,ENFP,XaHoiNhanVan
D15,27.25,INFJ,SuPhamTiengAnh
A00,27.5,INTJ,SuPhamVatLy
A00,26.75,ESFP,GiaoDucTieuHoc
A00,24.75,ESTJ,SuPhamTinHoc
D01,19.5,ENTP,KhoaHocTuNhien
B00,27.0,INTJ,SuPhamKhoaHocTuNhien
D01,22.5,ESTP,Luat_KinhTe
A01,26.0,INTJ,KyThuat_CongNghe
B00,26.0,INFP,SuPhamSinhHoc
A00,19.75,ISTP,CongNgheThongTin_TruyenThong
A00,23.5,ENFP,XaHoiNhanVan
B00,26.0,ENFJ,SuPhamSinhHoc
D01,18.5,INTJ,CongNgheThongTin_TruyenThong
C01,21.1,ENFJ,XaHoiNhanVan
D01,26.25,ENFP,GiaoDucTieuHoc
C01,26.25,ISFJ,GiaoDucTieuHoc
B00,25.75,ISFJ,SuPhamSinhHoc
A00,27.5,INTP,SuPhamVatLy
C00,24.0,ENFJ,XaHoiNhanVan
A01,26.0,INTJ,SuPhamKhoaHocTuNhien
D14,24.25,INFJ,SuPhamTiengPhap
D01,21.5,INTP,CongNgheThongTin_TruyenThong
C01,26.5,ENFP,GiaoDucTieuHoc
X01,22.0,ENFP,XaHoiNhanVan
A01,21.25,INTP,KyThuat_CongNghe
D01,24.0,ISFJ,XaHoiNhanVan
B00,28.5,ESTJ,SuPhamHoaHoc
C02,22.0,ESFJ,NongNghiep_MoiTruong_ThuySan
C00,23.35,ESTP,Luat_KinhTe
A00,25.85,ISTP,SuPhamTinHoc
A00,27.5,ESTJ,SuPhamHoaHoc
D01,22.75,INTP,KhoaHocTuNhien
A00,27.5,ESTJ,SuPhamHoaHoc
B00,25.75,ISFJ,SuPhamSinhHoc
C02,19.5,ESTP,Luat_KinhTe
X01,22.75,INFJ,XaHoiNhanVan
A00,16.75,ESTJ,NongNghiep_MoiTruong_ThuySan
D01,22.25,ISFJ,XaHoiNhanVan
C01,17.25,ENTJ,KyThuat_CongNghe
X01,25.25,ESTP,Luat_KinhTe
D01,22.25,ESTJ,NongNghiep_MoiTruong_ThuySan
D01,19.25,ESTJ,Luat_KinhTe
C01,17.95,ESTP,KyThuat_CongNghe
X01,24.5,ENTP,Luat_KinhTe
C02,23.75,ESFJ,XaHoiNhanVan
C02,20.25,INTJ,KhoaHocTuNhien
A00,29.5,ISTJ,SuPhamToanHoc
A00,28.0,ISTJ,SuPhamVatLy
A00,29.25,ESTJ,SuPhamVatLy
B00,26.5,ISTJ,SuPhamKhoaHocTuNhien
A00,28.25,INTJ,SuPhamVatLy
C01,22.0,ISTP,KyThuat_CongNghe
C01,20.0,INTP,KyThuat_CongNghe
A00,27.75,INTJ,SuPhamToanHoc
D01,22.85,INFJ,SuPhamTiengPhap
D01,18.25,INTP,KhoaHocTuNhien
B00,27.25,ESTJ,SuPhamHoaHoc
D01,24.0,ENFP,NgoaiNgu
D14,24.25,ENFP,SuPhamTiengPhap
A00,27.25,INTP,SuPhamVatLy
C01,25.5,ESTP,Luat_KinhTe
A01,26.5,INFJ,SuPhamKhoaHocTuNhien
X25,23.5,ENFJ,XaHoiNhanVan
D01,26.0,ESTJ,SuPhamTinHoc
C01,23.5,ENFP,XaHoiNhanVan
B00,28.25,INTJ,SuPhamHoaHoc
B03,27.0,INFJ,SuPhamSinhHoc
C01,24.0,ENTP,Luat_KinhTe
A00,18.35,ISTJ,KyThuat_CongNghe
A00,29.25,INTP,SuPhamVatLy
A00,26.75,ISTJ,SuPhamKhoaHocTuNhien
A00,28.25,ESTJ,SuPhamToanHoc
C01,24.0,ENTP,Luat_KinhTe
C01,23.1,ISTP,KyThuat_CongNghe
D14,22.75,ESFJ,SuPhamTiengPhap
A00,27.5,INTP,SuPhamHoaHoc
D07,16.95,ESTP,KyThuat_CongNghe
A00,26.5,ENTP,SuPhamTinHoc
X01,25.1,ENTJ,Luat_KinhTe
D01,26.0,ESTP,CongNgheThongTin_TruyenThong
D14,24.1,ENFP,SuPhamTiengPhap
D01,27.5,ESFJ,SuPhamTiengAnh
A01,27.25,ESTJ,SuPhamVatLy
B00,25.6,ENFJ,SuPhamSinhHoc
A00,27.0,ENFJ,GiaoDucTieuHoc
A00,27.25,ESTJ,SuPhamVatLy
D14,19.6,ISFJ,XaHoiNhanVan
A01,29.0,ESTJ,SuPhamToanHoc
B03,26.0,INFP,SuPhamSinhHoc
A00,27.5,INTP,SuPhamVatLy
D01,24.75,INTJ,SuPhamTinHoc
A00,16.35,ESTJ,NongNghiep_MoiTruong_ThuySan
D15,27.5,ESFJ,SuPhamTiengAnh
D01,23.5,INFJ,NgoaiNgu
A00,28.0,INTP,SuPhamHoaHoc
C01,27.0,ESFJ,GiaoDucTieuHoc
C01,26.5,ISFJ,GiaoDucTieuHoc
D01,21.1,INTJ,CongNgheThongTin_TruyenThong
A01,15.25,ISTP,NongNghiep_MoiTruong_ThuySan
X25,17.5,ISFJ,NongNghiep_MoiTruong_ThuySan
D01,27.25,ENFJ,SuPhamTiengAnh
D07,18.0,ESFJ,NongNghiep_MoiTruong_ThuySan
C01,22.1,ISTP,KyThuat_CongNghe
D14,24.75,ISFJ,SuPhamTiengPhap
C02,24.5,ENFP,XaHoiNhanVan
B00,26.1,ISFJ,SuPhamSinhHoc
A00,28.0,ISTJ,SuPhamToanHoc
B00,27.25,ISTJ,SuPhamHoaHoc
D01,23.75,INTP,KhoaHocTuNhien
D01,27.0,INFJ,SuPhamTiengAnh
B03,26.75,INTJ,SuPhamSinhHoc
D01,23.0,ENFP,NgoaiNgu
D14,27.25,ENFP,SuPhamTiengAnh
A00,27.25,ISTJ,SuPhamVatLy
A00,28.75,ESFP,GiaoDucTieuHoc
C02,18.35,ESFJ,NongNghiep_MoiTruong_ThuySan
D01,27.25,ENFJ,SuPhamTiengAnh
A00,28.0,ESTJ,SuPhamToanHoc
C02,23.25,ENFP,XaHoiNhanVan
A00,24.5,INTJ,SuPhamTinHoc
B00,27.25,ISTJ,SuPhamKhoaHocTuNhien
D01,23.25,ISTP,KhoaHocTuNhien
A00,28.75,INTP,SuPhamHoaHoc
D01,22.0,ISFP,NongNghiep_MoiTruong_ThuySan
D14,23.75,ESFP,NgoaiNgu
D15,23.75,ENTP,NgoaiNgu
A00,27.5,ISTJ,SuPhamVatLy
D01,24.5,INTP,KhoaHocTuNhien
D01,23.0,ESTP,CongNgheThongTin_TruyenThong
A01,28.0,ENTJ,SuPhamToanHoc
A00,27.75,INTP,SuPhamHoaHoc
B00,22.35,ESTP,KyThuat_CongNghe
D01,18.6,ESFJ,NongNghiep_MoiTruong_ThuySan
A00,27.75,ESTJ,SuPhamToanHoc
B00,26.5,ESTJ,SuPhamKhoaHocTuNhien
D01,21.25,INTP,KhoaHocTuNhien
A00,25.75,INTP,CongNgheThongTin_TruyenThong
D01,22.75,ISFJ,NongNghiep_MoiTruong_ThuySan
A01,25.0,ISTP,CongNgheThongTin_TruyenThong
X01,23.5,ISTJ,Luat_KinhTe
A00,24.5,INTP,SuPhamTinHoc
D01,25.25,ESFJ,NgoaiNgu
C00,25.25,INFJ,XaHoiNhanVan
A00,29.25,ISTJ,SuPhamToanHoc
A00,27.5,ISTJ,SuPhamVatLy
D01,21.5,ISTJ,KhoaHocTuNhien
A00,27.25,ISTJ,SuPhamHoaHoc
D15,27.25,ENFP,SuPhamTiengAnh
D01,18.85,ISTP,KhoaHocTuNhien
C02,20.25,ESTJ,NongNghiep_MoiTruong_ThuySan
C01,26.25,ISFJ,GiaoDucTieuHoc
D01,17.75,ISFJ,NongNghiep_MoiTruong_ThuySan
B00,27.0,ISTJ,SuPhamKhoaHocTuNhien
B03,25.75,ENFJ,SuPhamSinhHoc
A01,21.85,INTP,CongNgheThongTin_TruyenThong
X01,21.1,INFJ,XaHoiNhanVan
C01,23.0,ESFJ,XaHoiNhanVan
A00,25.0,INTP,SuPhamTinHoc
A00,27.75,INTP,SuPhamVatLy
A00,28.5,ISTJ,SuPhamHoaHoc
A00,26.5,ENTJ,CongNgheThongTin_TruyenThong
D14,25.5,ENFJ,SuPhamTiengPhap
C00,20.5,INTJ,Luat_KinhTe
D14,27.0,ESFJ,SuPhamTiengAnh
A01,26.75,ISTJ,SuPhamKhoaHocTuNhien
D07,17.35,ISTP,NongNghiep_MoiTruong_ThuySan
D01,27.5,ESFJ,SuPhamTiengAnh
C01,25.25,INFJ,XaHoiNhanVan
D01,22.75,INFJ,SuPhamTiengPhap
D14,24.5,INFJ,NgoaiNgu
D01,25.0,ISTJ,Luat_KinhTe
D01,23.75,INTP,KhoaHocTuNhien
A01,28.25,ISTJ,SuPhamVatLy
C01,26.25,ESFP,GiaoDucTieuHoc
D01,20.75,INTP,CongNgheThongTin_TruyenThong
A00,26.5,ESTJ,SuPhamKhoaHocTuNhien
D07,25.5,ISTP,SuPhamTinHoc
C01,19.7,ENTP,Luat_KinhTe
A00,22.1,ESTP,Luat_KinhTe
A00,28.0,ESTJ,SuPhamVatLy
A00,28.0,INTP,SuPhamHoaHoc
X01,21.75,ISFJ,XaHoiNhanVan
X25,16.35,ESTJ,NongNghiep_MoiTruong_ThuySan
B00,25.75,ENFJ,SuPhamSinhHoc
A00,24.5,INTJ,SuPhamTinHoc
B03,25.75,INFJ,SuPhamSinhHoc
A00,28.75,ESTJ,SuPhamVatLy
D14,24.25,ENFJ,NgoaiNgu
D01,23.0,INFJ,NongNghiep_MoiTruong_ThuySan
D01,21.0,INTP,CongNgheThongTin_TruyenThong
D01,26.75,ISFJ,GiaoDucTieuHoc
B00,26.0,INFJ,SuPhamKhoaHocTuNhien
D01,21.0,ENTP,CongNgheThongTin_TruyenThong
D01,22.5,INTP,CongNgheThongTin_TruyenThong
C02,15.1,ISFJ,NongNghiep_MoiTruong_ThuySan
A00,23.0,ESFJ,XaHoiNhanVan
C01,19.25,ISTJ,KyThuat_CongNghe
D01,23.25,ENFJ,SuPhamTiengPhap
A00,28.0,ESTJ,SuPhamToanHoc
C01,21.25,INTJ,Luat_KinhTe
A00,27.5,ESTJ,SuPhamHoaHoc
D01,26.75,INFJ,NgoaiNgu
A00,27.75,ESTJ,SuPhamVatLy
C02,22.6,INTJ,KhoaHocTuNhien
A00,27.5,INTJ,SuPhamHoaHoc
D01,21.25,ENTP,KhoaHocTuNhien
D01,26.0,ENFJ,SuPhamTiengPhap
A00,24.6,ESTJ,SuPhamTinHoc
A01,27.75,INTJ,SuPhamToanHoc
C00,20.85,ESTP,Luat_KinhTe
C01,29.0,ESFP,GiaoDucTieuHoc
X01,19.85,INTJ,Luat_KinhTe
D14,27.75,ESFJ,SuPhamTiengAnh
C01,19.75,ISTJ,KyThuat_CongNghe
A00,27.25,INTP,SuPhamVatLy
D01,18.6,ISTJ,Luat_KinhTe
D09,24.5,ENTP,NgoaiNgu
B00,27.25,INTJ,SuPhamSinhHoc
D01,19.75,ISTP,CongNgheThongTin_TruyenThong
D01,24.5,ESTJ,SuPhamTinHoc
B03,25.75,ISFJ,SuPhamSinhHoc
A00,19.1,INFJ,NongNghiep_MoiTruong_ThuySan
A00,27.75,INTJ,SuPhamHoaHoc
X70,25.5,ISFJ,XaHoiNhanVan
A01,28.5,ENTJ,SuPhamToanHoc
A00,28.0,INTJ,SuPhamToanHoc
B00,26.5,INTJ,SuPhamSinhHoc
A01,25.25,INTJ,SuPhamTinHoc
C01,16.75,ESTP,KyThuat_CongNghe
C02,19.0,ISTJ,KhoaHocTuNhien
A01,27.75,INTJ,SuPhamToanHoc
B00,21.25,ISTP,NongNghiep_MoiTruong_ThuySan
A00,27.25,ESTJ,SuPhamHoaHoc
D01,18.75,INTP,KhoaHocTuNhien
A01,18.0,ESTP,CongNgheThongTin_TruyenThong
A00,25.75,ENFP,XaHoiNhanVan
C02,20.25,ESTP,Luat_KinhTe
B00,28.5,ESTJ,SuPhamHoaHoc
B00,26.75,INFJ,SuPhamSinhHoc
A01,28.5,ISTJ,SuPhamToanHoc
D01,23.25,ENFP,NgoaiNgu
A01,25.5,ENTP,SuPhamTinHoc
C00,23.5,ISTJ,Luat_KinhTe
D01,21.25,ENTJ,CongNgheThongTin_TruyenThong
A00,28.0,ESTJ,SuPhamHoaHoc
B00,27.5,INTJ,SuPhamSinhHoc
D01,21.5,ISTJ,KhoaHocTuNhien
A01,24.25,ENTJ,CongNgheThongTin_TruyenThong
D01,24.5,ISTP,KhoaHocTuNhien
C01,26.25,ESFJ,GiaoDucTieuHoc
B03,25.75,INTJ,SuPhamSinhHoc
C01,22.0,INTP,KyThuat_CongNghe
C01,21.6,ENTP,Luat_KinhTe
A00,26.75,ENTP,SuPhamTinHoc
D01,20.25,INFJ,NongNghiep_MoiTruong_ThuySan
B00,27.5,ENFJ,SuPhamSinhHoc
D01,23.0,INFJ,SuPhamTiengPhap
D01,25.25,ENTP,NgoaiNgu
C01,27.75,ISFJ,GiaoDucTieuHoc
A01,24.75,ENTP,SuPhamTinHoc
D14,23.0,ENFP,SuPhamTiengPhap
X25,17.75,ISTP,NongNghiep_MoiTruong_ThuySan
C02,24.5,ENFJ,XaHoiNhanVan
D01,23.25,ENFJ,SuPhamTiengPhap
C01,22.25,ISTP,KyThuat_CongNghe
D01,24.5,ESFP,NgoaiNgu
D01,20.25,ENTJ,CongNgheThongTin_TruyenThong
D14,23.75,ENFJ,SuPhamTiengPhap
D01,25.0,INTJ,KhoaHocTuNhien
A01,22.5,INTP,CongNgheThongTin_TruyenThong
D01,23.75,ENTP,NgoaiNgu
A01,26.0,ENTP,SuPhamTinHoc
D01,27.0,ENFP,SuPhamTiengAnh
C02,26.0,ENFJ,XaHoiNhanVan
D01,23.75,ESFJ,NgoaiNgu
D01,24.5,ISTP,CongNgheThongTin_TruyenThong
A00,28.25,INTP,SuPhamHoaHoc
D09,24.35,ENFJ,NgoaiNgu
D14,24.0,ENFJ,NgoaiNgu
A01,18.0,ENTJ,KyThuat_CongNghe
D01,21.0,ESTP,CongNgheThongTin_TruyenThong
C02,20.25,INTP,KhoaHocTuNhien
D01,24.75,ISTP,SuPhamTinHoc
B00,27.25,ESTJ,SuPhamHoaHoc
D14,26.5,ESFP,NgoaiNgu
A00,26.75,ISTJ,SuPhamKhoaHocTuNhien
D01,23.75,ENTP,NgoaiNgu
A00,26.75,ENTP,SuPhamTinHoc
C01,24.75,INFJ,XaHoiNhanVan
C01,21.5,ISTJ,Luat_KinhTe
D01,23.25,ESTP,CongNgheThongTin_TruyenThong
C01,24.1,ISTJ,KyThuat_CongNghe
C01,25.0,INFJ,XaHoiNhanVan
D01,27.25,ESFP,NgoaiNgu
A00,29.0,INTJ,SuPhamVatLy
X74,22.0,ESFJ,XaHoiNhanVan
C01,19.25,INTP,KyThuat_CongNghe
D01,22.0,ENFP,XaHoiNhanVan
A01,28.0,ESTJ,SuPhamVatLy
A00,27.25,INTJ,SuPhamVatLy
A00,26.25,ENFJ,GiaoDucTieuHoc
D01,24.25,ISFJ,SuPhamTiengPhap
D14,24.0,ENTP,NgoaiNgu
D01,23.5,ENFJ,SuPhamTiengPhap
C01,22.35,ISTJ,KyThuat_CongNghe
D01,25.25,INTP,SuPhamTinHoc
D01,20.75,ISTJ,KhoaHocTuNhien
C01,20.0,ISTJ,KyThuat_CongNghe
D15,27.0,ENFJ,SuPhamTiengAnh
B00,27.0,INFJ,SuPhamSinhHoc
D01,21.0,ESTJ,NongNghiep_MoiTruong_ThuySan
D01,27.0,ESFJ,GiaoDucTieuHoc
A00,28.75,INTJ,SuPhamHoaHoc
A00,27.25,INTJ,SuPhamHoaHoc
D01,26.25,ENTP,NgoaiNgu
D01,25.0,ENTP,CongNgheThongTin_TruyenThong
D01,24.5,ISTP,SuPhamTinHoc
D14,23.75,ENFJ,NgoaiNgu
D01,23.25,ESTP,CongNgheThongTin_TruyenThong
D01,26.25,ISFJ,GiaoDucTieuHoc
A00,28.0,ISTJ,SuPhamToanHoc
A01,17.25,ISFJ,NongNghiep_MoiTruong_ThuySan
A00,28.5,INTJ,SuPhamHoaHoc
X70,21.1,ESFJ,XaHoiNhanVan
A00,23.25,ISFJ,XaHoiNhanVan
A00,27.5,INTJ,SuPhamVatLy
A00,20.35,ISTP,CongNgheThongTin_TruyenThong
C01,20.35,INTJ,Luat_KinhTe
D01,25.5,INFJ,NgoaiNgu
C01,23.75,ISTJ,Luat_KinhTe
D14,25.75,ISFJ,SuPhamTiengPhap
D01,28.0,ENTP,SuPhamTiengAnh
D14,24.0,INFJ,NgoaiNgu
B00,27.25,INTJ,SuPhamHoaHoc
D01,27.0,ENFJ,SuPhamTiengAnh
A00,26.5,INFJ,SuPhamKhoaHocTuNhien
A01,25.25,INTJ,CongNgheThongTin_TruyenThong
B00,27.0,ENFJ,SuPhamSinhHoc
A00,26.5,INTP,SuPhamKhoaHocTuNhien
A00,28.0,ENTJ,SuPhamToanHoc
A00,27.5,ESTJ,SuPhamHoaHoc
D01,24.0,ENFJ,NgoaiNgu
A00,27.75,ISTJ,SuPhamToanHoc
B00,28.75,INFJ,SuPhamKhoaHocTuNhien
C01,19.0,ISTP,KyThuat_CongNghe
A00,27.0,ESTJ,SuPhamKhoaHocTuNhien
B00,26.25,INFP,SuPhamSinhHoc
D01,25.25,ENFP,NgoaiNgu
D01,27.5,ENFP,SuPhamTiengAnh
D01,26.25,ESFP,GiaoDucTieuHoc
B00,27.5,INTP,SuPhamHoaHoc
B00,28.25,INTJ,SuPhamHoaHoc
A00,24.25,ISTP,KhoaHocTuNhien
A00,26.25,ENFJ,GiaoDucTieuHoc
D01,23.5,ISFJ,SuPhamTiengPhap
D01,27.25,ESFJ,SuPhamTiengAnh
D01,25.25,ENTP,SuPhamTinHoc
D01,25.5,INFJ,SuPhamTiengPhap
D01,18.25,INTP,KhoaHocTuNhien
D01,19.0,ENTJ,Luat_KinhTe
A01,18.5,ISTP,KhoaHocTuNhien
D01,18.25,ISTP,NongNghiep_MoiTruong_ThuySan
A00,28.0,ISTJ,SuPhamVatLy
A01,26.25,INTJ,SuPhamTinHoc
C01,15.2,INTJ,KyThuat_CongNghe
B00,26.5,INTJ,SuPhamSinhHoc
A00,28.0,INTJ,SuPhamToanHoc
A01,25.0,INTP,SuPhamTinHoc
D14,23.25,ENFP,SuPhamTiengPhap
A00,27.5,ISTJ,SuPhamKhoaHocTuNhien
A00,28.75,ISTJ,SuPhamToanHoc
B03,26.25,INTJ,SuPhamSinhHoc
A00,27.25,INTP,SuPhamVatLy
B00,21.5,INTJ,KhoaHocTuNhien
D01,27.0,ESFJ,SuPhamTiengAnh
A00,27.5,ESFJ,GiaoDucTieuHoc
B03,26.5,INFJ,SuPhamSinhHoc
X01,19.5,ENTP,Luat_KinhTe
B00,22.0,ISTJ,KhoaHocTuNhien
D01,18.75,ISTP,KhoaHocTuNhien
D01,19.75,ENTJ,CongNgheThongTin_TruyenThong
A00,27.5,ISTJ,SuPhamVatLy
A00,28.5,INTJ,SuPhamVatLy
D15,28.0,ENFP,SuPhamTiengAnh
D01,23.25,ISFJ,SuPhamTiengPhap
A00,28.5,INTP,SuPhamHoaHoc
D01,23.5,ESFJ,SuPhamTiengPhap
A01,24.75,INTP,SuPhamTinHoc
B03,28.25,INFJ,SuPhamSinhHoc
D01,26.0,INTJ,SuPhamTinHoc
D01,21.75,ESFJ,NongNghiep_MoiTruong_ThuySan
A01,26.75,ESTJ,SuPhamKhoaHocTuNhien
D07,18.75,INTP,KyThuat_CongNghe
B03,26.25,ISFJ,SuPhamSinhHoc
A01,27.75,INTJ,SuPhamVatLy
B00,28.25,ISTJ,SuPhamHoaHoc
D01,22.25,ENTP,KhoaHocTuNhien
A00,28.75,INTP,SuPhamToanHoc
D01,25.25,ESTJ,SuPhamTinHoc
C02,19.6,ENTP,KhoaHocTuNhien
D01,21.75,ENTJ,CongNgheThongTin_TruyenThong
D01,25.0,ENFJ,SuPhamTiengPhap
A00,26.75,INTJ,SuPhamKhoaHocTuNhien
A01,24.5,INTJ,SuPhamTinHoc
D14,24.0,INFJ,SuPhamTiengPhap
D01,25.0,ENTP,NgoaiNgu
A00,29.0,INTP,SuPhamHoaHoc
B00,26.25,ISFJ,SuPhamSinhHoc
C02,20.0,ISTP,NongNghiep_MoiTruong_ThuySan
D01,26.5,INFJ,SuPhamTiengPhap
D14,27.5,ESFJ,SuPhamTiengAnh
D15,25.0,ENTP,NgoaiNgu
A01,23.25,ENTJ,Luat_KinhTe
A01,25.0,ESTJ,SuPhamTinHoc
D01,17.25,INTJ,KhoaHocTuNhien
A01,26.75,ENTP,SuPhamTinHoc
D01,20.75,ISTP,KhoaHocTuNhien
D01,21.75,INTJ,CongNgheThongTin_TruyenThong
A00,29.0,ISTJ,SuPhamToanHoc
D01,21.75,ISFJ,NongNghiep_MoiTruong_ThuySan
D15,27.25,INFJ,SuPhamTiengAnh
C02,18.5,ENTP,Luat_KinhTe
D14,23.0,ENFJ,NgoaiNgu
D14,23.5,ESFJ,SuPhamTiengPhap
X01,19.85,ESTJ,Luat_KinhTe
B03,26.5,ISFJ,SuPhamSinhHoc
A00,27.75,INTJ,SuPhamHoaHoc
A00,28.0,ESTJ,SuPhamToanHoc
A00,27.75,ESTJ,SuPhamToanHoc
D01,22.85,ISFP,NongNghiep_MoiTruong_ThuySan
A00,28.0,ESTJ,SuPhamVatLy
C01,26.5,ENFJ,GiaoDucTieuHoc
A01,28.0,ESTJ,SuPhamToanHoc
X01,21.25,ISFJ,XaHoiNhanVan
A00,28.5,ESTJ,SuPhamToanHoc
A00,28.25,ENTJ,SuPhamToanHoc
A00,27.5,ESTJ,SuPhamHoaHoc
A01,26.0,INTJ,SuPhamKhoaHocTuNhien
A00,27.0,ESFJ,GiaoDucTieuHoc
A01,26.75,ESTJ,SuPhamKhoaHocTuNhien
C01,24.25,INTP,KyThuat_CongNghe
A00,21.0,ENTJ,KyThuat_CongNghe
D15,24.0,ENFP,NgoaiNgu
B03,26.25,ENFJ,SuPhamSinhHoc
A00,27.75,INTP,SuPhamVatLy
D09,24.5,INFJ,NgoaiNgu
X70,20.75,ENFJ,XaHoiNhanVan
C00,24.25,ENFJ,XaHoiNhanVan
A00,20.25,INTP,KyThuat_CongNghe
A00,27.75,INTP,SuPhamVatLy
D01,24.5,ISTP,SuPhamTinHoc
A00,22.75,INTP,CongNgheThongTin_TruyenThong
A00,27.75,INTJ,SuPhamToanHoc
C01,26.25,ENFP,GiaoDucTieuHoc
D01,27.0,ENFP,SuPhamTiengAnh
C01,22.1,ENFP,XaHoiNhanVan
C02,17.85,INFJ,NongNghiep_MoiTruong_ThuySan
D14,22.75,ENFJ,SuPhamTiengPhap
D01,23.75,ENTP,Luat_KinhTe
A01,27.75,INTJ,SuPhamToanHoc
C02,19.85,ESTJ,NongNghiep_MoiTruong_ThuySan
A00,28.75,INTP,SuPhamToanHoc
D01,21.5,ISTJ,Luat_KinhTe
A00,27.25,ISTJ,SuPhamKhoaHocTuNhien
D01,22.5,INTJ,Luat_KinhTe
D15,27.0,ESFJ,SuPhamTiengAnh
A00,26.0,INFJ,SuPhamKhoaHocTuNhien
D01,24.0,INFJ,NgoaiNgu
D01,22.35,INTJ,KhoaHocTuNhien
D01,22.75,ENTP,CongNgheThongTin_TruyenThong
D01,23.0,ISTJ,KhoaHocTuNhien
B00,26.0,ISFJ,SuPhamSinhHoc
D01,17.85,ISTP,NongNghiep_MoiTruong_ThuySan
D14,27.5,ESFJ,SuPhamTiengAnh
A01,21.75,INTJ,CongNgheThongTin_TruyenThong
D01,26.25,ISFJ,GiaoDucTieuHoc
A00,25.5,ESTJ,SuPhamTinHoc
B00,27.75,ISTJ,SuPhamHoaHoc
C01,26.75,ENFP,GiaoDucTieuHoc
X25,19.85,ESFJ,NongNghiep_MoiTruong_ThuySan
A01,22.25,INTJ,KhoaHocTuNhien
X01,19.6,ISTJ,Luat_KinhTe
A01,23.75,ESTJ,Luat_KinhTe
D01,24.0,ENTP,NgoaiNgu
D01,25.25,ESTJ,SuPhamTinHoc
A01,17.35,ISTP,NongNghiep_MoiTruong_ThuySan
D14,27.0,INFJ,SuPhamTiengAnh
A00,23.0,ISFJ,XaHoiNhanVan
A01,28.75,ISTJ,SuPhamVatLy
B00,25.75,ENFJ,SuPhamSinhHoc
A01,20.25,INTJ,CongNgheThongTin_TruyenThong
D14,23.25,INFJ,NgoaiNgu
C02,25.5,INFJ,XaHoiNhanVan
B00,25.75,INFJ,SuPhamSinhHoc
C00,20.5,ISTJ,Luat_KinhTe
D01,24.75,ENTP,NgoaiNgu
A01,27.75,ISTJ,SuPhamVatLy
A00,27.0,ESTJ,SuPhamKhoaHocTuNhien
D01,20.0,INTP,CongNgheThongTin_TruyenThong
A01,19.75,ESTJ,NongNghiep_MoiTruong_ThuySan
A01,27.5,ESTJ,SuPhamVatLy
D01,25.25,INFJ,SuPhamTiengPhap
D01,21.85,ESTP,CongNgheThongTin_TruyenThong
C01,17.0,ENTJ,KyThuat_CongNghe
D01,23.25,INTP,CongNgheThongTin_TruyenThong
C01,19.75,ENTJ,Luat_KinhTe
A00,28.5,INTJ,SuPhamVatLy
D01,24.5,INTP,SuPhamTinHoc
B00,26.75,INTJ,SuPhamSinhHoc
D14,24.25,ISFJ,SuPhamTiengPhap
C01,25.0,INTP,KyThuat_CongNghe
D01,19.75,INTJ,Luat_KinhTe
A00,28.0,ISTJ,SuPhamVatLy
B00,20.0,INTJ,KyThuat_CongNghe
A00,27.25,INTP,SuPhamTinHoc
A01,21.25,ENTP,KhoaHocTuNhien
A00,27.75,ISTJ,SuPhamToanHoc
C01,26.25,ENFJ,GiaoDucTieuHoc
A00,27.5,INTJ,SuPhamHoaHoc
B00,26.0,INTJ,SuPhamSinhHoc
A00,27.0,ESTJ,SuPhamKhoaHocTuNhien
C01,16.6,ENTJ,KyThuat_CongNghe
D01,25.0,ENTP,SuPhamTinHoc
A00,28.25,ISTJ,SuPhamToanHoc
D01,22.75,ISTP,KhoaHocTuNhien
D01,18.0,ISFJ,NongNghiep_MoiTruong_ThuySan
B00,27.0,INFJ,SuPhamSinhHoc
C01,26.5,ESFP,GiaoDucTieuHoc
A00,21.25,ESTP,CongNgheThongTin_TruyenThong
B03,21.25,ISTJ,KhoaHocTuNhien
D01,23.75,ENTP,NgoaiNgu
C01,24.0,INFP,XaHoiNhanVan
A00,28.5,ISTJ,SuPhamToanHoc
D01,24.75,ENTP,SuPhamTinHoc
A00,27.5,ISTJ,SuPhamVatLy
D01,24.0,ISFJ,SuPhamTiengPhap
B00,24.75,INTP,KhoaHocTuNhien
A01,27.75,ISTJ,SuPhamToanHoc
D01,19.85,ISTP,KhoaHocTuNhien
A00,20.1,INTJ,CongNgheThongTin_TruyenThong
D01,20.1,ENTJ,CongNgheThongTin_TruyenThong
C01,22.0,ISTP,KyThuat_CongNghe
D07,22.5,INTJ,KyThuat_CongNghe
A01,19.75,ISFJ,NongNghiep_MoiTruong_ThuySan
B00,18.45,ENTJ,KyThuat_CongNghe
D01,20.1,ISTJ,Luat_KinhTe
D01,23.25,INFJ,SuPhamTiengPhap
B00,28.25,INTJ,SuPhamHoaHoc
D01,23.1,ENFJ,SuPhamTiengPhap
A00,26.75,INFJ,SuPhamKhoaHocTuNhien
A01,23.0,ISTP,CongNgheThongTin_TruyenThong
A00,28.5,ISTJ,SuPhamToanHoc
A00,20.0,ENTP,CongNgheThongTin_TruyenThong
D01,24.5,ESTJ,SuPhamTinHoc
B00,28.25,INTP,SuPhamKhoaHocTuNhien
D14,25.0,ESFJ,NgoaiNgu
A01,28.25,ENTJ,SuPhamToanHoc
D01,23.25,ISTP,KhoaHocTuNhien
D01,22.25,ENTJ,CongNgheThongTin_TruyenThong
D01,24.75,ENTP,NgoaiNgu
B00,29.0,ISFJ,SuPhamSinhHoc
A01,25.75,ENFP,XaHoiNhanVan
A01,26.25,INFJ,SuPhamKhoaHocTuNhien
C02,19.25,ISFP,NongNghiep_MoiTruong_ThuySan
B00,28.25,ENFJ,SuPhamSinhHoc
B00,22.6,ISTP,KyThuat_CongNghe
B03,25.75,INFP,SuPhamSinhHoc
A00,27.25,ESTJ,SuPhamVatLy
A00,20.35,ENTJ,CongNgheThongTin_TruyenThong
A00,24.75,INTJ,SuPhamTinHoc
D01,18.75,ENTP,CongNgheThongTin_TruyenThong
A00,28.5,ISTJ,SuPhamToanHoc
A00,29.25,INTP,SuPhamVatLy
D01,23.0,INFJ,SuPhamTiengPhap
D01,23.75,INFJ,SuPhamTiengPhap
B00,27.35,ESTJ,SuPhamHoaHoc
D14,23.0,ENFP,SuPhamTiengPhap
B03,27.5,ENFJ,SuPhamSinhHoc
B03,26.75,ISFJ,SuPhamSinhHoc
A00,27.5,INTJ,SuPhamHoaHoc
B00,27.25,INTP,SuPhamHoaHoc
A00,25.0,ISTP,SuPhamTinHoc
D14,23.5,ESFJ,NgoaiNgu
B00,25.75,INFJ,SuPhamSinhHoc
C02,23.5,INTJ,Luat_KinhTe
C01,22.6,INFP,XaHoiNhanVan
D01,20.75,INTP,CongNgheThongTin_TruyenThong
D01,24.5,ESFJ,NgoaiNgu
A01,25.75,ESTJ,SuPhamTinHoc
C01,19.75,ISTJ,KyThuat_CongNghe
A00,27.75,ISTJ,SuPhamToanHoc
B03,25.75,INFP,SuPhamSinhHoc
X70,25.5,ENFP,XaHoiNhanVan
B00,19.85,ISFJ,NongNghiep_MoiTruong_ThuySan
C01,20.75,ENTP,Luat_KinhTe
B00,28.25,ISTJ,SuPhamHoaHoc
C01,23.75,ISTJ,Luat_KinhTe
D01,21.75,ISFJ,NongNghiep_MoiTruong_ThuySan
B03,25.75,INFJ,SuPhamSinhHoc
D01,25.75,ENTP,SuPhamTinHoc
A00,27.25,INTJ,SuPhamHoaHoc
D14,23.5,ENFJ,NgoaiNgu
A00,27.75,INTJ,SuPhamVatLy
C00,28.5,ENTJ,Luat_KinhTe
D01,19.5,INTP,KhoaHocTuNhien
D15,24.75,ESFJ,NgoaiNgu
A00,27.5,ISTJ,SuPhamHoaHoc
X01,18.6,ESTP,Luat_KinhTe
A00,26.25,ISTP,SuPhamTinHoc
A00,26.5,ISTP,SuPhamTinHoc
A01,27.5,INTJ,SuPhamVatLy
B00,18.45,ENTJ,KyThuat_CongNghe
A00,28.25,ENTJ,SuPhamToanHoc
D01,23.25,ENFP,SuPhamTiengPhap
C00,20.5,ESFJ,XaHoiNhanVan
B00,27.25,INTJ,SuPhamHoaHoc
D01,20.75,ENTJ,CongNgheThongTin_TruyenThong
X01,20.75,INTJ,Luat_KinhTe
D15,28.25,ESFJ,SuPhamTiengAnh
X25,17.75,ESFJ,NongNghiep_MoiTruong_ThuySan
A01,17.25,INTJ,KyThuat_CongNghe
D01,17.5,ISTP,NongNghiep_MoiTruong_ThuySan
A00,27.5,ESTJ,SuPhamVatLy
A00,29.5,ENTJ,SuPhamToanHoc
D14,24.5,ENFP,XaHoiNhanVan
A01,21.0,INTJ,KyThuat_CongNghe
D07,25.5,INTJ,SuPhamTinHoc
D14,26.25,ESFJ,SuPhamTiengPhap
A00,27.5,ESTJ,SuPhamVatLy
A01,26.0,INTJ,SuPhamTinHoc
A00,27.75,INTP,SuPhamVatLy
A00,28.75,ISTJ,SuPhamToanHoc
D07,24.75,ISTP,SuPhamTinHoc
D01,24.5,INTP,SuPhamTinHoc
D01,23.0,ENFP,NgoaiNgu
D01,18.75,ISFP,NongNghiep_MoiTruong_ThuySan
B03,25.6,ISFJ,SuPhamSinhHoc
A01,22.5,ENTJ,Luat_KinhTe
A01,28.75,ESTJ,SuPhamKhoaHocTuNhien
D14,23.75,ENFJ,SuPhamTiengPhap
A00,27.0,ENFP,GiaoDucTieuHoc
B00,26.5,INTJ,SuPhamKhoaHocTuNhien
B00,26.75,INTJ,SuPhamSinhHoc
A00,28.25,INTJ,SuPhamHoaHoc
B00,18.75,ESTJ,NongNghiep_MoiTruong_ThuySan
D01,23.25,INFJ,NgoaiNgu
X25,18.1,ISFP,NongNghiep_MoiTruong_ThuySan
D14,24.5,ENFJ,SuPhamTiengPhap
C02,23.5,ENTP,Luat_KinhTe
C01,20.0,INTP,KyThuat_CongNghe
D01,26.0,INTP,SuPhamTinHoc
D15,25.25,INFJ,XaHoiNhanVan
D01,21.75,INTJ,CongNgheThongTin_TruyenThong
A01,21.5,ISTJ,KyThuat_CongNghe
D01,19.75,ISTP,KhoaHocTuNhien
D01,17.75,ESFJ,NongNghiep_MoiTruong_ThuySan
D15,23.25,ESFP,NgoaiNgu
D01,22.75,ESFJ,SuPhamTiengPhap
D01,27.0,ENTP,CongNgheThongTin_TruyenThong
D09,25.25,ESFJ,NgoaiNgu
D01,21.25,ESTP,Luat_KinhTe
A01,25.25,ENTP,SuPhamTinHoc
A00,26.5,ESTJ,SuPhamTinHoc
A00,26.5,ENFP,GiaoDucTieuHoc
D01,20.1,ISTP,NongNghiep_MoiTruong_ThuySan
A00,25.75,ENTP,KhoaHocTuNhien
B03,26.25,INTJ,SuPhamSinhHoc
B03,26.0,ISFJ,SuPhamSinhHoc
D01,21.75,ISFJ,NongNghiep_MoiTruong_ThuySan
D01,24.5,ESFP,NgoaiNgu
B00,27.25,INFP,SuPhamSinhHoc
D01,21.75,ISFP,NongNghiep_MoiTruong_ThuySan
A00,27.5,ISTJ,SuPhamVatLy
D01,21.35,INFP,XaHoiNhanVan
C02,22.5,INTJ,KhoaHocTuNhien
C01,26.75,ESFP,GiaoDucTieuHoc
D01,25.5,ENTP,SuPhamTinHoc
D01,27.0,ENFP,SuPhamTiengAnh
A00,27.75,INTP,SuPhamHoaHoc
C01,23.75,INFP,XaHoiNhanVan
D01,19.75,ESTP,CongNgheThongTin_TruyenThong
A00,28.25,ESTJ,SuPhamVatLy
B00,26.5,ENFJ,SuPhamSinhHoc
A00,28.0,INTP,SuPhamToanHoc
D01,24.6,ISTP,SuPhamTinHoc
A01,27.0,ISTJ,SuPhamKhoaHocTuNhien
D01,25.5,ESTJ,SuPhamTinHoc
B00,20.6,ENTP,KhoaHocTuNhien
A00,27.5,ISTJ,SuPhamHoaHoc
D01,24.25,ENFJ,SuPhamTiengPhap
B00,27.0,INTJ,SuPhamKhoaHocTuNhien
A00,24.85,ENTJ,Luat_KinhTe
C02,21.5,ESFJ,XaHoiNhanVan
A01,18.6,ENTJ,KyThuat_CongNghe
D07,27.5,INTJ,SuPhamHoaHoc
D07,25.5,ESTJ,SuPhamTinHoc
C01,19.75,INTJ,Luat_KinhTe
B00,27.75,INTJ,SuPhamSinhHoc
D01,19.0,ISFJ,NongNghiep_MoiTruong_ThuySan
D01,24.5,ENFJ,NgoaiNgu
C01,27.0,ESFJ,GiaoDucTieuHoc
D01,23.5,ENFJ,SuPhamTiengPhap
B00,27.5,INFP,SuPhamSinhHoc
D01,21.5,ISTP,NongNghiep_MoiTruong_ThuySan
D01,22.1,ENFP,XaHoiNhanVan
D01,27.0,INFJ,SuPhamTiengAnh
A00,28.25,ESTJ,SuPhamVatLy
A00,26.0,INTP,SuPhamTinHoc
B03,26.5,INFP,SuPhamSinhHoc
D14,26.0,INFJ,SuPhamTiengPhap
A00,26.75,ESTJ,SuPhamKhoaHocTuNhien
X01,22.35,ISTJ,Luat_KinhTe
A00,27.25,ESTJ,SuPhamHoaHoc
C02,17.5,ISTP,KhoaHocTuNhien
D01,17.75,ESTJ,NongNghiep_MoiTruong_ThuySan
C02,21.0,ISFJ,NongNghiep_MoiTruong_ThuySan
D01,18.25,ISTP,NongNghiep_MoiTruong_ThuySan
D14,28.25,INFJ,SuPhamTiengAnh
C02,15.1,ESFJ,NongNghiep_MoiTruong_ThuySan
D01,25.0,INTP,SuPhamTinHoc
C02,20.5,INTJ,KhoaHocTuNhien
D01,23.5,ENFP,NgoaiNgu
A00,28.25,ISTJ,SuPhamVatLy
D14,23.0,ESFJ,NgoaiNgu
A00,27.5,INTJ,SuPhamHoaHoc
A00,27.75,ESTJ,SuPhamToanHoc
C01,21.75,ENTJ,Luat_KinhTe
A01,18.1,ISFP,NongNghiep_MoiTruong_ThuySan
D14,26.0,ENFJ,NgoaiNgu
C02,19.83,ISTP,NongNghiep_MoiTruong_ThuySan
C01,21.75,ENTJ,KyThuat_CongNghe
B00,26.5,INTP,SuPhamKhoaHocTuNhien
C01,27.25,ENFJ,GiaoDucTieuHoc
B00,28.5,INFJ,SuPhamSinhHoc
A00,26.25,INTP,SuPhamTinHoc
D14,24.0,INFJ,XaHoiNhanVan
A00,26.0,INFJ,SuPhamKhoaHocTuNhien
D14,22.25,ENFP,XaHoiNhanVan
A01,16.0,ISTP,KyThuat_CongNghe
B00,26.25,INTJ,SuPhamSinhHoc
B00,29.0,ESTJ,SuPhamHoaHoc
A00,26.0,ISTP,SuPhamTinHoc
D01,27.5,ENFJ,SuPhamTiengAnh
D01,26.5,ESFJ,GiaoDucTieuHoc
B00,26.0,ISFJ,SuPhamSinhHoc
A00,27.5,ISTJ,SuPhamHoaHoc
A01,19.25,ISFP,NongNghiep_MoiTruong_ThuySan
D01,23.25,ISTJ,KhoaHocTuNhien
D14,23.5,ENFP,SuPhamTiengPhap
A00,29.5,ESTJ,SuPhamVatLy
C00,20.25,ENTP,Luat_KinhTe
D01,27.0,INFJ,SuPhamTiengAnh
B03,25.75,INFP,SuPhamSinhHoc
A00,28.25,ISTJ,SuPhamToanHoc
A01,25.0,ESTJ,SuPhamTinHoc
C01,26.75,ISFJ,GiaoDucTieuHoc
A00,27.25,INTJ,SuPhamVatLy
C02,19.1,ESFJ,NongNghiep_MoiTruong_ThuySan
A01,21.25,ESTP,KyThuat_CongNghe
C02,22.0,ISTJ,KhoaHocTuNhien
C01,26.75,ENFP,GiaoDucTieuHoc
D01,27.0,ENFJ,SuPhamTiengAnh
A01,28.0,INTP,SuPhamToanHoc
C01,27.25,ENFJ,GiaoDucTieuHoc
D15,28.0,ENTP,SuPhamTiengAnh
A00,20.35,ISTP,KyThuat_CongNghe
B08,16.25,INFJ,NongNghiep_MoiTruong_ThuySan
D01,25.0,ESFJ,SuPhamTiengPhap
D01,27.0,ENFJ,SuPhamTiengAnh
A00,27.5,ESTJ,SuPhamVatLy
A00,26.75,ENFJ,GiaoDucTieuHoc
A01,22.25,ESTJ,NongNghiep_MoiTruong_ThuySan
A00,28.0,ENTJ,SuPhamToanHoc
D01,20.25,ENTP,CongNgheThongTin_TruyenThong
B00,26.25,INTJ,SuPhamSinhHoc
C01,19.75,ISTJ,Luat_KinhTe
B03,26.5,INFJ,SuPhamSinhHoc
A00,27.75,ESTJ,SuPhamToanHoc
D01,23.25,ESFJ,NgoaiNgu
B03,25.75,INFJ,SuPhamSinhHoc
C01,24.5,ESTP,KyThuat_CongNghe
D14,24.0,ENFJ,NgoaiNgu
D01,22.0,ENTJ,CongNgheThongTin_TruyenThong
A00,21.25,INTP,CongNgheThongTin_TruyenThong
D01,17.5,ESTJ,NongNghiep_MoiTruong_ThuySan
D01,19.5,ISTP,CongNgheThongTin_TruyenThong
C01,19.0,INTP,KyThuat_CongNghe
B00,17.5,INTP,KyThuat_CongNghe
C01,20.2,ESTP,KyThuat_CongNghe
D01,24.5,ISFJ,SuPhamTiengPhap
D01,21.5,INTJ,CongNgheThongTin_TruyenThong
D01,25.0,INTJ,SuPhamTinHoc
D01,27.25,ENTP,SuPhamTiengAnh
A01,20.75,ISTP,KhoaHocTuNhien
D01,23.5,INTP,KhoaHocTuNhien
C00,19.6,INTJ,Luat_KinhTe
C02,26.5,INTJ,KhoaHocTuNhien
A00,18.35,ISTJ,KhoaHocTuNhien
D01,19.35,ENTP,Luat_KinhTe
D01,25.5,ENFJ,NgoaiNgu
A00,27.75,ESTJ,SuPhamToanHoc
D01,21.75,ISFP,NongNghiep_MoiTruong_ThuySan
C02,22.25,ENTP,KhoaHocTuNhien
A00,26.5,INTP,SuPhamKhoaHocTuNhien
A00,28.25,INTJ,SuPhamHoaHoc
B03,26.25,INTJ,SuPhamSinhHoc
X01,21.85,ENFP,XaHoiNhanVan
D01,23.5,ENFP,SuPhamTiengPhap
C01,22.25,ISTP,KyThuat_CongNghe
A00,27.0,INTJ,SuPhamKhoaHocTuNhien
B03,26.75,ISFJ,SuPhamSinhHoc
D01,17.25,ESFJ,NongNghiep_MoiTruong_ThuySan
A00,28.0,ESTJ,SuPhamHoaHoc
A01,27.75,INTJ,SuPhamToanHoc
A00,27.25,ESTJ,SuPhamHoaHoc
B00,28.25,INTJ,SuPhamSinhHoc
C01,21.75,ENTJ,KyThuat_CongNghe
D01,19.85,ENTP,KhoaHocTuNhien
B00,27.25,INFP,SuPhamSinhHoc
D01,24.75,INTJ,SuPhamTinHoc
A00,28.25,ESTJ,SuPhamToanHoc
A00,28.5,INTP,SuPhamToanHoc
A01,15.5,ISFJ,NongNghiep_MoiTruong_ThuySan
D14,22.75,INFJ,SuPhamTiengPhap
D01,20.75,ENTJ,CongNgheThongTin_TruyenThong
X26,23.25,ENFP,XaHoiNhanVan
D14,27.25,INFJ,SuPhamTiengAnh
B03,25.75,INTJ,SuPhamSinhHoc
A00,22.0,ISTP,CongNgheThongTin_TruyenThong
A00,26.5,INTJ,SuPhamTinHoc
X01,25.75,ENFP,XaHoiNhanVan
D01,20.75,ESTJ,NongNghiep_MoiTruong_ThuySan
A00,27.25,ESTJ,SuPhamVatLy
A00,28.25,ISTJ,SuPhamHoaHoc
A00,28.5,ISTJ,SuPhamToanHoc
C01,25.25,ISTJ,Luat_KinhTe
B03,27.0,INFJ,SuPhamSinhHoc
A00,28.0,INTJ,SuPhamHoaHoc
C01,27.0,ENFJ,GiaoDucTieuHoc
D01,18.85,ESTP,CongNgheThongTin_TruyenThong
A01,20.0,INFJ,NongNghiep_MoiTruong_ThuySan
C01,26.5,ENFP,GiaoDucTieuHoc
C01,26.75,ENFJ,GiaoDucTieuHoc
C01,26.5,ENFP,GiaoDucTieuHoc
B00,28.25,INTJ,SuPhamSinhHoc
C02,23.0,ESFJ,XaHoiNhanVan
A00,27.5,ESTJ,SuPhamHoaHoc
D01,24.0,ENFP,SuPhamTiengPhap
D07,21.25,INTP,KhoaHocTuNhien
D01,22.25,ISTP,CongNgheThongTin_TruyenThong
C01,24.35,ISTJ,KyThuat_CongNghe
A00,26.75,INTP,SuPhamTinHoc
A00,24.1,ENTP,CongNgheThongTin_TruyenThong
D14,27.5,ENFJ,SuPhamTiengAnh
D01,24.0,ESFJ,NgoaiNgu
A00,23.85,ESFJ,XaHoiNhanVan
A00,19.85,INTP,CongNgheThongTin_TruyenThong
A00,27.25,ESFP,GiaoDucTieuHoc
C02,22.75,ESFJ,XaHoiNhanVan
A00,28.25,ESTJ,SuPhamVatLy
C01,18.85,ENTJ,KyThuat_CongNghe
C02,20.5,ISTJ,KhoaHocTuNhien
D15,27.25,ENFJ,SuPhamTiengAnh
D01,22.25,ISTP,CongNgheThongTin_TruyenThong
C01,19.0,INTJ,KyThuat_CongNghe
D01,23.35,ISTP,CongNgheThongTin_TruyenThong
B03,26.0,INFP,SuPhamSinhHoc
D01,20.35,ENTJ,CongNgheThongTin_TruyenThong
D15,27.75,ENFJ,SuPhamTiengAnh
B00,23.85,ESTP,KyThuat_CongNghe
B03,25.75,ENFJ,SuPhamSinhHoc
D01,18.75,ENTJ,Luat_KinhTe
D01,24.5,ENTP,SuPhamTinHoc
A00,28.75,INTP,SuPhamVatLy
D01,21.25,ISTP,CongNgheThongTin_TruyenThong
A00,17.1,INTP,KyThuat_CongNghe
D09,24.75,ESFP,NgoaiNgu
D14,27.0,ENTP,SuPhamTiengAnh
D01,21.75,INTJ,CongNgheThongTin_TruyenThong
A01,27.5,ISTJ,SuPhamVatLy
A00,28.0,ISTJ,SuPhamVatLy
C02,21.75,ESFJ,NongNghiep_MoiTruong_ThuySan
A00,27.75,INTJ,SuPhamToanHoc
B00,27.75,INTP,SuPhamHoaHoc
A01,26.5,INFJ,SuPhamKhoaHocTuNhien
C01,26.5,ENFP,GiaoDucTieuHoc
C01,24.0,ENTJ,Luat_KinhTe
D01,26.25,ESFJ,GiaoDucTieuHoc
D01,25.75,ENFP,NgoaiNgu
A00,27.0,ESFP,GiaoDucTieuHoc
D01,21.75,INTP,CongNgheThongTin_TruyenThong
B00,26.0,ESTJ,SuPhamKhoaHocTuNhien
D01,23.1,ESFJ,NgoaiNgu
C01,19.85,ENTJ,KyThuat_CongNghe
A00,28.25,ESTJ,SuPhamToanHoc
D14,23.75,ENTP,NgoaiNgu
C01,19.0,ESTP,KyThuat_CongNghe
A00,24.35,INTP,KyThuat_CongNghe
B00,28.5,INFJ,SuPhamSinhHoc
A00,27.0,ISFJ,GiaoDucTieuHoc
C01,23.25,ISTP,KyThuat_CongNghe
A01,27.25,INTJ,SuPhamKhoaHocTuNhien
D01,26.75,ESTJ,SuPhamTinHoc
D01,24.5,ISTP,SuPhamTinHoc
A01,28.0,ISTP,CongNgheThongTin_TruyenThong
B03,21.6,ISTJ,KhoaHocTuNhien
B00,17.5,ESTJ,NongNghiep_MoiTruong_ThuySan
D14,25.75,ENFJ,SuPhamTiengPhap
A01,20.85,ENTP,KhoaHocTuNhien
D01,24.0,ENFP,SuPhamTiengPhap
C00,22.25,ESTJ,Luat_KinhTe
D01,21.25,INFJ,NongNghiep_MoiTruong_ThuySan
D01,25.5,ESTJ,SuPhamTinHoc
D01,23.25,INFJ,SuPhamTiengPhap
C01,27.5,ESFP,GiaoDucTieuHoc
D01,24.75,ENFP,SuPhamTiengPhap
B00,26.75,ENFJ,SuPhamSinhHoc
D14,24.75,ENFP,NgoaiNgu
D01,22.75,INTP,CongNgheThongTin_TruyenThong
D01,19.75,ESTP,CongNgheThongTin_TruyenThong
D01,25.0,ENTP,SuPhamTinHoc
A01,19.5,INTJ,KhoaHocTuNhien
B00,27.0,ISTJ,SuPhamKhoaHocTuNhien
A00,26.25,ENTP,SuPhamTinHoc
B00,26.5,INFJ,SuPhamSinhHoc
D01,18.0,ISFP,NongNghiep_MoiTruong_ThuySan
A00,25.5,ISTJ,KhoaHocTuNhien
D01,26.0,ESTJ,Luat_KinhTe
C01,22.35,ENFP,XaHoiNhanVan
A01,18.25,INTJ,KyThuat_CongNghe
D07,23.75,INFJ,XaHoiNhanVan
A01,21.0,ESTJ,Luat_KinhTe
B00,27.0,INFJ,SuPhamSinhHoc
A01,28.5,INTP,SuPhamToanHoc
C01,26.25,ISFJ,GiaoDucTieuHoc
C01,25.25,ISFJ,XaHoiNhanVan
D01,23.5,ESFJ,NgoaiNgu
B00,27.5,ISFJ,SuPhamSinhHoc
D01,26.75,ENFP,GiaoDucTieuHoc
D14,23.0,ISFJ,SuPhamTiengPhap
A01,20.75,ISTP,CongNgheThongTin_TruyenThong
X25,17.85,INFJ,NongNghiep_MoiTruong_ThuySan
B03,25.75,ISFJ,SuPhamSinhHoc
C02,20.0,ISFJ,NongNghiep_MoiTruong_ThuySan
C01,19.75,ISTP,KyThuat_CongNghe
B00,26.0,INFJ,SuPhamSinhHoc
A00,28.25,ISTJ,SuPhamVatLy
B03,20.1,ISTP,KhoaHocTuNhien
A00,27.25,INTP,SuPhamHoaHoc
A00,26.75,ESTJ,SuPhamKhoaHocTuNhien
A01,26.75,INTJ,SuPhamTinHoc
A01,20.75,ISFP,NongNghiep_MoiTruong_ThuySan
B00,18.1,ESFJ,NongNghiep_MoiTruong_ThuySan
D14,23.5,ENFP,NgoaiNgu
A00,28.0,INTP,SuPhamHoaHoc
D14,27.0,ENFJ,NgoaiNgu
B00,27.5,INTP,SuPhamHoaHoc
D01,24.0,ENTP,NgoaiNgu
C02,18.5,ISTP,KhoaHocTuNhien
X74,23.6,ENFP,XaHoiNhanVan
D01,26.25,ESFJ,GiaoDucTieuHoc
A00,27.5,ISTJ,SuPhamHoaHoc
D15,27.0,ENFJ,SuPhamTiengAnh
B00,27.75,INFP,SuPhamSinhHoc
A00,28.0,ISTJ,SuPhamToanHoc
D01,29.0,ENFP,SuPhamTiengAnh
D01,23.25,ENTP,NgoaiNgu
A01,28.25,INTP,SuPhamToanHoc
C01,25.0,ISFJ,XaHoiNhanVan
A00,28.75,ENTJ,SuPhamToanHoc
D01,21.25,ESFJ,NongNghiep_MoiTruong_ThuySan
C01,20.6,ESTP,Luat_KinhTe
A00,26.25,ENFJ,GiaoDucTieuHoc
B00,27.0,INFP,SuPhamSinhHoc
D01,23.5,ESFP,NgoaiNgu
C01,18.1,ENTJ,KyThuat_CongNghe
A00,20.5,ENTJ,CongNgheThongTin_TruyenThong
D15,28.75,ESFJ,SuPhamTiengAnh
D15,23.75,ESFP,NgoaiNgu
B00,26.75,INTJ,SuPhamSinhHoc
B00,28.5,ENFJ,SuPhamSinhHoc
A00,27.25,INFJ,SuPhamKhoaHocTuNhien
B00,27.0,ISFJ,SuPhamSinhHoc
A00,27.0,ENTP,SuPhamTinHoc
A00,28.0,INTJ,SuPhamVatLy
A00,27.5,INTJ,SuPhamHoaHoc
D07,17.35,ISFJ,NongNghiep_MoiTruong_ThuySan
C01,20.45,ENTJ,KyThuat_CongNghe
D01,23.75,ENFP,SuPhamTiengPhap
C01,22.5,ENFJ,XaHoiNhanVan
C01,20.5,ESTP,KyThuat_CongNghe
A00,25.6,ENTP,SuPhamTinHoc
B00,25.75,INFJ,SuPhamSinhHoc
D01,27.5,INFJ,SuPhamTiengAnh
C01,20.35,INTP,KyThuat_CongNghe
C02,18.85,INFJ,NongNghiep_MoiTruong_ThuySan
X01,19.5,INTJ,Luat_KinhTe
A00,27.5,INTP,SuPhamVatLy
D07,28.25,INTJ,SuPhamToanHoc
C01,22.0,ESTP,KyThuat_CongNghe
C02,21.25,INTJ,Luat_KinhTe
A01,17.85,ESTJ,NongNghiep_MoiTruong_ThuySan
B00,29.5,INTJ,SuPhamHoaHoc
D01,18.5,INTJ,CongNgheThongTin_TruyenThong
A00,28.75,ISTJ,SuPhamHoaHoc
A00,28.25,INTP,SuPhamKhoaHocTuNhien
D01,23.75,INFP,XaHoiNhanVan
B03,26.25,ENFJ,SuPhamSinhHoc
D15,27.5,INFJ,SuPhamTiengAnh
C02,21.5,ISFJ,NongNghiep_MoiTruong_ThuySan
B03,26.0,INTJ,SuPhamSinhHoc
D01,24.5,ISTP,SuPhamTinHoc
D15,23.85,ENTP,NgoaiNgu
A01,20.5,INTJ,KyThuat_CongNghe
C01,20.5,ISTP,KyThuat_CongNghe
A00,27.75,ISTJ,SuPhamVatLy
A01,27.0,ISTJ,SuPhamKhoaHocTuNhien
C01,18.1,ENTJ,KyThuat_CongNghe
D01,24.25,ENFP,NgoaiNgu
A00,28.0,INTP,SuPhamToanHoc
C01,26.25,ENFP,GiaoDucTieuHoc
D01,21.5,ESTJ,Luat_KinhTe
C02,17.35,ESFJ,NongNghiep_MoiTruong_ThuySan
A00,28.5,ESTJ,SuPhamKhoaHocTuNhien
D01,25.25,INTJ,SuPhamTinHoc
A00,27.5,ISTJ,SuPhamVatLy
A01,27.5,ISTJ,SuPhamVatLy
B00,26.25,INFJ,SuPhamSinhHoc
D01,21.25,INTJ,Luat_KinhTe
A00,28.0,ESTJ,SuPhamHoaHoc
A00,28.5,ESTJ,SuPhamHoaHoc
D07,27.75,INTP,SuPhamHoaHoc
A00,27.5,INFJ,SuPhamKhoaHocTuNhien
D15,26.0,ESFP,NgoaiNgu
D01,18.75,ISTP,CongNgheThongTin_TruyenThong
C01,26.5,ESFJ,GiaoDucTieuHoc
A00,27.0,INFJ,SuPhamKhoaHocTuNhien
B00,26.75,INFP,SuPhamSinhHoc
A00,25.85,ENTP,SuPhamTinHoc
C01,18.1,ENTJ,KyThuat_CongNghe
D15,25.5,INFJ,NgoaiNgu
A01,27.25,ESTJ,SuPhamVatLy
A01,27.25,ESTJ,SuPhamVatLy
C01,25.25,INFP,XaHoiNhanVan
D01,20.25,ENTP,CongNgheThongTin_TruyenThong
D14,26.0,ENTP,NgoaiNgu
B00,26.25,INFP,SuPhamSinhHoc
D01,24.75,ENTP,SuPhamTinHoc
A00,29.0,INTP,SuPhamToanHoc
A01,27.75,ISTJ,SuPhamVatLy
A01,24.5,ISTP,SuPhamTinHoc
B00,25.75,INTJ,SuPhamSinhHoc
D01,20.35,ENTP,CongNgheThongTin_TruyenThong
A00,28.0,INTJ,SuPhamToanHoc
C01,21.75,ISFJ,XaHoiNhanVan
D14,27.0,ESFJ,SuPhamTiengAnh
A00,28.25,ESTJ,SuPhamToanHoc
D14,27.25,ENTP,SuPhamTiengAnh
D01,23.5,ISFJ,SuPhamTiengPhap
B03,26.0,INFP,SuPhamSinhHoc
C01,20.5,ESTP,KyThuat_CongNghe
X25,19.0,ISFP,NongNghiep_MoiTruong_ThuySan
B00,26.75,ISTJ,SuPhamKhoaHocTuNhien
D01,19.85,ISTP,NongNghiep_MoiTruong_ThuySan
A01,21.5,ENFJ,XaHoiNhanVan
D01,23.0,ENFJ,SuPhamTiengPhap
A01,25.25,INTJ,SuPhamTinHoc
C02,19.25,ENTP,KhoaHocTuNhien
D01,23.0,ENFJ,NgoaiNgu
D01,26.75,ISTJ,KhoaHocTuNhien
A00,27.5,ESTJ,SuPhamHoaHoc
D01,23.5,ENFP,XaHoiNhanVan
A00,26.25,ENFP,GiaoDucTieuHoc
D14,27.75,ESFJ,SuPhamTiengAnh
B00,27.25,ISTJ,SuPhamHoaHoc
A01,26.75,INTJ,SuPhamKhoaHocTuNhien
D01,21.5,ISTJ,KhoaHocTuNhien
C01,19.0,INTJ,KyThuat_CongNghe
A01,25.0,INTJ,SuPhamTinHoc
A00,28.5,INTP,SuPhamToanHoc
C01,19.1,ENTJ,KyThuat_CongNghe
C01,26.25,ESFP,GiaoDucTieuHoc
C01,20.75,ENTJ,KyThuat_CongNghe
D01,24.0,INFJ,NgoaiNgu
C02,23.25,ESTJ,NongNghiep_MoiTruong_ThuySan
C01,22.0,ENFJ,XaHoiNhanVan
B00,26.75,INFP,SuPhamSinhHoc
A00,27.0,ESTJ,SuPhamKhoaHocTuNhien
C01,20.35,ENTJ,Luat_KinhTe
A00,28.75,INTP,SuPhamKhoaHocTuNhien
D01,21.0,ENTJ,Luat_KinhTe
B00,23.5,INTJ,KhoaHocTuNhien
B03,20.25,INTJ,KhoaHocTuNhien
D01,25.0,ISFJ,SuPhamTiengPhap
C01,25.75,ESTP,KyThuat_CongNghe
D15,27.5,INFJ,SuPhamTiengAnh
D01,23.0,INTJ,KhoaHocTuNhien
A00,27.75,ISTJ,SuPhamHoaHoc
A01,25.75,ISTP,SuPhamTinHoc
D01,23.5,ENFJ,SuPhamTiengPhap
B00,26.25,INFJ,SuPhamSinhHoc
D15,27.25,ENTP,SuPhamTiengAnh
A00,19.25,INTJ,KhoaHocTuNhien
A00,26.5,ENTJ,Luat_KinhTe
C01,23.35,ENTJ,Luat_KinhTe
D01,26.5,ENFJ,GiaoDucTieuHoc
C02,20.0,ENTP,KhoaHocTuNhien
C02,24.5,INFJ,XaHoiNhanVan
D01,25.75,ESTJ,SuPhamTinHoc
D01,25.75,INFJ,SuPhamTiengPhap
A00,27.75,INTJ,SuPhamHoaHoc
D01,25.0,ESFJ,NgoaiNgu
D01,26.75,ISFJ,GiaoDucTieuHoc
D01,23.75,ENTP,NgoaiNgu
D01,24.0,ESFJ,NgoaiNgu
D14,23.0,INFJ,NgoaiNgu
D14,24.75,INFP,XaHoiNhanVan
X01,22.75,ENFJ,XaHoiNhanVan
D14,24.0,ESFJ,NgoaiNgu
A00,28.5,ENFP,GiaoDucTieuHoc
D01,25.5,INFJ,NongNghiep_MoiTruong_ThuySan
B03,26.0,INFP,SuPhamSinhHoc
A00,27.25,ESTJ,SuPhamHoaHoc
B00,27.0,INFJ,SuPhamKhoaHocTuNhien
C01,22.75,ENTJ,KyThuat_CongNghe
D14,23.75,INFJ,SuPhamTiengPhap
A01,18.0,INTJ,KhoaHocTuNhien
D01,22.75,INFJ,SuPhamTiengPhap
A00,24.5,INTJ,KhoaHocTuNhien
D01,20.5,ISTP,CongNgheThongTin_TruyenThong
A00,28.0,INTJ,SuPhamVatLy
A00,27.5,ENFP,GiaoDucTieuHoc
D01,19.25,ISFP,NongNghiep_MoiTruong_ThuySan
X01,20.25,INTJ,Luat_KinhTe
A00,24.75,ENTP,SuPhamTinHoc
A01,26.25,INTJ,SuPhamKhoaHocTuNhien
C02,21.5,ISFJ,NongNghiep_MoiTruong_ThuySan
A01,26.75,ESTJ,SuPhamKhoaHocTuNhien
D01,24.75,ENFP,NgoaiNgu
D01,21.75,INTJ,Luat_KinhTe
A01,18.6,ESTP,CongNgheThongTin_TruyenThong
D01,19.35,ISFP,NongNghiep_MoiTruong_ThuySan
A01,21.5,INTJ,Luat_KinhTe
B00,27.0,ISTJ,SuPhamKhoaHocTuNhien
A00,28.25,ESTJ,SuPhamHoaHoc
A01,27.75,ENTJ,SuPhamToanHoc
D01,23.75,INFJ,SuPhamTiengPhap
A01,29.0,INTP,SuPhamToanHoc
A00,26.75,ENFP,GiaoDucTieuHoc
D01,21.75,INFP,XaHoiNhanVan
A00,28.5,ESTJ,SuPhamToanHoc
A00,28.75,ISTJ,SuPhamVatLy
A00,27.0,ENFJ,GiaoDucTieuHoc
D01,21.75,INTP,CongNgheThongTin_TruyenThong
A00,27.75,INTJ,SuPhamHoaHoc
A00,28.75,ISTJ,SuPhamHoaHoc
D01,28.0,ENTP,SuPhamTiengAnh
D01,19.75,INFJ,NongNghiep_MoiTruong_ThuySan
C01,26.5,ENFP,GiaoDucTieuHoc
D01,17.85,ENTP,KhoaHocTuNhien
A00,27.5,ISTJ,SuPhamHoaHoc
D07,21.5,ISTJ,KyThuat_CongNghe
D01,24.6,ENTP,NgoaiNgu
D01,22.85,ENFJ,SuPhamTiengPhap
A01,28.5,INTJ,SuPhamVatLy
A01,23.5,ISFJ,XaHoiNhanVan
D01,21.75,INTP,CongNgheThongTin_TruyenThong
D01,19.0,ISTP,CongNgheThongTin_TruyenThong
B00,27.25,INTP,SuPhamHoaHoc
D01,17.5,ESFJ,NongNghiep_MoiTruong_ThuySan
D01,22.75,ISFJ,XaHoiNhanVan
C01,21.75,ENTJ,Luat_KinhTe
D01,23.85,INTJ,CongNgheThongTin_TruyenThong
C01,26.25,ENFP,GiaoDucTieuHoc
D01,24.0,ENTP,NgoaiNgu
A01,18.75,ISTP,CongNgheThongTin_TruyenThong
D01,23.5,ESFJ,NgoaiNgu
D01,22.75,ENTP,CongNgheThongTin_TruyenThong
D01,27.5,INFJ,SuPhamTiengAnh
D01,20.75,ENTP,Luat_KinhTe
A00,26.25,ISTP,CongNgheThongTin_TruyenThong
A00,26.25,ISTJ,SuPhamKhoaHocTuNhien
A01,22.5,ISTP,CongNgheThongTin_TruyenThong
B03,25.75,INFJ,SuPhamSinhHoc
A01,28.5,ENTJ,SuPhamToanHoc
D01,27.0,ENTP,SuPhamTiengAnh
D14,23.75,ENFP,SuPhamTiengPhap
D01,20.1,INTJ,KhoaHocTuNhien
D01,24.5,ENTP,KhoaHocTuNhien
D01,21.0,INTP,KhoaHocTuNhien
B03,26.25,ISFJ,SuPhamSinhHoc
A01,23.0,ENTP,CongNgheThongTin_TruyenThong
A00,19.35,ISTJ,KyThuat_CongNghe
A01,21.0,ISFP,NongNghiep_MoiTruong_ThuySan
D01,19.0,ESFJ,NongNghiep_MoiTruong_ThuySan
A00,28.75,ESTJ,SuPhamVatLy
D15,27.75,ESFJ,SuPhamTiengAnh
A01,18.85,ESFJ,NongNghiep_MoiTruong_ThuySan
A00,28.0,ESTJ,SuPhamVatLy
D14,25.75,ISFJ,SuPhamTiengPhap
D14,24.5,ISFJ,SuPhamTiengPhap
D01,21.25,INTP,CongNgheThongTin_TruyenThong
D07,20.25,INTJ,Luat_KinhTe
D01,19.35,ISTP,NongNghiep_MoiTruong_ThuySan
C00,23.25,INFP,XaHoiNhanVan
B00,27.75,ISTJ,SuPhamKhoaHocTuNhien
A00,22.5,INTJ,CongNgheThongTin_TruyenThong
D09,23.5,ESFP,NgoaiNgu
A00,28.5,INTJ,SuPhamHoaHoc
D14,24.0,ENFJ,SuPhamTiengPhap
D01,20.1,INTJ,Luat_KinhTe
D15,27.0,ENFP,SuPhamTiengAnh
D14,27.0,ENFJ,SuPhamTiengAnh
D01,24.0,ENFJ,NgoaiNgu
C00,24.25,ENFP,XaHoiNhanVan
A00,28.25,ESTJ,SuPhamToanHoc
A01,26.5,INTJ,SuPhamKhoaHocTuNhien
X01,23.0,INTJ,Luat_KinhTe
A01,22.75,ISFJ,XaHoiNhanVan
A00,26.5,ENFP,GiaoDucTieuHoc
A01,23.5,ENTJ,CongNgheThongTin_TruyenThong
A00,27.25,INTJ,SuPhamVatLy
D01,27.5,ENFJ,SuPhamTiengAnh
D01,24.5,INTJ,SuPhamTinHoc
A01,28.0,ISTJ,SuPhamVatLy
A01,26.0,ISTP,CongNgheThongTin_TruyenThong
D01,23.5,ENTJ,Luat_KinhTe
A00,27.0,INTJ,SuPhamKhoaHocTuNhien
D01,18.5,ISTP,NongNghiep_MoiTruong_ThuySan
B00,27.5,ESTJ,SuPhamHoaHoc
D01,18.0,ISFJ,NongNghiep_MoiTruong_ThuySan
C01,21.25,ISTJ,KyThuat_CongNghe
A00,27.25,INTJ,SuPhamVatLy
D01,23.25,ENFP,NgoaiNgu
A00,28.5,ENTJ,SuPhamToanHoc
A00,24.5,INTJ,SuPhamTinHoc
D01,24.75,ENFJ,SuPhamTiengPhap
D01,22.0,INTJ,CongNgheThongTin_TruyenThong
A00,28.0,ISTJ,SuPhamToanHoc
A00,27.5,INTJ,SuPhamHoaHoc
X01,22.75,ISFJ,XaHoiNhanVan
D01,26.0,INFJ,XaHoiNhanVan
D01,22.75,ISFJ,SuPhamTiengPhap
C01,21.5,ISTJ,KyThuat_CongNghe
C01,22.1,ESFJ,XaHoiNhanVan
D07,28.5,ESTJ,SuPhamToanHoc
A01,27.75,ESTJ,SuPhamVatLy
A01,24.0,ISFJ,XaHoiNhanVan
A00,28.25,ISTJ,SuPhamToanHoc
A00,28.25,INTJ,SuPhamHoaHoc
A01,27.75,ISTJ,SuPhamVatLy
A00,26.25,INTJ,SuPhamKhoaHocTuNhien
C01,23.75,ENFP,XaHoiNhanVan
A01,26.0,INFJ,SuPhamKhoaHocTuNhien
A01,16.5,ISTP,KyThuat_CongNghe
C02,18.35,ISFP,NongNghiep_MoiTruong_ThuySan
A01,17.5,ISTJ,KhoaHocTuNhien
A01,27.25,INTP,SuPhamKhoaHocTuNhien
D01,24.6,ENTP,SuPhamTinHoc
D01,23.0,INFJ,SuPhamTiengPhap
A00,28.0,INTP,SuPhamHoaHoc
D01,27.25,ENFJ,SuPhamTiengAnh
C01,20.1,INTJ,Luat_KinhTe
A01,26.75,ISTJ,SuPhamKhoaHocTuNhien
C02,19.75,INFJ,NongNghiep_MoiTruong_ThuySan
D01,20.5,ENTP,CongNgheThongTin_TruyenThong
D14,25.75,ESFP,NgoaiNgu
D01,23.75,INTJ,KhoaHocTuNhien
D14,23.5,INFJ,XaHoiNhanVan
A00,27.5,INTP,SuPhamVatLy
A00,27.25,INTP,SuPhamHoaHoc
B00,28.5,INTJ,SuPhamHoaHoc
D01,19.0,INFJ,NongNghiep_MoiTruong_ThuySan
A00,27.25,ESTJ,SuPhamVatLy
C01,27.0,ISFJ,GiaoDucTieuHoc
A00,28.5,ENTJ,SuPhamToanHoc
D15,28.5,ESFJ,SuPhamTiengAnh
C01,22.0,ISTJ,KyThuat_CongNghe
A00,26.75,INTJ,SuPhamKhoaHocTuNhien
A00,28.0,INTJ,SuPhamVatLy
B03,21.5,INTP,KhoaHocTuNhien
C01,22.0,INTP,KyThuat_CongNghe
B00,27.5,INTJ,SuPhamSinhHoc
D14,25.5,ENFJ,SuPhamTiengPhap
A01,21.75,ESTJ,NongNghiep_MoiTruong_ThuySan
D01,24.0,ESFJ,NgoaiNgu
B00,28.0,ESTJ,SuPhamHoaHoc
D01,20.75,ENTP,KhoaHocTuNhien
B00,27.75,ESTJ,SuPhamHoaHoc
D01,23.5,ISTJ,KhoaHocTuNhien
D14,23.0,ENFJ,XaHoiNhanVan
A01,17.75,ESTP,KyThuat_CongNghe
C01,26.5,ISFJ,GiaoDucTieuHoc
C01,21.75,ENFJ,XaHoiNhanVan
D01,26.75,ENFJ,GiaoDucTieuHoc
D01,24.25,INTP,CongNgheThongTin_TruyenThong
X01,24.0,ENTP,Luat_KinhTe
A00,29.75,ESTJ,SuPhamToanHoc
B00,27.0,ESTJ,SuPhamKhoaHocTuNhien
A01,20.0,INTJ,CongNgheThongTin_TruyenThong
D01,23.25,ISTJ,KhoaHocTuNhien
A00,28.0,INTJ,SuPhamToanHoc
C01,26.25,ENFP,GiaoDucTieuHoc
D01,25.75,ISTP,SuPhamTinHoc
D15,27.0,ENFP,SuPhamTiengAnh
D14,27.0,ESFJ,SuPhamTiengAnh
D01,27.0,ESFJ,SuPhamTiengAnh
C02,22.75,INFP,XaHoiNhanVan
A00,27.0,ESFP,GiaoDucTieuHoc
D01,23.1,INFJ,SuPhamTiengPhap
A00,26.75,INTJ,SuPhamKhoaHocTuNhien
A00,27.25,INTJ,SuPhamKhoaHocTuNhien
A00,26.0,ESTJ,SuPhamKhoaHocTuNhien
A00,27.0,ENFP,GiaoDucTieuHoc
A01,27.5,ISTJ,SuPhamVatLy
B03,26.5,INTJ,SuPhamSinhHoc
D01,27.0,ESFJ,SuPhamTiengAnh
D01,23.25,INFJ,SuPhamTiengPhap
C02,18.0,ISFP,NongNghiep_MoiTruong_ThuySan
D01,25.0,INTJ,SuPhamTinHoc
D01,17.0,ESTJ,NongNghiep_MoiTruong_ThuySan
D01,24.0,ENFJ,SuPhamTiengPhap
A00,26.5,ENTP,SuPhamTinHoc
D14,22.75,ISFJ,SuPhamTiengPhap
A00,27.5,ISTJ,SuPhamKhoaHocTuNhien
A00,27.25,INTJ,SuPhamKhoaHocTuNhien
C02,20.5,INTJ,KhoaHocTuNhien
A01,27.75,INTJ,SuPhamToanHoc
A01,27.25,ISTJ,SuPhamVatLy
D14,25.25,ISFJ,SuPhamTiengPhap
D01,18.5,ISFJ,NongNghiep_MoiTruong_ThuySan
D01,24.6,INTP,SuPhamTinHoc
C01,24.5,ESTP,Luat_KinhTe
D01,20.0,INFJ,NongNghiep_MoiTruong_ThuySan
A00,24.75,INTP,CongNgheThongTin_TruyenThong
D01,20.5,ESTP,CongNgheThongTin_TruyenThong
D01,25.5,INFJ,SuPhamTiengPhap
B00,27.25,INTP,SuPhamHoaHoc
X01,23.75,ESFJ,XaHoiNhanVan
A00,26.75,ISTP,SuPhamTinHoc
A01,27.25,ESTJ,SuPhamVatLy
C01,25.5,ISTJ,KyThuat_CongNghe
D01,21.25,ESTP,CongNgheThongTin_TruyenThong
A00,24.75,ENTP,SuPhamTinHoc
A01,25.75,ESTJ,SuPhamTinHoc
D01,24.75,INFP,XaHoiNhanVan
C02,18.35,ISTP,NongNghiep_MoiTruong_ThuySan
A00,27.5,INTJ,SuPhamHoaHoc
A00,27.75,INTJ,SuPhamHoaHoc
A00,28.0,INTP,SuPhamKhoaHocTuNhien
C02,24.0,ESTP,Luat_KinhTe
A00,27.25,INTJ,SuPhamVatLy
D15,24.5,ENFP,NgoaiNgu
A00,26.0,INTJ,SuPhamKhoaHocTuNhien
A01,24.25,INTJ,KhoaHocTuNhien
X01,23.25,ESFJ,XaHoiNhanVan
A00,27.35,INTP,SuPhamKhoaHocTuNhien
D01,26.0,ISTJ,Luat_KinhTe
A00,29.0,ESTJ,SuPhamToanHoc
X02,20.75,ESFJ,XaHoiNhanVan
A01,26.75,INTJ,SuPhamKhoaHocTuNhien
C01,22.25,ENTJ,KyThuat_CongNghe
D14,27.5,ENFP,SuPhamTiengAnh
A01,27.25,INTP,SuPhamVatLy
D01,20.5,ISTP,CongNgheThongTin_TruyenThong
D01,19.0,ENTJ,Luat_KinhTe
D07,19.75,ENTJ,Luat_KinhTe
D01,25.75,ISTP,SuPhamTinHoc
D01,23.0,INTP,CongNgheThongTin_TruyenThong
A00,21.0,ISTP,CongNgheThongTin_TruyenThong
C02,23.5,INTJ,Luat_KinhTe
D01,19.5,ISFJ,NongNghiep_MoiTruong_ThuySan
C01,21.35,INTJ,KyThuat_CongNghe
D15,28.5,ENFP,SuPhamTiengAnh
A01,23.35,ISFP,NongNghiep_MoiTruong_ThuySan
A00,27.25,ISTJ,SuPhamVatLy
D01,18.0,ISTP,NongNghiep_MoiTruong_ThuySan
A00,27.5,ESTJ,SuPhamVatLy
A00,29.0,ESTJ,SuPhamHoaHoc
A00,26.0,INTP,SuPhamTinHoc
A00,26.75,ENFJ,GiaoDucTieuHoc
A00,27.75,ISTJ,SuPhamVatLy
C01,24.5,ENFJ,XaHoiNhanVan
D01,25.0,ESTJ,SuPhamTinHoc
D14,25.0,INFJ,SuPhamTiengPhap
A00,24.75,INTJ,Luat_KinhTe
D01,23.25,ENFJ,NgoaiNgu
C00,22.75,ESTP,Luat_KinhTe
A01,26.5,ESTJ,SuPhamKhoaHocTuNhien
A00,28.5,ESTJ,SuPhamVatLy
A00,20.25,ISFJ,NongNghiep_MoiTruong_ThuySan
D01,18.0,ISTP,CongNgheThongTin_TruyenThong
A01,17.25,ISFJ,NongNghiep_MoiTruong_ThuySan
C02,23.5,ESTJ,Luat_KinhTe
A00,27.25,INTP,SuPhamVatLy
B00,26.25,INTJ,SuPhamSinhHoc
D01,23.25,ENFP,SuPhamTiengPhap
D01,26.25,ISFJ,GiaoDucTieuHoc
A00,24.5,ISTP,SuPhamTinHoc
A00,27.25,INTP,SuPhamVatLy
D01,25.75,INTJ,SuPhamTinHoc
D01,17.75,ISFP,NongNghiep_MoiTruong_ThuySan
D15,28.25,ENFJ,SuPhamTiengAnh
D01,22.25,ISTJ,KhoaHocTuNhien
D01,26.25,ENTP,SuPhamTinHoc
D01,21.85,ISTJ,KhoaHocTuNhien
C01,26.75,ESFP,GiaoDucTieuHoc
D01,24.5,INTP,SuPhamTinHoc
A00,28.5,INTJ,SuPhamVatLy
A00,24.5,ENTP,SuPhamTinHoc
D15,27.5,ENFJ,SuPhamTiengAnh
C01,24.0,ENFJ,XaHoiNhanVan
A00,28.75,INTP,SuPhamHoaHoc
D01,21.0,INTP,KhoaHocTuNhien
A00,28.0,INTP,SuPhamVatLy
A00,29.0,ENTJ,SuPhamToanHoc
A01,23.25,ISTJ,KhoaHocTuNhien
A00,27.5,INTP,SuPhamHoaHoc
A00,27.75,ISTJ,SuPhamVatLy
D09,24.75,ENTP,NgoaiNgu
A00,28.0,ISTJ,SuPhamHoaHoc
A00,28.0,ESTJ,SuPhamHoaHoc
A00,22.75,ISTJ,KyThuat_CongNghe
D14,27.0,INFJ,SuPhamTiengAnh
B00,27.25,INFP,SuPhamSinhHoc
D15,23.25,ESFP,NgoaiNgu
B00,26.75,INTJ,SuPhamKhoaHocTuNhien
A00,27.0,INFJ,SuPhamKhoaHocTuNhien
A00,28.5,ESTJ,SuPhamVatLy
A00,28.0,INTJ,SuPhamToanHoc
D14,27.0,ENFJ,SuPhamTiengAnh
A00,27.75,INTJ,SuPhamVatLy
X01,21.0,ENTP,Luat_KinhTe
A00,23.85,ENTJ,Luat_KinhTe
B03,25.75,INFJ,SuPhamSinhHoc
D01,23.75,INFJ,SuPhamTiengPhap
C01,26.5,ISFJ,GiaoDucTieuHoc
A00,28.75,INTJ,SuPhamToanHoc
C02,26.0,INTJ,KhoaHocTuNhien
B00,26.5,ESTJ,SuPhamKhoaHocTuNhien
X26,25.85,ISTP,KyThuat_CongNghe
D01,23.5,ESTP,CongNgheThongTin_TruyenThong
D07,22.0,ESFJ,NongNghiep_MoiTruong_ThuySan
B03,26.25,INFP,SuPhamSinhHoc
D01,24.25,INTP,KhoaHocTuNhien
C02,21.75,INFP,XaHoiNhanVan
B00,26.85,INFP,SuPhamSinhHoc
C01,26.5,ISFJ,GiaoDucTieuHoc
B00,26.5,INFP,SuPhamSinhHoc
A00,18.6,ISFJ,NongNghiep_MoiTruong_ThuySan
D14,24.25,INFJ,NgoaiNgu
A01,26.25,ISTJ,SuPhamKhoaHocTuNhien
C02,21.25,ESTJ,NongNghiep_MoiTruong_ThuySan
D01,27.0,ESFJ,GiaoDucTieuHoc
D01,23.25,INFJ,NgoaiNgu
D01,23.95,INFJ,NgoaiNgu
C01,27.0,ENFP,GiaoDucTieuHoc
D01,20.25,ENTP,CongNgheThongTin_TruyenThong
A00,27.5,INTJ,SuPhamVatLy
D01,27.0,ESFJ,SuPhamTiengAnh
A01,27.75,INTP,SuPhamKhoaHocTuNhien
D01,23.25,ISFJ,NongNghiep_MoiTruong_ThuySan
D01,27.25,INFJ,SuPhamTiengAnh
C01,26.25,ESFJ,GiaoDucTieuHoc
A01,20.5,ISTJ,KhoaHocTuNhien
C01,24.0,ENTJ,Luat_KinhTe
A01,25.75,INTJ,SuPhamTinHoc
D14,23.35,ENFP,NgoaiNgu
B03,26.6,INFP,SuPhamSinhHoc
A01,18.0,ESTP,KyThuat_CongNghe
D01,24.5,ESTP,CongNgheThongTin_TruyenThong
C02,21.75,ENTJ,Luat_KinhTe
C01,21.75,ENTJ,KyThuat_CongNghe
A01,27.75,ESTJ,SuPhamToanHoc
C01,20.75,ISTP,KyThuat_CongNghe
A00,27.5,INTJ,SuPhamVatLy
D01,24.25,ENTP,KhoaHocTuNhien
A00,27.75,ISTJ,SuPhamVatLy
D01,18.25,ISTP,NongNghiep_MoiTruong_ThuySan
A00,23.25,ISTJ,KhoaHocTuNhien
A00,29.0,INTJ,SuPhamHoaHoc
D01,23.5,ENFP,SuPhamTiengPhap
A00,28.25,ISTJ,SuPhamVatLy
C01,26.25,ESFJ,XaHoiNhanVan
D01,23.75,ENFP,NgoaiNgu
A01,16.75,ISFP,NongNghiep_MoiTruong_ThuySan
A01,27.25,ISTJ,SuPhamVatLy
A00,27.25,ESTJ,SuPhamHoaHoc
A00,25.0,INTP,SuPhamTinHoc
C02,22.75,INTJ,KhoaHocTuNhien
C01,24.25,INFP,XaHoiNhanVan
D01,18.25,ENTJ,CongNgheThongTin_TruyenThong
A00,28.5,ISTJ,SuPhamToanHoc
B00,25.75,ENFJ,SuPhamSinhHoc
D15,26.1,ESFJ,NgoaiNgu
B03,26.0,INTJ,SuPhamSinhHoc
A00,26.5,ISFJ,GiaoDucTieuHoc
A01,19.5,ISTP,NongNghiep_MoiTruong_ThuySan
A00,25.0,INTJ,SuPhamTinHoc
C01,26.75,ISFJ,GiaoDucTieuHoc
D01,23.0,ESFJ,NongNghiep_MoiTruong_ThuySan
D07,24.5,ISTP,SuPhamTinHoc
D14,22.75,ENFP,SuPhamTiengPhap
D01,23.75,ENFJ,NgoaiNgu
D01,24.75,ENFJ,SuPhamTiengPhap
C01,26.25,ENFP,GiaoDucTieuHoc
A00,28.5,ISTJ,SuPhamToanHoc
B00,28.5,INFJ,SuPhamSinhHoc
C01,23.0,ISTP,KyThuat_CongNghe
D01,26.25,ESFP,GiaoDucTieuHoc
B00,27.5,ENFJ,SuPhamSinhHoc
D01,28.0,ENFJ,SuPhamTiengAnh
C01,17.1,ISTJ,KyThuat_CongNghe
C01,17.75,ENTJ,KyThuat_CongNghe
B00,28.25,INTJ,SuPhamHoaHoc
A01,18.25,INTJ,KyThuat_CongNghe
A00,25.0,ISTP,SuPhamTinHoc
D07,16.35,ENTJ,KyThuat_CongNghe
A00,23.25,INTJ,KhoaHocTuNhien
A00,27.25,INTJ,SuPhamVatLy
C02,22.75,INFP,XaHoiNhanVan
D01,17.75,ENTP,CongNgheThongTin_TruyenThong
C01,20.1,INTP,KyThuat_CongNghe
B00,26.25,ENFJ,SuPhamSinhHoc
D07,20.75,ESFJ,NongNghiep_MoiTruong_ThuySan
A00,28.0,INTP,SuPhamToanHoc
D01,19.6,ISTP,CongNgheThongTin_TruyenThong
A00,27.75,INTP,SuPhamToanHoc
D01,19.75,ENTP,Luat_KinhTe
D01,24.5,ESFJ,NgoaiNgu
D01,26.5,ENTP,NgoaiNgu
D01,19.35,ENTP,Luat_KinhTe
A00,26.5,ENFJ,GiaoDucTieuHoc
A00,28.0,INTP,SuPhamToanHoc
B00,27.0,ISFJ,SuPhamSinhHoc
D14,27.5,ENFP,SuPhamTiengAnh
A00,26.25,ESFJ,GiaoDucTieuHoc
C01,22.75,ISTJ,Luat_KinhTe
D01,24.5,ENTP,SuPhamTinHoc
C02,24.25,ESTP,Luat_KinhTe
A00,28.0,ESTJ,SuPhamHoaHoc
A00,16.25,ESTJ,NongNghiep_MoiTruong_ThuySan
A00,28.0,ISTJ,SuPhamToanHoc
A01,27.75,ESTJ,SuPhamToanHoc
A01,28.5,ESTJ,SuPhamVatLy
B00,26.5,INFJ,SuPhamSinhHoc
A01,28.25,ISTJ,SuPhamKhoaHocTuNhien
D01,23.25,ESFP,NgoaiNgu
A00,27.25,INTP,SuPhamHoaHoc
A00,28.25,INTP,SuPhamToanHoc
C01,27.5,ESFJ,GiaoDucTieuHoc
D01,24.5,ENFJ,NgoaiNgu
A00,28.25,ENTJ,SuPhamToanHoc
D01,23.0,ENTP,KhoaHocTuNhien
A00,26.25,ENFP,GiaoDucTieuHoc
A01,26.75,INTJ,SuPhamKhoaHocTuNhien
D01,22.5,INTJ,KhoaHocTuNhien
B03,26.75,ENFJ,SuPhamSinhHoc
A00,27.25,INTJ,SuPhamHoaHoc
C01,26.5,ENFJ,GiaoDucTieuHoc
B03,26.0,ISFJ,SuPhamSinhHoc
A00,27.0,INFJ,SuPhamKhoaHocTuNhien
C02,22.5,ENFP,XaHoiNhanVan
B03,25.75,ISFJ,SuPhamSinhHoc
C02,19.0,ISFJ,NongNghiep_MoiTruong_ThuySan
D01,25.5,INFJ,SuPhamTiengPhap
C01,26.5,ENFP,GiaoDucTieuHoc
D01,24.75,INTP,KhoaHocTuNhien
A01,25.0,ENTP,SuPhamTinHoc
D01,21.5,ENTP,Luat_KinhTe
D01,24.0,INFJ,SuPhamTiengPhap
A00,27.75,ISTJ,SuPhamToanHoc
X01,23.35,INFP,XaHoiNhanVan
D01,23.75,ENFJ,SuPhamTiengPhap
D01,27.0,ENTP,SuPhamTiengAnh
A00,27.25,INTJ,SuPhamHoaHoc
C02,20.1,ESTJ,Luat_KinhTe
C01,27.0,ESFP,GiaoDucTieuHoc
D01,26.25,INTJ,SuPhamTinHoc
A01,19.0,ENTJ,KyThuat_CongNghe
D14,21.25,ESFJ,XaHoiNhanVan
B00,25.75,INTJ,SuPhamSinhHoc
D01,21.5,ISTP,CongNgheThongTin_TruyenThong
B00,29.5,INTP,SuPhamHoaHoc
C01,27.25,ENFJ,GiaoDucTieuHoc
C01,21.75,ISTP,KyThuat_CongNghe
C01,25.5,ESTJ,Luat_KinhTe
D09,25.75,ENFP,NgoaiNgu
B00,25.75,INFJ,SuPhamSinhHoc
A00,26.5,ESFJ,GiaoDucTieuHoc
D01,17.25,ESTJ,NongNghiep_MoiTruong_ThuySan
C02,20.75,ESTJ,NongNghiep_MoiTruong_ThuySan
C01,25.0,INFJ,XaHoiNhanVan
C01,20.75,ISTJ,KyThuat_CongNghe
C01,26.25,ISFJ,GiaoDucTieuHoc
A00,28.5,ENTJ,SuPhamToanHoc
D15,24.25,ESFJ,NgoaiNgu
A01,21.25,ENTJ,CongNgheThongTin_TruyenThong
D01,24.0,ENFJ,NgoaiNgu
A00,28.25,ENTJ,SuPhamToanHoc
B00,27.75,INTP,SuPhamHoaHoc
A00,28.5,ISTJ,SuPhamHoaHoc
C02,19.25,ISFP,NongNghiep_MoiTruong_ThuySan
A00,26.5,ESTJ,SuPhamKhoaHocTuNhien
B00,27.0,ISFJ,SuPhamSinhHoc
A00,26.5,INTJ,SuPhamKhoaHocTuNhien
A00,28.5,INTJ,SuPhamToanHoc
D01,23.25,ISFJ,SuPhamTiengPhap
B00,23.1,ENTP,KhoaHocTuNhien
A01,21.5,ESTJ,NongNghiep_MoiTruong_ThuySan
A00,29.25,ESTJ,SuPhamToanHoc
D01,23.25,ENTP,NgoaiNgu
A00,19.6,INTP,KhoaHocTuNhien
C01,20.25,ENTJ,KyThuat_CongNghe
A01,25.0,INTP,SuPhamTinHoc
A00,27.75,ENTJ,SuPhamToanHoc
A00,28.75,ESTJ,SuPhamToanHoc
A01,27.75,INTP,SuPhamKhoaHocTuNhien
B00,17.75,ISTJ,KyThuat_CongNghe
A01,20.85,ESTP,Luat_KinhTe
A00,28.25,INTP,SuPhamHoaHoc
C01,16.25,ISTP,KyThuat_CongNghe
D14,24.25,ESFP,NgoaiNgu
A00,28.0,INTJ,SuPhamHoaHoc
D01,25.75,ISTP,SuPhamTinHoc
A01,24.75,INTP,SuPhamTinHoc
A01,19.5,INTJ,Luat_KinhTe
A00,28.0,INTP,SuPhamHoaHoc
B03,26.0,INFP,SuPhamSinhHoc
B00,27.25,INTP,SuPhamKhoaHocTuNhien
C01,25.5,ESTP,KyThuat_CongNghe
A01,25.25,ISTP,SuPhamTinHoc
C02,18.75,INFJ,NongNghiep_MoiTruong_ThuySan
D01,19.35,INTJ,CongNgheThongTin_TruyenThong
C02,19.75,ISFP,NongNghiep_MoiTruong_ThuySan
C02,20.5,ISTP,NongNghiep_MoiTruong_ThuySan
D01,17.0,INFJ,NongNghiep_MoiTruong_ThuySan
A01,26.5,ISTP,SuPhamTinHoc
A01,22.0,ESTP,Luat_KinhTe
C01,23.1,ISTJ,KyThuat_CongNghe
A01,18.5,ENTP,CongNgheThongTin_TruyenThong
B00,24.1,ISTJ,KyThuat_CongNghe
C01,20.85,ESTP,Luat_KinhTe
A00,27.0,ESTJ,SuPhamKhoaHocTuNhien
B00,26.5,ISTJ,SuPhamKhoaHocTuNhien
B00,27.25,INFJ,SuPhamKhoaHocTuNhien
A00,23.5,INFJ,XaHoiNhanVan
A00,26.75,INTJ,SuPhamTinHoc
C00,22.25,ESTP,Luat_KinhTe
D01,24.35,ENFJ,SuPhamTiengPhap
A00,26.5,ISTP,SuPhamTinHoc
D01,23.5,ESFJ,NgoaiNgu
A01,22.6,INFP,XaHoiNhanVan
A01,28.0,INTP,SuPhamToanHoc
D01,24.0,ENFJ,NgoaiNgu
A00,27.25,INTJ,SuPhamVatLy
C01,22.0,INTJ,KyThuat_CongNghe
C01,22.75,INTJ,KyThuat_CongNghe
D01,27.5,ESFJ,SuPhamTiengAnh
D01,23.25,ISFJ,SuPhamTiengPhap
D01,18.25,ESFJ,NongNghiep_MoiTruong_ThuySan
D09,23.6,ENFJ,NgoaiNgu
D01,25.5,INTP,SuPhamTinHoc
C01,27.0,ENFP,GiaoDucTieuHoc
D15,28.75,ENTP,SuPhamTiengAnh
D01,28.0,ENFJ,SuPhamTiengAnh
D01,26.25,ESTJ,SuPhamTinHoc
A01,18.25,ENTJ,KyThuat_CongNghe
D01,26.5,ENFP,GiaoDucTieuHoc
A00,29.0,INTP,SuPhamToanHoc
D15,27.0,ENFJ,SuPhamTiengAnh
D01,25.25,ISFJ,XaHoiNhanVan
D01,20.75,ISTJ,Luat_KinhTe
C01,27.25,ENFJ,GiaoDucTieuHoc
D01,23.0,ENFJ,SuPhamTiengPhap
A00,27.0,ISTP,SuPhamTinHoc
D01,24.5,INTP,SuPhamTinHoc
A00,25.0,INTJ,SuPhamTinHoc
A01,28.0,ISTJ,SuPhamVatLy
A00,25.25,ENTP,KhoaHocTuNhien
C02,23.5,ENTJ,Luat_KinhTe
A00,26.75,ESFJ,GiaoDucTieuHoc
B03,26.0,INFJ,SuPhamSinhHoc
A00,27.25,ISTJ,SuPhamVatLy
D01,27.25,ENFJ,SuPhamTiengAnh
A01,28.75,ISTJ,SuPhamToanHoc
A00,28.0,INTJ,SuPhamVatLy
D01,17.25,ISFJ,NongNghiep_MoiTruong_ThuySan
A00,27.5,ISTJ,SuPhamVatLy
C01,20.25,ENTJ,KyThuat_CongNghe
D14,27.25,ENTP,SuPhamTiengAnh
A00,24.85,ISTP,SuPhamTinHoc
B03,23.0,INTJ,KhoaHocTuNhien
C02,18.75,ENTP,Luat_KinhTe
B00,27.25,INFJ,SuPhamSinhHoc
X01,24.75,ESFJ,XaHoiNhanVan
A00,27.75,ESTJ,SuPhamHoaHoc
A01,25.25,ENTJ,Luat_KinhTe
B00,26.5,INFJ,SuPhamSinhHoc
C01,26.75,ENFP,GiaoDucTieuHoc
A00,28.5,INTJ,SuPhamHoaHoc
B03,26.25,INFJ,SuPhamSinhHoc
A00,28.5,ISTJ,SuPhamToanHoc
B00,26.25,ESTJ,SuPhamKhoaHocTuNhien
D15,27.0,ESFJ,SuPhamTiengAnh
B03,25.75,INFJ,SuPhamSinhHoc
C02,20.75,ESFJ,NongNghiep_MoiTruong_ThuySan
D01,21.75,ESTP,CongNgheThongTin_TruyenThong
C01,15.6,INTP,KyThuat_CongNghe
A00,21.6,INTP,KyThuat_CongNghe
D14,23.5,ENFP,SuPhamTiengPhap
C02,23.0,INTP,KhoaHocTuNhien
A00,26.25,ESTP,CongNgheThongTin_TruyenThong
D01,25.5,ENTP,CongNgheThongTin_TruyenThong
A01,27.75,ISTJ,SuPhamToanHoc
D15,27.25,ENTP,SuPhamTiengAnh
C01,19.75,ISTJ,KyThuat_CongNghe
D01,22.25,INTP,KhoaHocTuNhien
C02,24.75,ESTJ,Luat_KinhTe
B00,27.25,ISTJ,SuPhamHoaHoc
D15,28.0,ENFP,SuPhamTiengAnh
D01,19.0,ESTP,Luat_KinhTe
A00,27.75,INTP,SuPhamHoaHoc
B03,25.75,ENFJ,SuPhamSinhHoc
A00,26.5,INTJ,SuPhamKhoaHocTuNhien
D15,27.0,INFJ,SuPhamTiengAnh
A00,22.95,ISTP,KhoaHocTuNhien
A01,27.25,ESTJ,SuPhamVatLy
X01,19.1,ENTJ,Luat_KinhTe
A01,23.6,INTP,CongNgheThongTin_TruyenThong
A01,17.6,ESTJ,NongNghiep_MoiTruong_ThuySan
X25,24.75,INFP,XaHoiNhanVan
B00,27.25,INTP,SuPhamHoaHoc
D01,19.25,ESTP,CongNgheThongTin_TruyenThong
B03,26.25,INTJ,SuPhamSinhHoc
D01,27.25,INFJ,SuPhamTiengAnh
C01,26.75,ENFP,GiaoDucTieuHoc
A00,24.6,ENTP,CongNgheThongTin_TruyenThong
A00,26.0,INTP,SuPhamKhoaHocTuNhien
C02,24.25,ISFJ,XaHoiNhanVan
D07,20.25,ISFJ,NongNghiep_MoiTruong_ThuySan
A01,25.5,ISTP,SuPhamTinHoc
A00,26.35,ISTJ,SuPhamKhoaHocTuNhien
A00,28.5,INTP,SuPhamHoaHoc
A00,26.0,ISTJ,SuPhamKhoaHocTuNhien
A00,26.25,ESFP,GiaoDucTieuHoc
A00,17.35,ISTJ,KhoaHocTuNhien
D01,24.5,ENTP,SuPhamTinHoc
C02,19.5,INFJ,NongNghiep_MoiTruong_ThuySan
D01,22.0,ISFJ,NongNghiep_MoiTruong_ThuySan
A01,24.75,INTP,SuPhamTinHoc
A01,24.75,ISTP,SuPhamTinHoc
A01,25.0,INTJ,Luat_KinhTe
A01,27.25,INTP,SuPhamVatLy
B00,28.1,ISTJ,SuPhamHoaHoc
D01,18.75,ISTP,NongNghiep_MoiTruong_ThuySan
C01,22.0,ESFJ,XaHoiNhanVan
D01,19.25,INTP,KhoaHocTuNhien
A01,27.25,INTJ,SuPhamVatLy
D14,23.25,INFJ,NgoaiNgu
A01,27.0,ENTP,SuPhamTinHoc
D01,23.5,ENFP,SuPhamTiengPhap
A00,28.25,INTJ,SuPhamHoaHoc
A00,27.75,ESTJ,SuPhamVatLy
C01,24.5,ISTP,KyThuat_CongNghe
A00,27.25,ESTJ,SuPhamVatLy
A00,27.25,ESTJ,SuPhamHoaHoc
X25,22.0,INFJ,XaHoiNhanVan
A00,24.25,INTJ,CongNgheThongTin_TruyenThong
B00,28.5,INTP,SuPhamKhoaHocTuNhien
B00,27.0,INTJ,SuPhamSinhHoc
A01,25.5,ESTJ,SuPhamTinHoc
D01,20.75,ESFJ,NongNghiep_MoiTruong_ThuySan
D01,22.6,INTJ,KhoaHocTuNhien
C01,27.0,ESFP,GiaoDucTieuHoc
B00,28.25,INFJ,SuPhamSinhHoc
A01,25.5,ISTP,SuPhamTinHoc
D01,25.5,ISFJ,SuPhamTiengPhap
D15,28.5,ESFJ,SuPhamTiengAnh
A00,28.5,ESTJ,SuPhamHoaHoc
B00,28.75,ESTJ,SuPhamHoaHoc
A00,27.25,INTJ,SuPhamHoaHoc
D01,23.5,ESFJ,NgoaiNgu
D01,23.0,INFJ,SuPhamTiengPhap
A00,28.0,INTJ,SuPhamToanHoc
C01,26.25,ESFP,GiaoDucTieuHoc
A00,28.25,INTP,SuPhamHoaHoc
C02,20.75,ESTJ,NongNghiep_MoiTruong_ThuySan
D01,27.25,ENFP,SuPhamTiengAnh
D01,25.5,ENFJ,SuPhamTiengPhap
D01,25.0,ISTP,SuPhamTinHoc
C01,23.35,ISTJ,Luat_KinhTe
A00,26.5,INTP,SuPhamTinHoc
D01,21.25,ISTP,KhoaHocTuNhien
A00,27.25,INTP,SuPhamKhoaHocTuNhien
A00,27.75,INTJ,SuPhamVatLy
C01,21.25,ENTJ,KyThuat_CongNghe
A01,25.75,INTP,SuPhamTinHoc
A00,28.0,ESTJ,SuPhamHoaHoc
A00,26.75,ENFJ,GiaoDucTieuHoc
C01,20.75,ENTJ,KyThuat_CongNghe
A00,28.0,INTJ,SuPhamVatLy
A00,25.75,ISTP,SuPhamTinHoc
C01,24.5,ESFJ,XaHoiNhanVan
C02,22.75,ISFJ,NongNghiep_MoiTruong_ThuySan
B00,27.25,INFJ,SuPhamSinhHoc
C02,22.25,ISTJ,Luat_KinhTe
D01,23.0,ESFJ,NgoaiNgu
B00,25.75,INFP,SuPhamSinhHoc
A00,25.75,ENTP,SuPhamTinHoc
A00,17.25,INTJ,KhoaHocTuNhien
D01,23.25,INFJ,SuPhamTiengPhap
A00,27.75,ISTJ,SuPhamToanHoc
A00,28.35,INTJ,SuPhamToanHoc
D01,24.25,INTJ,KhoaHocTuNhien
A00,27.25,ENFJ,GiaoDucTieuHoc
B00,26.75,INFP,SuPhamSinhHoc
C01,23.25,ENTP,Luat_KinhTe
A01,27.25,ISTJ,SuPhamVatLy
A00,19.35,INTJ,KyThuat_CongNghe
B00,25.6,INFP,SuPhamSinhHoc
C01,21.1,ISTJ,KyThuat_CongNghe
D01,24.0,ENFJ,SuPhamTiengPhap
D01,20.0,INTP,KhoaHocTuNhien
A00,20.85,ISTJ,KhoaHocTuNhien
C02,22.75,ESTP,Luat_KinhTe
C00,22.6,INTJ,Luat_KinhTe
D01,18.35,ENTP,KhoaHocTuNhien
D01,27.5,ENFJ,SuPhamTiengAnh
A01,27.25,INTP,SuPhamVatLy
A00,28.5,INTJ,SuPhamHoaHoc
A01,18.7,ESTP,KyThuat_CongNghe
C01,28.75,ENFP,GiaoDucTieuHoc
C01,26.25,ENFJ,GiaoDucTieuHoc
D01,23.0,ESFP,NgoaiNgu
D01,18.75,ENTP,KhoaHocTuNhien
B00,25.75,ISFJ,SuPhamSinhHoc
D01,21.6,ENFP,XaHoiNhanVan
A00,26.0,INTP,SuPhamTinHoc
A00,20.5,ESTJ,NongNghiep_MoiTruong_ThuySan
C00,18.95,ENTP,Luat_KinhTe
B00,27.25,ESTJ,SuPhamHoaHoc
A00,27.0,ISTP,KhoaHocTuNhien
D15,27.6,ENFP,SuPhamTiengAnh
A00,28.0,ENTJ,SuPhamToanHoc
A00,26.0,ESTJ,SuPhamKhoaHocTuNhien
A00,29.5,ESTJ,SuPhamToanHoc
C01,26.75,ESFJ,GiaoDucTieuHoc
C01,17.85,ESTP,KyThuat_CongNghe
D01,26.25,INTJ,SuPhamTinHoc
D14,24.6,ENTP,NgoaiNgu
D01,19.0,ESFJ,NongNghiep_MoiTruong_ThuySan
D01,24.0,ISFJ,SuPhamTiengPhap
A00,24.75,ESTJ,SuPhamTinHoc
C01,23.25,INTP,KyThuat_CongNghe
C02,16.95,ESTJ,NongNghiep_MoiTruong_ThuySan
A00,27.0,ESFP,GiaoDucTieuHoc
C02,23.0,INTJ,KhoaHocTuNhien
D01,21.5,INTP,KhoaHocTuNhien
D01,23.5,ESFJ,SuPhamTiengPhap
D14,24.25,ENTP,NgoaiNgu
D01,24.0,ISFJ,SuPhamTiengPhap
A00,26.5,INTP,SuPhamKhoaHocTuNhien
A00,29.5,INTP,SuPhamVatLy
A00,28.75,ISTJ,SuPhamToanHoc
D01,23.75,ENFJ,NgoaiNgu
A00,27.5,INTP,SuPhamVatLy
B00,22.75,ENTP,KhoaHocTuNhien
A00,26.75,ISTJ,SuPhamKhoaHocTuNhien
A00,24.75,ENTP,SuPhamTinHoc
D15,27.5,INFJ,SuPhamTiengAnh
D09,23.25,ESFJ,NgoaiNgu
D01,23.25,ISTJ,Luat_KinhTe
C01,22.75,ENFJ,XaHoiNhanVan
A00,26.25,ESTJ,SuPhamTinHoc
A00,27.75,INTP,SuPhamVatLy
D01,24.25,ESFJ,SuPhamTiengPhap
D01,19.25,ENTP,KhoaHocTuNhien
A00,27.75,ISTJ,SuPhamToanHoc
A01,20.75,ISTJ,KhoaHocTuNhien
D01,21.25,ESTJ,NongNghiep_MoiTruong_ThuySan
A00,27.25,ENFP,GiaoDucTieuHoc
C02,23.75,INTP,KhoaHocTuNhien
D15,23.5,ESFJ,NgoaiNgu
C02,15.5,INFJ,NongNghiep_MoiTruong_ThuySan
A01,27.75,ISTJ,SuPhamToanHoc
D14,25.25,ENFJ,XaHoiNhanVan
A01,27.25,INFJ,SuPhamKhoaHocTuNhien
C01,27.25,ISFJ,GiaoDucTieuHoc
D01,24.75,ESFP,NgoaiNgu
D01,24.0,ESFJ,NgoaiNgu
C01,18.5,ISTJ,KyThuat_CongNghe
B00,15.35,ESTP,KyThuat_CongNghe
D01,24.0,ENTP,NgoaiNgu
D14,27.5,ESFJ,SuPhamTiengAnh
A00,27.35,INTP,SuPhamHoaHoc
D01,25.0,ESFP,NgoaiNgu
C01,18.95,ESTP,Luat_KinhTe
C02,19.35,ISTP,NongNghiep_MoiTruong_ThuySan
A00,27.0,ESFJ,GiaoDucTieuHoc
A00,26.75,ESFP,GiaoDucTieuHoc
C01,17.95,INTP,KyThuat_CongNghe
A00,28.0,INTP,SuPhamVatLy
D01,24.5,ESFJ,NgoaiNgu
D01,19.5,ISFJ,NongNghiep_MoiTruong_ThuySan
C01,21.25,ENTJ,KyThuat_CongNghe
A00,26.25,ENFP,GiaoDucTieuHoc
D01,23.25,ISFJ,SuPhamTiengPhap
D15,24.75,ENFP,NgoaiNgu
A01,27.25,ISTJ,SuPhamKhoaHocTuNhien
D09,24.75,ENFJ,NgoaiNgu
B03,27.0,ENFJ,SuPhamSinhHoc
D01,20.0,ESTJ,NongNghiep_MoiTruong_ThuySan
A00,26.5,ENTJ,KyThuat_CongNghe
A00,27.25,ISTJ,SuPhamVatLy
C01,26.25,ISFJ,GiaoDucTieuHoc
C02,17.25,ISFJ,NongNghiep_MoiTruong_ThuySan
X01,23.0,ESTJ,Luat_KinhTe
C01,17.5,INTJ,KyThuat_CongNghe
A01,17.25,ENTP,KhoaHocTuNhien
A00,26.75,INTJ,Luat_KinhTe
X01,18.75,ENTJ,Luat_KinhTe
A00,26.0,ENTP,SuPhamTinHoc
D01,26.25,ISFJ,GiaoDucTieuHoc
A00,28.25,ISTJ,SuPhamVatLy
C02,21.5,INTJ,Luat_KinhTe
B03,26.25,INFP,SuPhamSinhHoc
A01,27.5,ISTJ,SuPhamVatLy
C01,26.25,ESFP,GiaoDucTieuHoc
A00,28.0,ENTJ,SuPhamToanHoc
A00,20.0,ISTJ,KhoaHocTuNhien
A01,23.75,ESTJ,NongNghiep_MoiTruong_ThuySan
A00,27.25,ISTJ,SuPhamHoaHoc
A00,24.75,ESTJ,SuPhamTinHoc
B00,28.5,ESTJ,SuPhamHoaHoc
D01,19.0,INTJ,KhoaHocTuNhien
C01,23.25,ENFP,XaHoiNhanVan
D01,26.25,ENFJ,SuPhamTiengPhap
C01,22.25,ESTJ,Luat_KinhTe
C02,16.25,INFJ,NongNghiep_MoiTruong_ThuySan
A00,27.5,INTP,SuPhamVatLy
D01,22.5,INTP,CongNgheThongTin_TruyenThong
D01,25.25,ESFJ,SuPhamTiengPhap
A00,28.0,ISFJ,GiaoDucTieuHoc
A00,25.25,ESTJ,SuPhamTinHoc
B03,26.0,INFP,SuPhamSinhHoc
D07,21.0,INTJ,Luat_KinhTe
A00,26.75,ENFJ,GiaoDucTieuHoc
D01,17.85,ISFJ,NongNghiep_MoiTruong_ThuySan
D01,24.75,ISFJ,XaHoiNhanVan
A00,26.25,ESTJ,SuPhamKhoaHocTuNhien
C01,23.25,ISFJ,XaHoiNhanVan
D01,22.75,ENFJ,SuPhamTiengPhap
A00,23.5,INTP,KyThuat_CongNghe
A00,28.25,ISTJ,SuPhamVatLy
D01,23.25,ENFJ,NgoaiNgu
X01,22.5,ENTJ,Luat_KinhTe
C01,21.25,ISTJ,KyThuat_CongNghe
D01,18.5,INTJ,CongNgheThongTin_TruyenThong
D01,25.75,ESFJ,XaHoiNhanVan
A00,26.0,ISTJ,SuPhamKhoaHocTuNhien
D01,23.25,ENFJ,SuPhamTiengPhap
D01,22.75,ENTP,Luat_KinhTe
B00,28.5,INTJ,SuPhamHoaHoc
D14,24.0,INFJ,SuPhamTiengPhap
A00,27.75,INTP,SuPhamToanHoc
A01,28.0,INTJ,SuPhamToanHoc
D01,17.6,ENTP,KhoaHocTuNhien
X25,20.75,ESFJ,XaHoiNhanVan
D01,23.0,ESFP,NgoaiNgu
B03,26.5,INFP,SuPhamSinhHoc
D01,20.0,INFJ,NongNghiep_MoiTruong_ThuySan
D01,21.35,ESTJ,Luat_KinhTe
D07,27.25,ESTJ,SuPhamHoaHoc
A00,23.35,INFJ,XaHoiNhanVan
D01,22.5,ENTP,CongNgheThongTin_TruyenThong
A00,26.75,ISFJ,GiaoDucTieuHoc
B00,25.6,ENFJ,SuPhamSinhHoc
D01,19.35,ESFJ,NongNghiep_MoiTruong_ThuySan
B03,26.25,ENFJ,SuPhamSinhHoc
A00,26.25,ISFJ,GiaoDucTieuHoc
C01,23.5,ENFP,XaHoiNhanVan
D01,23.0,ENFP,NgoaiNgu
D01,23.75,ISFJ,SuPhamTiengPhap
B00,26.75,INFJ,SuPhamKhoaHocTuNhien
B03,26.75,INFP,SuPhamSinhHoc
A00,28.0,ENTJ,SuPhamToanHoc
B00,26.5,INFJ,SuPhamSinhHoc
D14,27.5,ENFP,SuPhamTiengAnh
A00,27.5,ESTJ,SuPhamVatLy
C01,23.25,ISTJ,KyThuat_CongNghe
A00,27.5,INTP,SuPhamVatLy
C01,26.25,ISFJ,GiaoDucTieuHoc
D01,21.25,ENTP,Luat_KinhTe
D01,27.0,ESFJ,SuPhamTiengAnh
C01,22.5,ESFJ,XaHoiNhanVan
D01,27.25,INFJ,SuPhamTiengAnh
A00,26.75,INFJ,SuPhamKhoaHocTuNhien
A00,27.25,INTP,SuPhamKhoaHocTuNhien
D01,19.1,ESFJ,NongNghiep_MoiTruong_ThuySan
D14,24.0,ENFJ,SuPhamTiengPhap
C01,23.25,ENFP,XaHoiNhanVan
D01,18.6,ISTP,KhoaHocTuNhien
B00,25.75,ISFJ,SuPhamSinhHoc
D01,23.25,ISFJ,SuPhamTiengPhap
D01,23.0,ESFJ,SuPhamTiengPhap
C02,22.0,ENFJ,XaHoiNhanVan
A00,29.0,INTJ,SuPhamVatLy
D01,25.0,ENFJ,NgoaiNgu
D01,24.0,ENTP,CongNgheThongTin_TruyenThong
A00,28.0,ISTJ,SuPhamVatLy
D15,24.5,INFJ,NgoaiNgu
B00,28.25,INTJ,SuPhamHoaHoc
D01,19.1,INTJ,CongNgheThongTin_TruyenThong
A01,27.75,INTJ,SuPhamKhoaHocTuNhien
A00,18.75,INTP,KhoaHocTuNhien
A00,21.75,ISFJ,XaHoiNhanVan
D01,23.5,ESFP,NgoaiNgu
C02,22.25,ESFJ,XaHoiNhanVan
C01,16.1,ESTP,KyThuat_CongNghe
B00,27.5,ESTJ,SuPhamHoaHoc
A00,28.0,ENTJ,SuPhamToanHoc
C02,19.0,INFJ,NongNghiep_MoiTruong_ThuySan
A00,27.5,INTJ,SuPhamVatLy
A01,25.0,INTJ,SuPhamTinHoc
C01,23.25,INTJ,KyThuat_CongNghe
C01,18.5,ISTJ,KyThuat_CongNghe
B00,23.1,ENTP,KhoaHocTuNhien
A00,26.85,ISTJ,SuPhamKhoaHocTuNhien
B00,28.25,ISFJ,SuPhamSinhHoc
D01,24.5,INTP,SuPhamTinHoc
A00,22.6,INTJ,KhoaHocTuNhien
A00,25.75,ENTP,SuPhamTinHoc
A00,25.0,INTP,SuPhamTinHoc
C02,24.25,INTJ,KhoaHocTuNhien
C01,27.5,ISFJ,GiaoDucTieuHoc
B00,23.0,ISTP,KhoaHocTuNhien
C02,18.7,ISTP,NongNghiep_MoiTruong_ThuySan
D15,27.0,ENFP,SuPhamTiengAnh
D01,24.25,INFJ,NgoaiNgu
A00,28.5,ISTJ,SuPhamVatLy
D01,19.5,ESTP,CongNgheThongTin_TruyenThong
D01,18.75,ISTP,CongNgheThongTin_TruyenThong
D01,23.75,ENTP,CongNgheThongTin_TruyenThong
A00,26.5,INFJ,SuPhamKhoaHocTuNhien
A00,26.75,INTJ,SuPhamKhoaHocTuNhien
C01,26.25,ESFP,GiaoDucTieuHoc
D01,27.0,ESFJ,SuPhamTiengAnh
D14,24.25,ESFP,NgoaiNgu
D01,18.75,ENTP,KhoaHocTuNhien
D01,25.25,ENTP,SuPhamTinHoc
B00,26.25,INTP,SuPhamKhoaHocTuNhien
C01,20.75,ESTP,KyThuat_CongNghe
D01,23.5,INTP,CongNgheThongTin_TruyenThong
C01,27.5,ESFP,GiaoDucTieuHoc
A00,19.75,ESTJ,NongNghiep_MoiTruong_ThuySan
A00,26.5,ENTJ,KyThuat_CongNghe
A00,28.25,ESTJ,SuPhamHoaHoc
A00,27.35,ESTJ,SuPhamVatLy
C01,22.5,ISFJ,XaHoiNhanVan
A00,21.1,INFP,XaHoiNhanVan
D01,18.5,ESFJ,NongNghiep_MoiTruong_ThuySan
A00,27.75,ESTJ,SuPhamKhoaHocTuNhien
D15,25.25,INFP,XaHoiNhanVan
A00,24.5,INTP,SuPhamTinHoc
A01,28.0,ISTJ,SuPhamKhoaHocTuNhien
B00,27.25,ENFJ,SuPhamSinhHoc
C01,20.1,ESTP,Luat_KinhTe
A01,26.5,INFJ,SuPhamKhoaHocTuNhien
A00,26.75,INTP,SuPhamTinHoc
D14,24.25,ESFP,NgoaiNgu
C01,24.0,INTP,KyThuat_CongNghe
D01,27.0,ESFP,GiaoDucTieuHoc
D14,24.5,INFJ,NgoaiNgu
C02,23.5,INTP,KhoaHocTuNhien
D07,21.25,INTP,CongNgheThongTin_TruyenThong
B00,26.5,INFP,SuPhamSinhHoc
D01,23.0,ENFJ,SuPhamTiengPhap
B03,27.75,INFP,SuPhamSinhHoc
A01,26.75,INFJ,SuPhamKhoaHocTuNhien
A00,28.5,INTP,SuPhamToanHoc
D01,25.25,INTJ,SuPhamTinHoc
X01,18.75,ESTP,Luat_KinhTe
B00,26.5,INTJ,SuPhamSinhHoc
D01,25.0,INTJ,SuPhamTinHoc
A00,26.5,INTP,SuPhamKhoaHocTuNhien
A00,28.0,ISTJ,SuPhamHoaHoc
C01,25.0,ENTP,Luat_KinhTe
A01,22.5,INTP,KhoaHocTuNhien
A00,27.5,ISTJ,SuPhamHoaHoc
C01,26.75,ENFJ,GiaoDucTieuHoc
A01,16.85,ENTJ,KyThuat_CongNghe
C02,20.5,INTP,KhoaHocTuNhien
A00,28.0,INTJ,SuPhamToanHoc
A01,18.5,ESTP,KyThuat_CongNghe
C01,23.5,INFP,XaHoiNhanVan
D01,25.0,ISTP,SuPhamTinHoc
D01,24.25,ENTP,NgoaiNgu
B00,26.5,INFP,SuPhamSinhHoc
D01,23.5,ISFJ,SuPhamTiengPhap
C01,20.5,INFJ,XaHoiNhanVan
A00,21.75,ISTP,CongNgheThongTin_TruyenThong
A01,26.75,ISTP,CongNgheThongTin_TruyenThong
C01,19.0,ISTJ,KyThuat_CongNghe
X25,23.0,ENFJ,XaHoiNhanVan
B00,27.0,ENFJ,SuPhamSinhHoc
D01,18.6,ISFP,NongNghiep_MoiTruong_ThuySan
C01,24.25,ENFJ,XaHoiNhanVan
C01,22.75,ESTJ,Luat_KinhTe
D01,21.75,ISTP,CongNgheThongTin_TruyenThong
A01,23.0,ENFJ,XaHoiNhanVan
D01,24.5,ENFJ,NgoaiNgu
D01,20.25,ESTP,Luat_KinhTe
C01,21.1,ENTJ,KyThuat_CongNghe
A01,22.5,ESTP,CongNgheThongTin_TruyenThong
D01,23.1,ENFJ,NgoaiNgu
C01,24.75,ENTJ,Luat_KinhTe
C01,26.35,ENFP,GiaoDucTieuHoc
D01,21.0,ENTJ,CongNgheThongTin_TruyenThong
D01,19.5,ENTP,CongNgheThongTin_TruyenThong
A00,29.25,ENTJ,SuPhamToanHoc
D01,19.1,INTP,CongNgheThongTin_TruyenThong
C00,20.35,ENTP,Luat_KinhTe
X06,20.25,INTJ,KhoaHocTuNhien
C01,21.25,ISTJ,KyThuat_CongNghe
D01,26.75,ESFP,GiaoDucTieuHoc
A01,29.0,ESTJ,SuPhamVatLy
C01,18.75,ISTP,KyThuat_CongNghe
D01,24.5,ISFJ,SuPhamTiengPhap
D01,20.75,INTJ,Luat_KinhTe
C01,22.75,ESFJ,XaHoiNhanVan
D01,19.75,ESFJ,NongNghiep_MoiTruong_ThuySan
B00,27.25,ESTJ,SuPhamHoaHoc
D01,22.5,ISTP,CongNgheThongTin_TruyenThong
D01,23.75,ISFJ,SuPhamTiengPhap
A01,27.75,ISTJ,SuPhamKhoaHocTuNhien
A01,27.25,ESTJ,SuPhamVatLy
A00,27.5,ISTJ,SuPhamHoaHoc
A01,19.5,ENTJ,KyThuat_CongNghe
C01,22.35,ISTJ,KyThuat_CongNghe
D01,26.0,ENFP,SuPhamTiengPhap
A00,29.5,ESTJ,SuPhamHoaHoc
C01,18.75,ISTJ,KyThuat_CongNghe
A00,26.75,INFJ,SuPhamKhoaHocTuNhien
A01,28.75,INTJ,SuPhamKhoaHocTuNhien
A00,19.45,ISTJ,KyThuat_CongNghe
D01,22.25,ENTJ,CongNgheThongTin_TruyenThong
A00,20.25,INTP,KyThuat_CongNghe
A00,28.25,INTP,SuPhamToanHoc
B00,26.0,ISTJ,SuPhamKhoaHocTuNhien
D01,24.25,ESFJ,NgoaiNgu
C01,26.25,ESFP,GiaoDucTieuHoc
C02,23.25,ISFP,NongNghiep_MoiTruong_ThuySan
D14,23.0,ESFJ,SuPhamTiengPhap
C02,21.75,ENTP,KhoaHocTuNhien
A01,21.5,ENTJ,KyThuat_CongNghe
D01,23.25,INFJ,SuPhamTiengPhap
A00,26.0,INTJ,SuPhamTinHoc
A00,27.75,ISTJ,SuPhamHoaHoc
D01,25.25,INTJ,SuPhamTinHoc
A00,27.25,INFJ,SuPhamKhoaHocTuNhien
D01,24.25,ENFP,NgoaiNgu
B00,26.0,ENFJ,SuPhamSinhHoc
D01,19.75,ENTJ,CongNgheThongTin_TruyenThong
D01,27.5,INFJ,SuPhamTiengAnh
D01,27.25,ENFP,GiaoDucTieuHoc
D14,28.0,ENTP,SuPhamTiengAnh
C01,26.83,ENFJ,GiaoDucTieuHoc
D01,25.75,INTP,SuPhamTinHoc
C01,24.0,INFJ,XaHoiNhanVan
A01,26.0,ESTJ,SuPhamKhoaHocTuNhien
C00,24.25,ENTP,Luat_KinhTe
D01,23.5,ENTP,NgoaiNgu
A00,26.5,INTJ,SuPhamKhoaHocTuNhien
D01,19.25,ESFJ,NongNghiep_MoiTruong_ThuySan
B00,27.0,ENFJ,SuPhamSinhHoc
B00,27.25,INTJ,SuPhamHoaHoc
A01,24.75,INTJ,SuPhamTinHoc
D14,24.75,ENTP,NgoaiNgu
D01,25.5,ENFJ,SuPhamTiengPhap
C01,27.75,ENFJ,GiaoDucTieuHoc
C02,23.25,INTJ,KhoaHocTuNhien
C01,22.0,INTP,KyThuat_CongNghe
D01,23.0,ISFJ,SuPhamTiengPhap
D01,27.0,ESFJ,SuPhamTiengAnh
X01,18.85,ESTJ,Luat_KinhTe
D15,23.0,ESFJ,NgoaiNgu
A01,26.5,INFJ,SuPhamKhoaHocTuNhien
A00,21.5,ESTP,CongNgheThongTin_TruyenThong
D01,23.25,ENFJ,SuPhamTiengPhap
D01,23.5,INFJ,SuPhamTiengPhap
B00,27.25,INTJ,SuPhamHoaHoc
C00,21.0,ISFJ,XaHoiNhanVan
B00,27.5,ESTJ,SuPhamHoaHoc
D01,24.75,ENFP,SuPhamTiengPhap
B00,26.0,INFP,SuPhamSinhHoc
B00,28.0,INFJ,SuPhamSinhHoc
D01,25.0,ESTJ,SuPhamTinHoc
A01,27.25,INTP,SuPhamKhoaHocTuNhien
A00,27.5,ESTJ,SuPhamTinHoc
D01,27.5,ENFP,SuPhamTiengAnh
B03,26.0,INTJ,SuPhamSinhHoc
A00,28.5,ISTJ,SuPhamToanHoc
A01,24.5,ESTJ,SuPhamTinHoc
A00,28.0,INTP,SuPhamVatLy
A00,28.5,ENTJ,SuPhamToanHoc
B03,25.6,INFJ,SuPhamSinhHoc
A00,27.75,ESTJ,SuPhamVatLy
D01,23.5,ESFJ,SuPhamTiengPhap
D01,27.25,INFJ,NgoaiNgu
B00,26.0,INFJ,SuPhamSinhHoc
A00,29.25,ESTJ,SuPhamKhoaHocTuNhien
D01,19.75,ISTP,NongNghiep_MoiTruong_ThuySan
B03,26.0,ENFJ,SuPhamSinhHoc
C01,20.75,ENTJ,KyThuat_CongNghe
A00,22.25,ENFP,XaHoiNhanVan
B00,26.0,INFJ,SuPhamSinhHoc
C02,18.75,ISFP,NongNghiep_MoiTruong_ThuySan
D15,24.5,INFJ,NgoaiNgu
A01,26.0,INTJ,SuPhamKhoaHocTuNhien
A01,27.5,INTP,SuPhamVatLy
B00,26.75,INFJ,SuPhamSinhHoc
D14,24.25,INFJ,SuPhamTiengPhap
A00,25.25,ISTP,SuPhamTinHoc
B03,25.75,ISFJ,SuPhamSinhHoc
C01,24.75,INFP,XaHoiNhanVan
C01,20.25,ENTJ,Luat_KinhTe
A01,17.25,ESTP,KyThuat_CongNghe
C01,21.0,ISTP,KyThuat_CongNghe
D14,23.25,ISFJ,XaHoiNhanVan
A00,28.25,INTP,SuPhamVatLy
A00,27.5,INTJ,SuPhamHoaHoc
D14,27.0,ENFJ,SuPhamTiengAnh
D14,27.25,ESFJ,SuPhamTiengAnh
B00,26.0,ENFJ,SuPhamSinhHoc
D07,24.5,INTJ,SuPhamTinHoc
D01,24.25,ESFJ,NgoaiNgu
A00,20.85,INTJ,KhoaHocTuNhien
D01,23.5,ESFJ,SuPhamTiengPhap
C01,26.5,ISFJ,GiaoDucTieuHoc
D01,23.25,ESFJ,SuPhamTiengPhap
A01,24.0,INFJ,XaHoiNhanVan
A00,28.75,INTJ,SuPhamVatLy
D01,21.0,INTJ,CongNgheThongTin_TruyenThong
A00,25.25,ESTJ,SuPhamTinHoc
B00,18.55,ESTJ,NongNghiep_MoiTruong_ThuySan
D15,24.1,ENTP,NgoaiNgu
D01,23.75,ENFP,SuPhamTiengPhap
B00,26.85,INFJ,SuPhamKhoaHocTuNhien
D14,27.75,ENTP,SuPhamTiengAnh
D01,25.0,ESFJ,NgoaiNgu
D14,22.75,ENFJ,SuPhamTiengPhap
C01,24.75,ISTP,KyThuat_CongNghe
D01,27.0,ISFJ,GiaoDucTieuHoc
A00,27.25,ISTJ,SuPhamHoaHoc
C02,18.45,ISTJ,KhoaHocTuNhien
X01,26.75,ENTJ,Luat_KinhTe
D01,22.25,ESTP,CongNgheThongTin_TruyenThong
C02,17.0,ISFJ,NongNghiep_MoiTruong_ThuySan
A00,28.75,INTP,SuPhamHoaHoc
A01,25.25,ISTP,SuPhamTinHoc
C01,22.5,ESTP,KyThuat_CongNghe
C01,18.0,INTP,KyThuat_CongNghe
D14,23.0,ENFJ,NgoaiNgu
D01,23.0,ESFJ,SuPhamTiengPhap
B00,27.0,ENFJ,SuPhamSinhHoc
D15,25.25,ENFP,NgoaiNgu
D01,23.75,ENTJ,CongNgheThongTin_TruyenThong
D15,27.0,ENTP,SuPhamTiengAnh
A00,27.75,ISTJ,SuPhamVatLy
D01,26.75,ESFP,GiaoDucTieuHoc
A00,28.5,ESTJ,SuPhamHoaHoc
B00,19.0,ISTJ,KyThuat_CongNghe
B00,26.25,INFP,SuPhamSinhHoc
B03,26.25,INFJ,SuPhamSinhHoc
A00,27.75,ISTJ,SuPhamHoaHoc
A00,28.5,ESFP,GiaoDucTieuHoc
X06,22.5,INTJ,CongNgheThongTin_TruyenThong
B00,26.25,INTJ,SuPhamSinhHoc
X70,23.75,ENFP,XaHoiNhanVan
A00,24.75,INTP,SuPhamTinHoc
C01,19.6,ISTP,KyThuat_CongNghe
B00,27.75,INFJ,SuPhamSinhHoc
D07,19.25,ISTP,KhoaHocTuNhien
A00,27.5,ISTJ,SuPhamHoaHoc
B00,29.0,ESTJ,SuPhamHoaHoc
A00,28.0,INTP,SuPhamHoaHoc
A01,21.25,ISTJ,KhoaHocTuNhien
C00,23.75,INFP,XaHoiNhanVan
D01,20.35,ISTP,CongNgheThongTin_TruyenThong
A00,24.5,ENFJ,XaHoiNhanVan
D01,21.5,ISTJ,KhoaHocTuNhien
C01,20.75,ENFP,XaHoiNhanVan
C01,27.25,ESFJ,GiaoDucTieuHoc
A00,28.0,INTP,SuPhamToanHoc
A01,19.0,INTJ,CongNgheThongTin_TruyenThong
A00,28.0,ESTJ,SuPhamVatLy
D14,23.0,ENFJ,SuPhamTiengPhap
A00,28.75,ENTP,SuPhamTinHoc
D01,18.75,INTJ,KhoaHocTuNhien
C02,22.0,ENTP,Luat_KinhTe
D01,27.75,INFJ,SuPhamTiengAnh
D14,23.5,ESFJ,SuPhamTiengPhap
A00,27.0,ESFJ,GiaoDucTieuHoc
A00,28.5,ESTJ,SuPhamToanHoc
A00,28.75,ENFP,GiaoDucTieuHoc
D01,15.0,ISFP,NongNghiep_MoiTruong_ThuySan
A00,28.5,INTP,SuPhamToanHoc
C01,26.25,ISFJ,GiaoDucTieuHoc
A00,25.0,INTP,SuPhamTinHoc
D15,27.5,ENFP,SuPhamTiengAnh
C02,23.35,INTP,KhoaHocTuNhien
A01,25.5,INTP,SuPhamTinHoc
D01,27.0,INFJ,SuPhamTiengAnh
C01,28.5,ENFJ,GiaoDucTieuHoc
D01,19.85,INTJ,Luat_KinhTe
A00,28.5,ISTJ,SuPhamVatLy
D14,24.25,ISFJ,SuPhamTiengPhap
C01,21.5,INTP,KyThuat_CongNghe
D15,27.0,ENFP,SuPhamTiengAnh
C01,18.25,INTP,KyThuat_CongNghe
A01,24.25,ISTP,KyThuat_CongNghe
D15,27.0,ESFJ,SuPhamTiengAnh
B00,28.25,ESTJ,SuPhamHoaHoc
D14,26.5,ENFJ,NgoaiNgu
B00,25.6,INTJ,SuPhamSinhHoc
D01,23.0,INFJ,SuPhamTiengPhap
D01,22.5,INTJ,CongNgheThongTin_TruyenThong
A00,28.0,ISTJ,SuPhamVatLy
A01,18.0,INTJ,KyThuat_CongNghe
A01,20.75,ISTP,NongNghiep_MoiTruong_ThuySan
D01,19.75,ISTP,CongNgheThongTin_TruyenThong
D14,27.75,INFJ,SuPhamTiengAnh
B00,26.75,ENFJ,SuPhamSinhHoc
A00,24.5,ISTP,KyThuat_CongNghe
A00,27.5,INTP,SuPhamHoaHoc
D01,23.0,ENFJ,SuPhamTiengPhap
A01,23.5,INTJ,CongNgheThongTin_TruyenThong
D14,27.25,ESFJ,SuPhamTiengAnh
D01,19.25,ISTP,NongNghiep_MoiTruong_ThuySan
X26,24.5,ISFJ,XaHoiNhanVan
A00,27.5,INTJ,SuPhamVatLy
C02,15.85,INFJ,NongNghiep_MoiTruong_ThuySan
B00,27.75,INFJ,SuPhamSinhHoc
A00,27.25,ESTJ,SuPhamVatLy
D01,20.35,ENTJ,CongNgheThongTin_TruyenThong
A00,29.0,ENFP,GiaoDucTieuHoc
C01,27.5,ENFP,GiaoDucTieuHoc
A00,27.5,INTJ,SuPhamHoaHoc
A01,26.25,ESTJ,SuPhamKhoaHocTuNhien
A00,19.1,ISTJ,KyThuat_CongNghe
D01,21.75,ISFJ,XaHoiNhanVan
A00,27.25,ENFJ,GiaoDucTieuHoc
A00,27.75,INTP,SuPhamVatLy
B03,27.5,ENFJ,SuPhamSinhHoc
A01,19.85,ENTJ,CongNgheThongTin_TruyenThong
D01,22.0,INTP,CongNgheThongTin_TruyenThong
B03,26.0,INTJ,SuPhamSinhHoc
D01,21.5,INTP,KhoaHocTuNhien
D14,25.75,ENFP,NgoaiNgu
B00,27.25,INFJ,SuPhamKhoaHocTuNhien
X01,23.0,ESTP,Luat_KinhTe
A00,26.5,INTJ,SuPhamKhoaHocTuNhien
D01,19.25,ENTP,CongNgheThongTin_TruyenThong
D14,23.75,INFJ,SuPhamTiengPhap
A00,25.5,ENTP,SuPhamTinHoc
A00,27.25,ISTJ,SuPhamHoaHoc
D01,22.75,ESTJ,Luat_KinhTe
C01,23.25,ISTJ,Luat_KinhTe
D07,21.0,ENFP,XaHoiNhanVan
X25,21.5,ENFJ,XaHoiNhanVan
A00,28.75,ISFJ,GiaoDucTieuHoc
A00,27.0,INTP,SuPhamKhoaHocTuNhien
B03,26.75,INFP,SuPhamSinhHoc
D01,16.1,ISFP,NongNghiep_MoiTruong_ThuySan
D01,17.25,ISTP,KhoaHocTuNhien
A01,27.75,INTJ,SuPhamToanHoc
X01,20.25,ENFJ,XaHoiNhanVan
A00,28.0,ENFP,GiaoDucTieuHoc
A00,28.0,ENTJ,SuPhamToanHoc
A00,26.25,ENFJ,GiaoDucTieuHoc
D01,23.25,ISFJ,SuPhamTiengPhap
A01,27.5,INTJ,SuPhamVatLy
C01,24.5,ISFJ,XaHoiNhanVan
B00,26.25,ISFJ,SuPhamSinhHoc
D01,25.0,ISTJ,Luat_KinhTe
B03,21.5,ENTP,KhoaHocTuNhien
C01,17.25,ENTJ,KyThuat_CongNghe
X25,18.0,ISFP,NongNghiep_MoiTruong_ThuySan
D01,23.75,ESFJ,SuPhamTiengPhap
A00,25.5,ISTP,NongNghiep_MoiTruong_ThuySan
D01,22.35,ENTJ,Luat_KinhTe
B00,25.6,ENFJ,SuPhamSinhHoc
B03,25.75,ISFJ,SuPhamSinhHoc
C00,19.6,ESTP,Luat_KinhTe
B00,25.75,ISFJ,SuPhamSinhHoc
A00,28.0,ESTJ,SuPhamHoaHoc
C02,22.25,ENTP,Luat_KinhTe
B03,26.25,ENFJ,SuPhamSinhHoc
C01,21.75,ESTJ,Luat_KinhTe
B00,27.5,INFJ,SuPhamKhoaHocTuNhien
D15,27.1,ESFJ,SuPhamTiengAnh
A00,28.0,ENTJ,SuPhamToanHoc
A01,16.85,ESTJ,NongNghiep_MoiTruong_ThuySan
D01,19.75,ENTJ,CongNgheThongTin_TruyenThong
D14,25.0,ENFP,XaHoiNhanVan
A01,20.5,INTJ,CongNgheThongTin_TruyenThong
A00,26.0,INTJ,SuPhamKhoaHocTuNhien
D01,20.5,ISTP,NongNghiep_MoiTruong_ThuySan
B00,26.5,INTJ,SuPhamSinhHoc
A00,28.0,INTP,SuPhamToanHoc
A00,17.85,INFJ,NongNghiep_MoiTruong_ThuySan
A01,27.75,INTJ,SuPhamToanHoc
C01,23.75,ENTP,Luat_KinhTe
D07,28.0,INTJ,SuPhamHoaHoc
A01,27.25,INFJ,SuPhamKhoaHocTuNhien
A00,26.75,ESFJ,GiaoDucTieuHoc
A00,27.25,INTJ,SuPhamHoaHoc
D01,23.0,ENFJ,SuPhamTiengPhap
B03,20.85,INTJ,KhoaHocTuNhien
A00,24.5,INTP,SuPhamTinHoc
D14,27.75,ENTP,NgoaiNgu
D01,25.75,INTJ,SuPhamTinHoc
A00,29.5,INTP,SuPhamHoaHoc
A00,17.1,ESFJ,NongNghiep_MoiTruong_ThuySan
A01,16.6,ISFJ,NongNghiep_MoiTruong_ThuySan
D01,19.0,ESTJ,NongNghiep_MoiTruong_ThuySan
A00,16.25,ESFJ,NongNghiep_MoiTruong_ThuySan
C02,19.0,INTP,KhoaHocTuNhien
D14,27.0,ENFJ,SuPhamTiengAnh
D01,16.35,ESFJ,NongNghiep_MoiTruong_ThuySan
A01,26.5,INTP,SuPhamKhoaHocTuNhien
C01,17.5,ENTJ,KyThuat_CongNghe
D01,24.5,ENFJ,SuPhamTiengPhap
C01,17.25,ISTJ,KyThuat_CongNghe
A00,27.5,ESFJ,GiaoDucTieuHoc
C01,24.5,ESFJ,XaHoiNhanVan
B00,27.0,INTJ,SuPhamSinhHoc
B00,27.0,ISFJ,SuPhamSinhHoc
B00,26.5,INFJ,SuPhamKhoaHocTuNhien
C02,22.25,ESFJ,XaHoiNhanVan
C00,20.75,ISFJ,XaHoiNhanVan
C00,21.5,INTJ,Luat_KinhTe
D01,18.75,ISTJ,Luat_KinhTe
D01,24.0,INTP,KhoaHocTuNhien
A00,22.1,ENTP,KhoaHocTuNhien
A00,28.0,ESTJ,SuPhamVatLy
B00,27.25,ISFJ,SuPhamSinhHoc
D01,18.5,ISTP,KhoaHocTuNhien
D14,27.5,ENTP,SuPhamTiengAnh
A00,27.5,INTP,SuPhamVatLy
A01,29.0,INTP,SuPhamVatLy
D01,24.5,ENFJ,NgoaiNgu
B00,26.0,INFJ,SuPhamSinhHoc
D01,21.5,INTJ,KhoaHocTuNhien
B00,26.5,INFP,SuPhamSinhHoc
X25,22.25,ISFJ,XaHoiNhanVan
D01,19.35,ISTP,NongNghiep_MoiTruong_ThuySan
A00,27.25,ESTJ,SuPhamVatLy
A00,28.75,ISTJ,SuPhamKhoaHocTuNhien
A00,27.0,INTP,SuPhamKhoaHocTuNhien
D14,22.75,ENFP,SuPhamTiengPhap
D01,21.5,ENFP,XaHoiNhanVan
A00,28.0,INTJ,SuPhamHoaHoc
D01,25.75,INFJ,XaHoiNhanVan
B00,27.0,INFJ,SuPhamKhoaHocTuNhien
A00,27.0,ESFP,GiaoDucTieuHoc
C01,27.0,ISFJ,GiaoDucTieuHoc
D01,24.5,ISTP,SuPhamTinHoc
B00,27.0,ENFJ,SuPhamSinhHoc
A01,20.5,ISTJ,KhoaHocTuNhien
D01,18.95,ISFP,NongNghiep_MoiTruong_ThuySan
A00,26.0,ISTP,SuPhamTinHoc
B00,28.25,ISFJ,SuPhamSinhHoc
D01,25.5,ISTP,KhoaHocTuNhien
A00,28.5,ESTJ,SuPhamToanHoc
C01,27.25,ISFJ,GiaoDucTieuHoc
A00,28.5,ESTJ,SuPhamHoaHoc
C01,16.5,INTJ,KyThuat_CongNghe
B00,26.1,ENFJ,SuPhamSinhHoc
A00,27.25,ESTJ,SuPhamHoaHoc
A00,21.85,ESTP,CongNgheThongTin_TruyenThong
D09,25.75,ENTP,NgoaiNgu
C02,20.0,INTP,KhoaHocTuNhien
A00,27.75,ISTJ,SuPhamToanHoc
A00,21.85,INTJ,CongNgheThongTin_TruyenThong
D07,20.45,INTP,CongNgheThongTin_TruyenThong
B00,26.5,ISFJ,SuPhamSinhHoc
C01,21.1,ENTP,Luat_KinhTe
C02,17.6,ESTJ,NongNghiep_MoiTruong_ThuySan
C02,22.6,ESFJ,XaHoiNhanVan
D01,22.85,ENFP,SuPhamTiengPhap
A01,20.6,ENTJ,CongNgheThongTin_TruyenThong
A00,29.5,INTJ,SuPhamVatLy
A00,28.0,ESTJ,SuPhamHoaHoc
D01,24.0,INFJ,SuPhamTiengPhap
B00,29.0,ISFJ,SuPhamSinhHoc
B03,23.5,ISTP,KhoaHocTuNhien
A00,27.25,ESFJ,XaHoiNhanVan
A00,28.0,ESTJ,SuPhamToanHoc
A00,27.25,ENFP,GiaoDucTieuHoc
D01,23.0,INTJ,CongNgheThongTin_TruyenThong
B03,26.0,ENFJ,SuPhamSinhHoc
A00,27.5,ESTJ,SuPhamHoaHoc
A00,19.5,ESTP,CongNgheThongTin_TruyenThong
D01,26.0,INFP,XaHoiNhanVan
A00,20.25,ISFJ,NongNghiep_MoiTruong_ThuySan
C00,23.0,ESTP,Luat_KinhTe
C02,22.0,ISFJ,NongNghiep_MoiTruong_ThuySan
D14,25.25,INFJ,XaHoiNhanVan
C01,21.0,ISTJ,Luat_KinhTe
A00,27.25,ENFJ,GiaoDucTieuHoc
B00,26.0,ENFJ,SuPhamSinhHoc
B00,27.5,ISTJ,SuPhamKhoaHocTuNhien
D01,24.5,INTJ,KhoaHocTuNhien
A00,28.5,INTJ,SuPhamHoaHoc
A01,17.75,INTP,CongNgheThongTin_TruyenThong
C01,25.5,INTJ,Luat_KinhTe
X25,24.1,ESFJ,XaHoiNhanVan
D01,25.25,INTP,SuPhamTinHoc
D14,24.5,ENFP,SuPhamTiengPhap
D01,26.5,ENFJ,GiaoDucTieuHoc
B03,27.0,INTJ,SuPhamSinhHoc
D07,27.5,INTJ,SuPhamHoaHoc
D01,22.75,ISFJ,XaHoiNhanVan
D01,26.25,ESFP,GiaoDucTieuHoc
D01,20.0,INTJ,KhoaHocTuNhien
D07,23.1,ENTP,CongNgheThongTin_TruyenThong
A00,27.25,INTP,SuPhamHoaHoc
D01,24.75,ISFJ,SuPhamTiengPhap
D01,24.75,ESTJ,SuPhamTinHoc
D07,24.5,ENTJ,CongNgheThongTin_TruyenThong
D15,27.0,ENFP,SuPhamTiengAnh
X01,22.0,ISTJ,Luat_KinhTe
D01,20.5,ESTP,Luat_KinhTe
X06,18.6,ESTP,KyThuat_CongNghe
C02,21.25,ENFP,XaHoiNhanVan
C02,18.1,ESTJ,NongNghiep_MoiTruong_ThuySan
C01,21.25,ESFJ,XaHoiNhanVan
D14,23.75,ENFP,SuPhamTiengPhap
A01,28.0,INTP,SuPhamToanHoc
D01,23.5,ENFP,SuPhamTiengPhap
D14,25.25,ENFJ,NgoaiNgu
D01,19.25,ESTP,CongNgheThongTin_TruyenThong
D01,20.1,INTJ,CongNgheThongTin_TruyenThong
A01,27.25,ESTJ,SuPhamVatLy
C02,23.0,ESTP,Luat_KinhTe
B00,26.75,ISTJ,KhoaHocTuNhien
A00,29.75,ISTJ,SuPhamToanHoc
A00,26.0,INTP,SuPhamKhoaHocTuNhien
A00,26.25,ISFJ,GiaoDucTieuHoc
C02,25.75,INTJ,Luat_KinhTe
D01,22.75,ENFJ,SuPhamTiengPhap
D14,22.75,INFJ,SuPhamTiengPhap
A00,27.5,ISTJ,SuPhamVatLy
X01,19.25,ENTP,Luat_KinhTe
A01,28.25,INTJ,SuPhamToanHoc
D01,23.0,ENFJ,SuPhamTiengPhap
B00,26.75,ISTJ,SuPhamKhoaHocTuNhien
C01,22.25,ENTJ,KyThuat_CongNghe
A00,27.75,ESTJ,SuPhamVatLy
A01,17.25,ISTJ,KyThuat_CongNghe
A01,19.0,ENTJ,CongNgheThongTin_TruyenThong
A00,19.35,INTJ,Luat_KinhTe
A01,27.0,INTJ,SuPhamKhoaHocTuNhien
A00,27.75,ESTJ,SuPhamVatLy
C01,20.0,ISTJ,KyThuat_CongNghe
A00,28.0,ESTJ,SuPhamVatLy
D01,24.75,INTJ,Luat_KinhTe
D01,23.25,ENTP,NgoaiNgu
D07,21.1,ISTJ,KhoaHocTuNhien
A00,26.0,INTP,SuPhamKhoaHocTuNhien
D01,23.0,ESFJ,SuPhamTiengPhap
D01,23.5,ISFP,NongNghiep_MoiTruong_ThuySan
C02,19.75,ENTP,Luat_KinhTe
X25,21.75,ENFP,XaHoiNhanVan
B00,27.5,ISTJ,SuPhamHoaHoc
A00,20.35,ENTJ,CongNgheThongTin_TruyenThong
D15,25.5,ENFJ,NgoaiNgu
B03,25.75,INFP,SuPhamSinhHoc
A00,28.0,ESFJ,GiaoDucTieuHoc
A00,22.6,INTJ,Luat_KinhTe
D01,22.75,ENTJ,Luat_KinhTe
A00,24.85,INTJ,SuPhamTinHoc
A01,24.75,INTP,SuPhamTinHoc
A01,23.0,ENTP,CongNgheThongTin_TruyenThong
A00,28.0,INTJ,SuPhamVatLy
A00,27.75,ISTJ,SuPhamVatLy
A01,28.0,ENTJ,SuPhamToanHoc
D01,22.0,ISTP,KhoaHocTuNhien
B00,27.75,INFJ,SuPhamSinhHoc
B00,27.25,ESTJ,SuPhamKhoaHocTuNhien
B00,25.75,INFP,SuPhamSinhHoc
A00,28.5,INTJ,SuPhamVatLy
D01,25.75,INTJ,SuPhamTinHoc
C01,22.25,INFP,XaHoiNhanVan
A00,27.75,INTP,SuPhamToanHoc
A00,23.5,INTP,CongNgheThongTin_TruyenThong
C01,18.0,ISTJ,KyThuat_CongNghe
D01,24.75,INTJ,CongNgheThongTin_TruyenThong
C01,22.25,ESFJ,XaHoiNhanVan
X01,20.75,INFJ,XaHoiNhanVan
C02,24.25,INTP,KhoaHocTuNhien
A00,16.0,ISTJ,KyThuat_CongNghe
X25,20.25,ISFJ,NongNghiep_MoiTruong_ThuySan
C01,17.35,ESTP,KyThuat_CongNghe
A00,28.75,INTP,SuPhamToanHoc
D01,18.6,ISTP,NongNghiep_MoiTruong_ThuySan
B03,26.5,ISFJ,SuPhamSinhHoc
C01,23.25,INTJ,Luat_KinhTe
D01,25.5,ESFJ,SuPhamTiengPhap
A00,27.6,INTJ,SuPhamHoaHoc
B00,19.1,ENTJ,KyThuat_CongNghe
A00,27.5,INFJ,SuPhamKhoaHocTuNhien
A00,27.5,ISTJ,SuPhamHoaHoc
A00,27.75,ISTJ,SuPhamVatLy
A00,27.25,INTJ,SuPhamVatLy
C02,21.25,INTJ,KhoaHocTuNhien
A00,27.75,ESTJ,SuPhamToanHoc
A00,28.75,INTJ,SuPhamHoaHoc
A00,28.5,INTP,SuPhamToanHoc
D01,24.0,INTJ,CongNgheThongTin_TruyenThong
A00,27.25,INTP,SuPhamHoaHoc
A00,28.25,ISTJ,SuPhamVatLy
A01,20.25,INTP,KyThuat_CongNghe
D15,27.0,ENFJ,SuPhamTiengAnh
D01,23.25,ENTP,CongNgheThongTin_TruyenThong
B00,27.75,INTP,SuPhamKhoaHocTuNhien
B00,27.25,ISTJ,SuPhamHoaHoc
A00,28.0,INTJ,SuPhamVatLy
D14,23.75,ESFJ,SuPhamTiengPhap
D01,24.5,ENFP,SuPhamTiengPhap
D01,22.25,ENTJ,CongNgheThongTin_TruyenThong
A00,28.25,INTJ,SuPhamVatLy
D01,21.25,ENTP,Luat_KinhTe
A00,27.25,ISTJ,SuPhamHoaHoc
A00,27.75,INTP,SuPhamKhoaHocTuNhien
A01,26.75,ESTJ,SuPhamKhoaHocTuNhien
D01,27.0,INFJ,SuPhamTiengAnh
D07,25.0,ESTJ,SuPhamTinHoc
D14,23.5,ENFP,XaHoiNhanVan
D01,23.5,INTJ,KhoaHocTuNhien
A00,28.0,INTP,SuPhamToanHoc
D01,23.5,ESFJ,NgoaiNgu
A00,27.25,ISTJ,SuPhamVatLy
D01,20.75,ENTP,CongNgheThongTin_TruyenThong
A00,27.5,ESTJ,SuPhamKhoaHocTuNhien
D01,24.0,INFJ,SuPhamTiengPhap
D01,23.0,ISTJ,Luat_KinhTe
X01,18.75,ESTP,Luat_KinhTe
B03,25.75,ISFJ,SuPhamSinhHoc
A00,24.5,INTJ,SuPhamTinHoc
D01,23.5,ISFJ,SuPhamTiengPhap
A01,27.75,INTJ,SuPhamVatLy
A01,26.25,ESTJ,SuPhamKhoaHocTuNhien
A01,22.25,ENTJ,KyThuat_CongNghe
A01,21.0,ESTP,CongNgheThongTin_TruyenThong
D01,24.75,ENFP,SuPhamTiengPhap
D01,22.75,ISTP,KhoaHocTuNhien
A00,26.75,ESTJ,SuPhamKhoaHocTuNhien
X01,23.0,ESFJ,XaHoiNhanVan
A00,28.25,ENFP,GiaoDucTieuHoc
D15,24.75,INFJ,NgoaiNgu
C01,21.25,ENTJ,KyThuat_CongNghe
C01,23.85,ESFJ,XaHoiNhanVan
D14,25.0,ENFP,SuPhamTiengPhap
A01,27.75,ENTJ,SuPhamToanHoc
A00,27.25,ESTJ,SuPhamHoaHoc
D15,28.0,INFJ,SuPhamTiengAnh
A00,19.5,ENTP,KhoaHocTuNhien
D01,20.25,ESTJ,NongNghiep_MoiTruong_ThuySan
C01,26.75,ENFP,GiaoDucTieuHoc
D01,23.5,ESFJ,NgoaiNgu
D01,22.5,ISTP,KhoaHocTuNhien
A00,28.0,ISTJ,SuPhamVatLy
D01,19.75,ENTJ,CongNgheThongTin_TruyenThong
A00,28.25,ESTJ,SuPhamToanHoc
A01,15.75,ISFJ,NongNghiep_MoiTruong_ThuySan
D01,25.0,ISTJ,Luat_KinhTe
D15,25.25,INFP,XaHoiNhanVan
D01,25.75,ISFJ,SuPhamTiengPhap
B03,26.0,INTJ,SuPhamSinhHoc
A00,21.25,INTP,KyThuat_CongNghe
C01,18.1,ESTP,KyThuat_CongNghe
D01,18.75,ESTJ,NongNghiep_MoiTruong_ThuySan
B00,16.85,INFJ,NongNghiep_MoiTruong_ThuySan
A01,18.75,INTP,CongNgheThongTin_TruyenThong
B00,27.6,ENFJ,SuPhamSinhHoc
A01,22.25,INTJ,CongNgheThongTin_TruyenThong
X01,18.6,ESTP,Luat_KinhTe
A00,27.5,ESTJ,SuPhamHoaHoc
D01,23.75,ISTP,NongNghiep_MoiTruong_ThuySan
A01,26.0,ESTJ,SuPhamTinHoc
D01,22.75,INFJ,SuPhamTiengPhap
D14,24.5,ISFJ,SuPhamTiengPhap
D01,27.75,ESFJ,SuPhamTiengAnh
A01,18.35,INTJ,KyThuat_CongNghe
D07,28.0,ENTJ,SuPhamToanHoc
D14,22.75,ESFJ,SuPhamTiengPhap
B00,26.6,INFJ,SuPhamKhoaHocTuNhien
A01,27.75,ESTJ,SuPhamToanHoc
A00,28.25,ESTJ,SuPhamToanHoc
A00,26.75,ESTJ,SuPhamKhoaHocTuNhien
A00,29.25,ISTJ,SuPhamVatLy
A00,24.5,ENTP,SuPhamTinHoc
A00,26.25,INTJ,SuPhamKhoaHocTuNhien
D01,17.0,ISFJ,NongNghiep_MoiTruong_ThuySan
A01,27.75,ISTJ,SuPhamToanHoc
C01,26.5,ESFP,GiaoDucTieuHoc
A00,28.0,INTJ,SuPhamToanHoc
A00,26.5,ESTJ,SuPhamKhoaHocTuNhien
A00,27.5,INTJ,SuPhamHoaHoc
D01,24.0,INFJ,NgoaiNgu
C02,19.5,ISTP,NongNghiep_MoiTruong_ThuySan
D01,26.5,ENFP,SuPhamTiengPhap
A00,19.75,ESTP,CongNgheThongTin_TruyenThong
B00,26.5,ENFJ,SuPhamSinhHoc
D01,25.5,ISTP,SuPhamTinHoc
D14,27.25,ENTP,SuPhamTiengAnh
A00,21.75,ESFJ,NongNghiep_MoiTruong_ThuySan
A00,26.0,INTP,SuPhamKhoaHocTuNhien
X25,16.25,INFJ,NongNghiep_MoiTruong_ThuySan
D01,27.0,ENTP,SuPhamTiengAnh
C02,23.0,ISTP,KhoaHocTuNhien
A00,25.0,INTP,SuPhamTinHoc
A00,21.75,ESTJ,NongNghiep_MoiTruong_ThuySan
C01,24.6,ESTJ,Luat_KinhTe
D01,23.75,INTP,CongNgheThongTin_TruyenThong
D01,20.5,ESTJ,Luat_KinhTe
A00,15.0,ESTP,KyThuat_CongNghe
D01,24.5,ESFJ,SuPhamTiengPhap
C00,24.35,ESTJ,Luat_KinhTe
C02,18.7,ESFJ,NongNghiep_MoiTruong_ThuySan
A00,27.75,ISTJ,SuPhamHoaHoc
D15,27.25,ESFJ,SuPhamTiengAnh
C01,16.0,ISTP,KyThuat_CongNghe
D01,21.35,ESTP,CongNgheThongTin_TruyenThong
B00,28.75,INTJ,SuPhamHoaHoc
A00,25.75,ISTP,SuPhamTinHoc
C01,15.0,ENTJ,KyThuat_CongNghe
A01,24.5,INTP,SuPhamTinHoc
C02,21.2,ISTJ,KhoaHocTuNhien
C01,26.75,ESFP,GiaoDucTieuHoc
D14,24.85,ENFP,SuPhamTiengPhap
A00,27.5,INTP,SuPhamKhoaHocTuNhien
C02,24.75,INFP,XaHoiNhanVan
A00,28.5,ESTJ,SuPhamVatLy
D01,24.5,INTJ,SuPhamTinHoc
D01,24.0,ISFJ,SuPhamTiengPhap
A00,27.5,ISTJ,SuPhamHoaHoc
D01,27.0,ESFJ,SuPhamTiengAnh
C01,24.0,ISTP,KyThuat_CongNghe
A00,26.6,ISTJ,SuPhamKhoaHocTuNhien
D01,18.0,ESTP,CongNgheThongTin_TruyenThong
B00,25.75,ENFJ,SuPhamSinhHoc
C02,24.25,INTJ,KhoaHocTuNhien
D15,23.25,ENFP,NgoaiNgu
D01,21.6,ISTP,CongNgheThongTin_TruyenThong
A00,28.25,ISTJ,SuPhamHoaHoc
X01,21.5,INFJ,XaHoiNhanVan
D01,27.0,ENFJ,SuPhamTiengAnh
B00,27.25,ISFJ,SuPhamSinhHoc
D01,24.5,INFJ,SuPhamTiengPhap
C01,24.0,ENTJ,Luat_KinhTe
D01,24.75,INFJ,NgoaiNgu
A01,26.75,INFJ,SuPhamKhoaHocTuNhien
C00,20.35,ESTJ,Luat_KinhTe
B03,26.25,INFP,SuPhamSinhHoc
C02,25.0,ESTJ,Luat_KinhTe
A00,26.0,ESTJ,SuPhamKhoaHocTuNhien
C01,26.0,ENTP,Luat_KinhTe
D01,23.1,ESFJ,NgoaiNgu
D01,15.5,ISTP,NongNghiep_MoiTruong_ThuySan
A00,27.5,ISTJ,SuPhamKhoaHocTuNhien
D14,23.5,ENFP,SuPhamTiengPhap
C01,23.25,INTJ,Luat_KinhTe
C01,18.75,INTP,KyThuat_CongNghe
A00,28.0,INTJ,SuPhamHoaHoc
D01,21.75,ISTJ,KhoaHocTuNhien
B00,27.25,ESTJ,SuPhamKhoaHocTuNhien
B03,26.25,ISFJ,SuPhamSinhHoc
A01,27.75,INTP,SuPhamToanHoc
A01,27.25,ISTJ,SuPhamVatLy
C01,22.75,INFJ,XaHoiNhanVan
D01,22.0,ESFJ,NongNghiep_MoiTruong_ThuySan
C01,24.0,ESTJ,Luat_KinhTe
A00,26.75,INTJ,SuPhamKhoaHocTuNhien
C01,24.0,INFP,XaHoiNhanVan
C02,22.0,ISTP,KhoaHocTuNhien
C01,26.25,ISTJ,KyThuat_CongNghe
A00,27.75,ESTJ,SuPhamToanHoc
C02,22.5,ESTP,Luat_KinhTe
C01,25.25,ENTP,Luat_KinhTe
D14,24.75,ENFJ,SuPhamTiengPhap
A00,28.5,ENTJ,SuPhamToanHoc
D15,21.25,INFP,XaHoiNhanVan
D01,25.5,ENTP,SuPhamTinHoc
B00,27.75,INTP,SuPhamHoaHoc
A01,24.5,INTJ,SuPhamTinHoc
A00,27.75,INTJ,SuPhamHoaHoc
A00,28.75,ESTJ,SuPhamVatLy
D01,23.75,ENFJ,SuPhamTiengPhap
C01,26.25,ENFJ,GiaoDucTieuHoc
D01,24.85,ESTJ,SuPhamTinHoc
D01,23.0,ESFP,NgoaiNgu
X01,22.95,ISTJ,Luat_KinhTe
C01,19.0,ISTJ,KyThuat_CongNghe
D01,25.0,INTJ,SuPhamTinHoc
D01,26.25,ESFP,GiaoDucTieuHoc
D15,24.0,INFP,XaHoiNhanVan
D01,24.0,ESFJ,NgoaiNgu
D01,24.0,ESFJ,NgoaiNgu
D15,24.75,ENFJ,NgoaiNgu
A00,28.0,INTP,SuPhamToanHoc
B03,18.75,INTJ,KhoaHocTuNhien
D01,23.0,INTP,KhoaHocTuNhien
A00,20.6,ISTP,NongNghiep_MoiTruong_ThuySan
A00,25.75,ENTP,SuPhamTinHoc
D01,25.0,INTJ,SuPhamTinHoc
X74,23.75,ENFP,XaHoiNhanVan
X01,21.5,ESTJ,Luat_KinhTe
C01,18.45,ENTJ,Luat_KinhTe
C01,27.25,ENFJ,GiaoDucTieuHoc
A00,28.0,INTJ,SuPhamKhoaHocTuNhien
D01,20.5,INTJ,CongNgheThongTin_TruyenThong
A00,26.75,ESTJ,SuPhamKhoaHocTuNhien
D01,24.25,INFJ,SuPhamTiengPhap
D14,27.5,ENFP,SuPhamTiengAnh
A01,23.6,ENTJ,Luat_KinhTe
C02,18.05,ISFJ,NongNghiep_MoiTruong_ThuySan
C02,21.0,ENFP,XaHoiNhanVan
A00,23.0,ENFP,XaHoiNhanVan
A00,28.5,ESTJ,SuPhamHoaHoc
A00,28.25,INTP,SuPhamVatLy
A01,26.75,ISTJ,SuPhamKhoaHocTuNhien
A00,28.5,INTP,SuPhamToanHoc
C01,22.25,ISTP,KyThuat_CongNghe
C01,17.0,ISTJ,KyThuat_CongNghe
A01,16.5,ISTP,NongNghiep_MoiTruong_ThuySan
A01,25.0,ESTJ,SuPhamTinHoc
B00,26.25,ENFJ,SuPhamSinhHoc
D01,24.0,ISFJ,SuPhamTiengPhap
C01,22.25,ENFP,XaHoiNhanVan
C01,22.75,ENTP,Luat_KinhTe
A01,28.5,INTJ,SuPhamVatLy
D01,24.75,ESTJ,SuPhamTinHoc
D01,25.75,ENFP,SuPhamTiengPhap
D07,18.1,ENTP,KhoaHocTuNhien
D01,19.75,ISTP,NongNghiep_MoiTruong_ThuySan
D14,27.0,ENFP,SuPhamTiengAnh
D01,18.75,ISTP,NongNghiep_MoiTruong_ThuySan
C01,25.0,ENFP,XaHoiNhanVan
D01,16.25,ESFJ,NongNghiep_MoiTruong_ThuySan
D01,26.25,INFJ,SuPhamTiengPhap
D01,24.25,ESTP,CongNgheThongTin_TruyenThong
A01,28.5,ESTJ,SuPhamToanHoc
D15,27.5,ENTP,SuPhamTiengAnh
C02,24.35,ENTP,Luat_KinhTe
B00,27.75,ESTJ,SuPhamHoaHoc
A01,27.75,INTJ,SuPhamToanHoc
D01,24.25,ENFJ,SuPhamTiengPhap
D01,23.75,ESTP,CongNgheThongTin_TruyenThong
D01,23.25,ISTP,CongNgheThongTin_TruyenThong
D01,21.0,ISTP,KhoaHocTuNhien
A00,27.0,INTP,SuPhamKhoaHocTuNhien
A01,25.0,ISTP,SuPhamTinHoc
A01,19.0,ESTJ,NongNghiep_MoiTruong_ThuySan
A00,27.5,ISTJ,SuPhamVatLy
D01,27.25,ESFJ,SuPhamTiengAnh
A00,27.75,ENFP,GiaoDucTieuHoc
A01,26.5,ESTJ,SuPhamKhoaHocTuNhien
A00,27.75,INTJ,SuPhamHoaHoc
D01,23.5,ESFJ,SuPhamTiengPhap
D01,23.0,ESFP,NgoaiNgu
C01,26.5,ESFJ,XaHoiNhanVan
A01,18.45,ESFJ,NongNghiep_MoiTruong_ThuySan
D14,23.75,INFJ,SuPhamTiengPhap
A00,27.5,ESTJ,SuPhamHoaHoc
A00,22.6,INTP,CongNgheThongTin_TruyenThong
A01,27.75,ENTJ,SuPhamToanHoc
A00,28.0,ISTJ,SuPhamHoaHoc
B03,26.0,INTJ,SuPhamSinhHoc
D01,26.5,ESFP,GiaoDucTieuHoc
B00,26.0,INTJ,SuPhamKhoaHocTuNhien
B00,27.25,INTJ,SuPhamKhoaHocTuNhien
D15,25.25,ESFP,NgoaiNgu
D01,25.25,INFJ,SuPhamTiengPhap
A00,25.25,INTP,SuPhamTinHoc
B00,26.0,INTJ,SuPhamSinhHoc
A00,26.75,ENFP,GiaoDucTieuHoc
D01,24.5,ISTP,SuPhamTinHoc
A00,22.35,ENTP,Luat_KinhTe
A01,27.75,ISTJ,SuPhamToanHoc
D01,23.5,ESFP,NgoaiNgu
A00,27.75,ISTJ,SuPhamToanHoc
C02,21.0,INTP,KhoaHocTuNhien
C01,26.25,ENFP,GiaoDucTieuHoc
C01,21.6,INTP,KyThuat_CongNghe
D14,26.5,ENFJ,NgoaiNgu
D01,24.5,ENTP,SuPhamTinHoc
D14,28.0,ESFJ,SuPhamTiengAnh
D01,23.0,ESFP,NgoaiNgu
D01,25.5,ESTJ,SuPhamTinHoc
D01,27.0,ESFJ,SuPhamTiengAnh
B03,25.75,ENFJ,SuPhamSinhHoc
A01,27.25,ISTJ,SuPhamVatLy
C01,27.5,ENFP,GiaoDucTieuHoc
A01,26.75,INTJ,SuPhamKhoaHocTuNhien
D01,23.75,ENTP,NgoaiNgu
C02,23.75,ESFJ,XaHoiNhanVan
D15,22.1,INFJ,XaHoiNhanVan
A00,25.75,INTP,SuPhamTinHoc
B00,27.75,INFJ,SuPhamKhoaHocTuNhien
D14,23.0,ENTP,NgoaiNgu
D01,19.5,ISTP,CongNgheThongTin_TruyenThong
D01,26.0,ISTP,SuPhamTinHoc
X01,25.25,INFJ,XaHoiNhanVan
C01,28.25,ESFJ,GiaoDucTieuHoc
A00,26.0,ESTJ,SuPhamKhoaHocTuNhien
D14,28.0,INFJ,SuPhamTiengAnh
A00,28.75,ISTJ,SuPhamToanHoc
C01,25.25,ISTJ,KyThuat_CongNghe
A00,28.75,ESTJ,SuPhamHoaHoc
D01,24.83,ISTP,SuPhamTinHoc
A00,21.75,ENTJ,KyThuat_CongNghe
A00,23.85,INTJ,KhoaHocTuNhien
A00,24.5,ISTP,SuPhamTinHoc
D14,23.25,INFJ,NgoaiNgu
D01,24.0,ESFJ,SuPhamTiengPhap
D01,24.75,ENFJ,NgoaiNgu
C01,26.0,INFP,XaHoiNhanVan
D01,24.25,ENTP,NgoaiNgu
A00,28.0,ISTJ,SuPhamVatLy
C01,23.75,ENTJ,Luat_KinhTe
D01,20.5,INTP,CongNgheThongTin_TruyenThong
A00,28.5,INTP,SuPhamVatLy
A00,20.35,ESTJ,NongNghiep_MoiTruong_ThuySan
D14,25.5,INFJ,NgoaiNgu
A01,27.25,INTP,SuPhamVatLy
D01,23.6,ENTP,NgoaiNgu
D01,21.35,ENTP,CongNgheThongTin_TruyenThong
A00,26.25,ESFJ,GiaoDucTieuHoc
D01,18.85,ISFJ,NongNghiep_MoiTruong_ThuySan
A00,24.35,ISTP,CongNgheThongTin_TruyenThong
D01,25.0,ISTP,SuPhamTinHoc
A00,19.35,ENTJ,KyThuat_CongNghe
A01,26.0,ISTJ,SuPhamKhoaHocTuNhien
D01,23.0,INFJ,SuPhamTiengPhap
C01,19.35,ESTP,KyThuat_CongNghe
A00,17.75,ISTP,KhoaHocTuNhien
C01,24.75,ISFJ,XaHoiNhanVan
D01,23.5,INFJ,SuPhamTiengPhap
B03,27.25,INFJ,SuPhamSinhHoc
D01,26.75,ESFP,GiaoDucTieuHoc
D01,24.5,ESFJ,NgoaiNgu
D01,27.0,ESFJ,SuPhamTiengAnh
A00,26.75,ISTJ,SuPhamKhoaHocTuNhien
A00,27.25,ENFP,GiaoDucTieuHoc
C02,17.75,ISFJ,NongNghiep_MoiTruong_ThuySan
D01,17.25,ESTJ,NongNghiep_MoiTruong_ThuySan
A00,27.75,INTJ,SuPhamVatLy
D01,20.75,ISTP,CongNgheThongTin_TruyenThong
A00,27.75,INTJ,SuPhamHoaHoc
X01,22.6,ESFJ,XaHoiNhanVan
D01,23.0,ENFP,XaHoiNhanVan
A01,17.95,INFJ,NongNghiep_MoiTruong_ThuySan
B00,27.5,ISTJ,SuPhamHoaHoc
B00,27.5,INFJ,SuPhamKhoaHocTuNhien
D01,20.75,ENTP,KhoaHocTuNhien
A01,28.0,INTP,SuPhamVatLy
B03,25.75,ISFJ,SuPhamSinhHoc
A00,27.25,ISTJ,SuPhamHoaHoc
B00,26.5,ESTJ,SuPhamKhoaHocTuNhien
B03,26.0,INFP,SuPhamSinhHoc
D01,18.0,ISTP,NongNghiep_MoiTruong_ThuySan
D15,25.0,ESFJ,NgoaiNgu
A00,26.0,INTP,SuPhamKhoaHocTuNhien
C02,21.75,ISTJ,KhoaHocTuNhien
C01,19.5,ENTJ,KyThuat_CongNghe
A01,20.5,ISTP,CongNgheThongTin_TruyenThong
B03,25.75,INFJ,SuPhamSinhHoc
C01,25.0,ENFP,XaHoiNhanVan
A00,18.5,INTP,KyThuat_CongNghe
D14,23.75,ESFJ,NgoaiNgu
A00,28.0,ESTJ,SuPhamToanHoc
D01,23.25,ESFP,NgoaiNgu
A00,28.25,ISFJ,GiaoDucTieuHoc
D01,19.75,INTJ,CongNgheThongTin_TruyenThong
B00,28.25,INTP,SuPhamKhoaHocTuNhien
D01,21.1,ISFJ,NongNghiep_MoiTruong_ThuySan
A01,20.1,ENTP,CongNgheThongTin_TruyenThong
A00,27.5,INTP,SuPhamHoaHoc
A01,24.25,INFP,XaHoiNhanVan
D01,24.25,ESFJ,NgoaiNgu
D15,27.0,ESFJ,SuPhamTiengAnh
D01,22.5,ENTJ,CongNgheThongTin_TruyenThong
B03,25.6,ENFJ,SuPhamSinhHoc
D14,23.25,ENFJ,SuPhamTiengPhap
A01,28.0,INTP,SuPhamToanHoc
A00,29.25,ESTJ,SuPhamHoaHoc
A00,28.0,INTJ,SuPhamHoaHoc
D01,24.5,ESFJ,SuPhamTiengPhap
A01,27.25,ISTJ,SuPhamKhoaHocTuNhien
C01,26.25,ESFP,GiaoDucTieuHoc
A01,19.75,ENTJ,CongNgheThongTin_TruyenThong
B00,26.25,ISFJ,SuPhamSinhHoc
A00,28.5,ISTJ,SuPhamVatLy
D14,25.0,ISFJ,SuPhamTiengPhap
A00,29.0,ESTJ,SuPhamToanHoc
A00,28.25,INTJ,SuPhamHoaHoc
D01,27.0,INFJ,SuPhamTiengAnh
A00,26.0,INTP,SuPhamKhoaHocTuNhien
D01,20.0,ISTP,KhoaHocTuNhien
A00,27.25,ISTJ,SuPhamVatLy
B00,26.25,ISTJ,SuPhamKhoaHocTuNhien
A00,27.75,ENTJ,SuPhamToanHoc
A00,17.0,ENTJ,KyThuat_CongNghe
A00,29.75,INTP,SuPhamHoaHoc
C01,27.75,ENFP,GiaoDucTieuHoc
D14,24.0,ENFJ,SuPhamTiengPhap
B00,25.75,INTJ,SuPhamSinhHoc
B03,20.25,INTP,KhoaHocTuNhien
A00,26.25,ESTJ,SuPhamTinHoc
A01,21.35,INTP,KhoaHocTuNhien
D07,19.5,ISTP,KhoaHocTuNhien
B00,28.5,ESTJ,SuPhamKhoaHocTuNhien
C01,26.5,ISFJ,GiaoDucTieuHoc
C01,24.0,ISTP,KyThuat_CongNghe
C02,22.5,ESFJ,XaHoiNhanVan
D01,22.35,INTJ,CongNgheThongTin_TruyenThong
A00,29.0,ISTJ,SuPhamHoaHoc
D01,19.5,ISTP,CongNgheThongTin_TruyenThong
D14,24.6,ENFJ,SuPhamTiengPhap
A00,28.25,ISTJ,SuPhamHoaHoc
C02,19.25,ISTJ,Luat_KinhTe
X01,23.6,ESTJ,Luat_KinhTe
A01,20.5,ISTP,CongNgheThongTin_TruyenThong
A01,24.25,INTP,KyThuat_CongNghe
D09,23.0,ENFJ,NgoaiNgu
D01,24.75,INTP,SuPhamTinHoc
D01,19.25,INTP,CongNgheThongTin_TruyenThong
C01,23.5,ESFJ,XaHoiNhanVan
D01,17.25,ESTJ,NongNghiep_MoiTruong_ThuySan
B00,26.25,ISFJ,SuPhamSinhHoc
A00,28.0,INTJ,SuPhamToanHoc
D01,24.0,INFJ,NgoaiNgu
D01,22.75,ESFJ,SuPhamTiengPhap
B00,19.25,ISTJ,KyThuat_CongNghe
B00,28.5,ESTJ,SuPhamHoaHoc
C01,22.5,ISTP,KyThuat_CongNghe
C01,18.75,INTP,KyThuat_CongNghe
A00,28.5,ESTJ,SuPhamVatLy
C01,24.5,ESFJ,XaHoiNhanVan
A01,21.75,ENTJ,CongNgheThongTin_TruyenThong
A00,29.25,ESTJ,SuPhamHoaHoc
D01,20.25,ISTJ,Luat_KinhTe
A01,19.25,ENTJ,KyThuat_CongNghe
A00,27.75,INTJ,SuPhamKhoaHocTuNhien
D15,25.25,ESFJ,NgoaiNgu
D01,21.75,ENTJ,CongNgheThongTin_TruyenThong
C01,19.7,INTJ,KyThuat_CongNghe
A01,17.75,INTP,KyThuat_CongNghe
B00,25.85,INTJ,SuPhamSinhHoc
A00,28.75,ESTJ,SuPhamToanHoc
X01,22.25,INFP,XaHoiNhanVan
A01,23.75,ESTP,Luat_KinhTe
C01,20.0,ISTP,KyThuat_CongNghe
D01,20.75,INTJ,KhoaHocTuNhien
D01,23.0,ESFJ,XaHoiNhanVan
D01,17.75,INTP,CongNgheThongTin_TruyenThong
D01,22.0,INTJ,CongNgheThongTin_TruyenThong
A00,28.25,INTJ,SuPhamToanHoc
A00,27.5,INTJ,SuPhamVatLy
D01,23.0,ENFP,NgoaiNgu
C02,24.5,ESTJ,Luat_KinhTe
D01,23.5,ENFJ,SuPhamTiengPhap
D01,19.0,ESTJ,NongNghiep_MoiTruong_ThuySan
A00,27.5,INTP,SuPhamVatLy
A01,23.25,ENTJ,CongNgheThongTin_TruyenThong
D01,21.5,ENTP,CongNgheThongTin_TruyenThong
B00,27.5,ENFJ,SuPhamSinhHoc
A00,26.5,INTJ,SuPhamKhoaHocTuNhien
A01,20.25,INTP,CongNgheThongTin_TruyenThong
B03,27.25,ENFJ,SuPhamSinhHoc
A00,27.5,INTJ,SuPhamVatLy
A00,28.75,ESTJ,SuPhamHoaHoc
D01,21.5,INTJ,CongNgheThongTin_TruyenThong
D15,23.0,INFJ,NgoaiNgu
D01,24.5,ENFJ,NgoaiNgu
C01,21.1,ESTP,KyThuat_CongNghe
A00,19.5,ENTP,CongNgheThongTin_TruyenThong
A00,24.75,ESTP,Luat_KinhTe
C01,23.0,INFP,XaHoiNhanVan
D14,23.75,INFJ,SuPhamTiengPhap
A00,28.25,INTJ,SuPhamKhoaHocTuNhien
A00,28.5,ISTJ,SuPhamHoaHoc
D01,26.75,ENFP,SuPhamTiengPhap
D01,23.0,ENFJ,SuPhamTiengPhap
D01,25.5,ENTP,NgoaiNgu
A00,26.25,ISTJ,SuPhamKhoaHocTuNhien
A00,27.0,INFJ,SuPhamKhoaHocTuNhien
B00,28.25,ESTJ,SuPhamHoaHoc
C00,23.25,INTJ,Luat_KinhTe
D01,24.5,ENTP,SuPhamTinHoc
X70,21.0,INFP,XaHoiNhanVan
B00,26.0,ESTJ,SuPhamKhoaHocTuNhien
B00,27.25,ISTJ,SuPhamHoaHoc
B00,27.75,ISTJ,SuPhamHoaHoc
D14,24.5,ESFJ,NgoaiNgu
A01,20.1,ESFJ,NongNghiep_MoiTruong_ThuySan
C00,24.25,ENTJ,Luat_KinhTe
A00,28.25,INTP,SuPhamToanHoc
D01,24.25,INFJ,SuPhamTiengPhap
D01,24.75,ENTP,SuPhamTinHoc
A01,28.0,INTJ,SuPhamVatLy
D01,24.5,ESFJ,NgoaiNgu
D01,20.5,INTJ,Luat_KinhTe
C01,27.25,ISFJ,GiaoDucTieuHoc
C02,21.75,ISTP,KhoaHocTuNhien
D01,25.75,ESTJ,SuPhamTinHoc
B03,19.25,INTP,KhoaHocTuNhien
A01,27.75,INTP,SuPhamToanHoc
D01,24.5,INTJ,SuPhamTinHoc
A00,18.0,INFJ,NongNghiep_MoiTruong_ThuySan
D01,23.0,ESFJ,SuPhamTiengPhap
D01,21.5,INTJ,CongNgheThongTin_TruyenThong
X01,23.35,ENTP,Luat_KinhTe
B00,27.75,ESTJ,SuPhamHoaHoc
D14,23.25,INFJ,SuPhamTiengPhap
D01,23.0,ENFP,NgoaiNgu
D14,25.75,ENFP,SuPhamTiengPhap
A01,24.5,ESTJ,SuPhamTinHoc
D01,26.0,ENTP,NgoaiNgu
A01,17.7,ISTP,KyThuat_CongNghe
D15,27.0,ENFP,SuPhamTiengAnh
C02,23.25,INTJ,KhoaHocTuNhien
A01,26.25,INTP,SuPhamKhoaHocTuNhien
D01,24.75,ISFJ,XaHoiNhanVan
D15,23.0,ESFP,NgoaiNgu
C01,26.25,ESFP,GiaoDucTieuHoc
A01,26.75,ISTJ,SuPhamKhoaHocTuNhien
B00,26.5,INTJ,SuPhamSinhHoc
C01,22.5,INTJ,KyThuat_CongNghe
D14,24.5,ESFP,NgoaiNgu
C02,20.25,ENTP,KhoaHocTuNhien
D01,20.5,INTP,KhoaHocTuNhien
A00,22.0,INTJ,CongNgheThongTin_TruyenThong
D01,26.25,ESFJ,GiaoDucTieuHoc
A00,18.0,INTJ,CongNgheThongTin_TruyenThong
C02,22.0,ISTJ,Luat_KinhTe
A01,27.5,ESTJ,SuPhamVatLy
D14,24.75,ESFJ,SuPhamTiengPhap
B03,26.5,INFJ,SuPhamSinhHoc
D01,19.5,ESTP,Luat_KinhTe
D07,21.0,ESTP,CongNgheThongTin_TruyenThong
D01,27.5,INFJ,SuPhamTiengAnh
A00,27.75,ENFP,GiaoDucTieuHoc
C02,17.5,ISFP,NongNghiep_MoiTruong_ThuySan
B00,26.5,ISFJ,SuPhamSinhHoc
A00,20.6,ESTP,Luat_KinhTe
A00,28.75,ENTJ,SuPhamToanHoc
C01,26.5,ENFJ,GiaoDucTieuHoc
D14,25.0,ENFP,XaHoiNhanVan
C02,18.25,ESTJ,NongNghiep_MoiTruong_ThuySan
X70,22.0,ENFP,XaHoiNhanVan
D01,25.75,INTP,SuPhamTinHoc
A00,25.25,ISTP,SuPhamTinHoc
C01,27.0,ISFJ,GiaoDucTieuHoc
A01,24.5,INTP,SuPhamTinHoc
A00,27.75,ESTJ,SuPhamVatLy
A01,16.1,ISTJ,KyThuat_CongNghe
C02,21.75,ENTP,KhoaHocTuNhien
A01,27.0,INTP,SuPhamKhoaHocTuNhien
X01,21.6,INFJ,XaHoiNhanVan
A01,25.75,ENTP,SuPhamTinHoc
B00,25.6,ISFJ,SuPhamSinhHoc
B03,22.25,INTJ,KhoaHocTuNhien
C01,27.0,ISFJ,GiaoDucTieuHoc
D01,18.5,ISTP,CongNgheThongTin_TruyenThong
C02,21.5,ENFJ,XaHoiNhanVan
A00,27.5,INTP,SuPhamVatLy
D01,22.25,INFJ,NongNghiep_MoiTruong_ThuySan
D01,22.5,ENTJ,Luat_KinhTe
D14,24.35,ENFP,SuPhamTiengPhap
C01,22.75,ENTJ,KyThuat_CongNghe
A01,25.5,INTP,SuPhamTinHoc
A01,26.0,ESTJ,SuPhamKhoaHocTuNhien
D01,15.6,ESFJ,NongNghiep_MoiTruong_ThuySan
A00,27.75,INTP,SuPhamHoaHoc
B00,26.0,INFJ,SuPhamSinhHoc
A00,26.75,INTJ,SuPhamKhoaHocTuNhien
C01,26.5,ENFP,GiaoDucTieuHoc
C02,17.25,ISFJ,NongNghiep_MoiTruong_ThuySan
D01,26.25,ENTP,SuPhamTinHoc
D14,27.0,INFJ,SuPhamTiengAnh
A00,27.75,ISTJ,SuPhamVatLy
A01,21.0,INTP,CongNgheThongTin_TruyenThong
A01,29.0,INTJ,SuPhamVatLy
D01,23.5,ENFP,SuPhamTiengPhap
D14,23.25,ISFJ,SuPhamTiengPhap
B00,28.5,INTJ,SuPhamSinhHoc
D01,26.25,ENFP,GiaoDucTieuHoc
B00,27.25,INFP,SuPhamSinhHoc
D14,27.0,ENTP,SuPhamTiengAnh
A00,28.75,ISTJ,SuPhamToanHoc
D01,27.0,ENFP,SuPhamTiengAnh
X01,21.25,INTJ,Luat_KinhTe
D01,23.75,ENFP,SuPhamTiengPhap
A01,27.75,ENTJ,SuPhamToanHoc
D01,19.25,ISFJ,NongNghiep_MoiTruong_ThuySan
C01,19.1,INTP,KyThuat_CongNghe
A00,28.5,ISTJ,SuPhamKhoaHocTuNhien
A00,28.5,INTP,SuPhamVatLy
A00,27.5,ESTJ,SuPhamVatLy
B00,28.5,INTJ,SuPhamHoaHoc
C02,23.5,ENFJ,XaHoiNhanVan
D01,25.0,INFJ,SuPhamTiengPhap
D14,23.75,ISFJ,SuPhamTiengPhap
C01,26.25,ENFP,GiaoDucTieuHoc
A00,27.5,ISTJ,SuPhamHoaHoc
D01,25.0,ISTP,SuPhamTinHoc
D01,25.0,ENFP,SuPhamTiengPhap
B03,27.25,ENFJ,SuPhamSinhHoc
D15,27.75,INFJ,SuPhamTiengAnh
A00,25.35,ISTP,SuPhamTinHoc
A00,27.75,ENTJ,SuPhamToanHoc
D01,24.75,ESFJ,SuPhamTiengPhap
C01,26.75,ISFJ,XaHoiNhanVan
A01,19.75,ESTJ,NongNghiep_MoiTruong_ThuySan
A01,26.0,ISTJ,SuPhamKhoaHocTuNhien
B08,18.1,INTP,KhoaHocTuNhien
A00,28.0,ESTJ,SuPhamVatLy
D01,24.25,ESTP,Luat_KinhTe
C01,25.5,ISTJ,Luat_KinhTe
D01,27.25,ENTP,SuPhamTiengAnh
D01,24.75,INTP,CongNgheThongTin_TruyenThong
D15,27.75,ENFP,SuPhamTiengAnh
A00,24.5,INTJ,SuPhamTinHoc
B00,27.5,INTP,SuPhamHoaHoc
C01,27.5,ESFJ,GiaoDucTieuHoc
D14,24.5,ISFJ,SuPhamTiengPhap
A01,26.0,ESTJ,SuPhamKhoaHocTuNhien
A01,17.85,ISTP,KyThuat_CongNghe
D01,19.1,INTJ,CongNgheThongTin_TruyenThong
A01,22.75,ISTJ,KhoaHocTuNhien
D01,23.75,ESTP,Luat_KinhTe
A00,28.0,INTJ,SuPhamToanHoc
A00,23.0,INTP,CongNgheThongTin_TruyenThong
A00,26.6,INTP,SuPhamKhoaHocTuNhien
C01,23.5,ESTP,KyThuat_CongNghe
C02,22.75,ENTJ,Luat_KinhTe
C01,22.95,ENTJ,Luat_KinhTe
A01,18.85,ENTP,Luat_KinhTe
D01,25.0,INTP,SuPhamTinHoc
