MaToHop,DiemToHop,NhomTinhCach,NhomNganh
C01,21.5,R,KyThuat_CongNghe
A01,28.0,I,SuPhamToanHoc
D15,24.25,A,NgoaiNgu
D15,27.0,A,SuPhamTiengAnh
D01,19.0,R,CongNgheThongTin_TruyenThong
D14,27.75,S,SuPhamTiengAnh
A01,20.5,I,NongNghiep_MoiTruong_ThuySan
A00,19.6,R,NongNghiep_MoiTruong_ThuySan
D01,22.75,I,CongNgheThongTin_TruyenThong
B00,29.5,I,SuPhamHoaHoc
D01,25.0,I,SuPhamTinHoc
A00,27.75,I,SuPhamKhoaHocTuNhien
D01,21.5,C,CongNgheThongTin_TruyenThong
D01,27.25,A,SuPhamTiengAnh
A00,27.25,I,SuPhamVatLy
B03,25.75,I,SuPhamSinhHoc
D01,18.5,I,KhoaHocTuNhien
C01,19.75,C,KyThuat_CongNghe
A00,27.75,I,SuPhamHoaHoc
C01,23.25,C,Luat_KinhTe
A01,24.5,I,SuPhamTinHoc
A00,20.5,I,KhoaHocTuNhien
A00,27.75,I,SuPhamToanHoc
D01,23.0,A,NgoaiNgu
D01,26.5,I,SuPhamTinHoc
D07,27.5,I,SuPhamHoaHoc
C01,25.25,E,Luat_KinhTe
A01,28.75,I,SuPhamVatLy
A01,22.0,C,Luat_KinhTe
C02,26.0,I,KhoaHocTuNhien
D01,23.0,A,SuPhamTiengPhap
A00,26.25,I,SuPhamKhoaHocTuNhien
A00,27.25,I,SuPhamVatLy
D01,23.75,A,SuPhamTiengPhap
D01,21.5,R,CongNgheThongTin_TruyenThong
A00,26.5,S,GiaoDucTieuHoc
C01,22.25,S,XaHoiNhanVan
A00,26.0,I,SuPhamKhoaHocTuNhien
D01,25.0,I,CongNgheThongTin_TruyenThong
A00,25.0,I,SuPhamTinHoc
D01,17.85,I,KhoaHocTuNhien
D01,24.75,A,NgoaiNgu
X25,17.45,I,NongNghiep_MoiTruong_ThuySan
C02,17.5,I,KhoaHocTuNhien
A01,26.25,I,SuPhamKhoaHocTuNhien
A00,27.75,I,SuPhamVatLy
A00,27.75,I,SuPhamHoaHoc
B00,28.5,I,SuPhamHoaHoc
A00,27.75,I,SuPhamToanHoc
C01,21.5,E,Luat_KinhTe
D01,24.0,A,SuPhamTiengPhap
D01,19.0,I,CongNgheThongTin_TruyenThong
A00,26.0,I,SuPhamTinHoc
C02,24.0,E,Luat_KinhTe
D01,21.85,R,CongNgheThongTin_TruyenThong
D01,27.0,S,SuPhamTiengAnh
D01,23.25,A,SuPhamTiengPhap
D15,27.25,A,SuPhamTiengAnh
A00,29.0,I,SuPhamToanHoc
C02,23.25,E,Luat_KinhTe
C02,20.0,C,Luat_KinhTe
A00,26.75,I,SuPhamKhoaHocTuNhien
D15,27.0,S,SuPhamTiengAnh
D14,23.25,S,XaHoiNhanVan
D01,27.25,S,SuPhamTiengAnh
B00,28.5,I,SuPhamHoaHoc
A00,27.25,I,SuPhamVatLy
C02,22.0,I,KhoaHocTuNhien
C01,21.25,S,XaHoiNhanVan
X01,22.75,E,Luat_KinhTe
C01,24.0,C,Luat_KinhTe
X70,23.0,S,XaHoiNhanVan
A00,24.5,I,SuPhamTinHoc
D14,25.0,A,NgoaiNgu
C01,26.5,S,GiaoDucTieuHoc
D01,24.0,A,NgoaiNgu
A00,28.0,I,SuPhamToanHoc
A00,27.25,I,SuPhamHoaHoc
X25,18.5,I,NongNghiep_MoiTruong_ThuySan
D01,25.5,A,NgoaiNgu
D01,18.75,C,CongNgheThongTin_TruyenThong
A01,27.25,I,SuPhamVatLy
C01,27.5,S,GiaoDucTieuHoc
X01,22.0,C,Luat_KinhTe
B00,27.0,I,SuPhamSinhHoc
B00,26.5,I,SuPhamSinhHoc
B03,26.25,I,SuPhamSinhHoc
B00,28.0,I,SuPhamHoaHoc
C01,26.25,S,GiaoDucTieuHoc
D01,22.75,A,SuPhamTiengPhap
D01,25.5,I,SuPhamTinHoc
A00,28.0,I,SuPhamHoaHoc
A01,20.0,I,KyThuat_CongNghe
B03,20.7,I,KhoaHocTuNhien
D01,27.0,S,GiaoDucTieuHoc
A00,27.75,I,SuPhamToanHoc
C00,22.6,C,Luat_KinhTe
D14,22.25,A,XaHoiNhanVan
D01,22.5,S,XaHoiNhanVan
C01,20.25,I,KyThuat_CongNghe
A01,29.5,I,SuPhamToanHoc
D01,23.75,A,SuPhamTiengPhap
A01,27.75,I,SuPhamToanHoc
C01,26.5,S,GiaoDucTieuHoc
D01,26.25,S,GiaoDucTieuHoc
D01,20.75,A,XaHoiNhanVan
B03,25.85,I,SuPhamSinhHoc
B00,27.5,I,SuPhamHoaHoc
C01,19.5,A,XaHoiNhanVan
A00,26.2,I,SuPhamKhoaHocTuNhien
A01,23.75,C,Luat_KinhTe
D01,20.0,I,NongNghiep_MoiTruong_ThuySan
A00,25.5,I,SuPhamTinHoc
D01,26.25,S,GiaoDucTieuHoc
D14,27.75,A,SuPhamTiengAnh
D15,27.0,S,SuPhamTiengAnh
C01,16.6,I,KyThuat_CongNghe
C01,27.25,S,GiaoDucTieuHoc
A00,28.35,I,SuPhamKhoaHocTuNhien
D01,23.75,S,SuPhamTiengPhap
A01,27.0,I,SuPhamKhoaHocTuNhien
B00,26.25,I,SuPhamSinhHoc
B00,28.25,I,SuPhamHoaHoc
B00,26.0,I,SuPhamSinhHoc
C02,24.0,I,KhoaHocTuNhien
A00,27.75,I,SuPhamToanHoc
D14,25.0,A,NgoaiNgu
D01,24.5,I,SuPhamTinHoc
D01,18.25,I,CongNgheThongTin_TruyenThong
A00,18.5,R,CongNgheThongTin_TruyenThong
D07,27.25,I,SuPhamHoaHoc
D01,23.25,I,KhoaHocTuNhien
A00,21.25,I,KhoaHocTuNhien
A00,28.0,I,SuPhamTinHoc
C01,22.0,R,KyThuat_CongNghe
D01,20.25,I,KhoaHocTuNhien
A00,26.0,I,SuPhamKhoaHocTuNhien
A01,19.75,I,KhoaHocTuNhien
D01,20.75,E,Luat_KinhTe
D01,18.85,I,KhoaHocTuNhien
A01,23.25,S,XaHoiNhanVan
A01,22.75,C,CongNgheThongTin_TruyenThong
A00,28.5,I,SuPhamToanHoc
C01,19.75,I,KyThuat_CongNghe
D01,25.25,S,SuPhamTiengPhap
B00,27.25,I,SuPhamKhoaHocTuNhien
B00,27.75,I,SuPhamHoaHoc
C01,23.5,A,XaHoiNhanVan
D14,23.25,S,SuPhamTiengPhap
D01,24.0,S,SuPhamTiengPhap
D01,26.5,S,GiaoDucTieuHoc
C01,26.25,S,GiaoDucTieuHoc
A01,27.75,I,SuPhamVatLy
A00,27.75,S,GiaoDucTieuHoc
A01,19.75,R,NongNghiep_MoiTruong_ThuySan
C01,22.85,I,KyThuat_CongNghe
D01,24.5,I,SuPhamTinHoc
X01,25.0,S,XaHoiNhanVan
D14,23.25,A,SuPhamTiengPhap
A00,27.0,I,SuPhamKhoaHocTuNhien
D01,24.75,A,SuPhamTiengPhap
A00,27.25,I,SuPhamHoaHoc
D14,24.25,A,NgoaiNgu
D01,26.25,S,GiaoDucTieuHoc
D15,28.5,S,SuPhamTiengAnh
D14,27.75,S,SuPhamTiengAnh
D01,25.0,I,SuPhamTinHoc
D14,24.25,A,SuPhamTiengPhap
A00,28.25,I,SuPhamToanHoc
A00,28.75,I,SuPhamToanHoc
D01,26.25,A,SuPhamTiengPhap
D14,24.5,A,NgoaiNgu
D01,19.35,I,NongNghiep_MoiTruong_ThuySan
B03,26.5,I,SuPhamSinhHoc
X01,19.2,C,Luat_KinhTe
D01,18.25,I,KhoaHocTuNhien
D01,24.5,A,NgoaiNgu
A00,24.5,I,SuPhamTinHoc
A01,24.75,I,SuPhamTinHoc
D01,17.75,I,NongNghiep_MoiTruong_ThuySan
D07,19.25,I,KyThuat_CongNghe
B00,26.75,I,SuPhamSinhHoc
A00,27.75,I,SuPhamToanHoc
C01,17.85,I,KyThuat_CongNghe
D01,26.75,S,GiaoDucTieuHoc
X25,18.5,I,NongNghiep_MoiTruong_ThuySan
A01,27.25,I,SuPhamVatLy
A00,26.75,I,SuPhamKhoaHocTuNhien
D01,24.75,C,Luat_KinhTe
C02,20.1,R,NongNghiep_MoiTruong_ThuySan
D01,22.75,A,SuPhamTiengPhap
D01,18.5,R,NongNghiep_MoiTruong_ThuySan
C01,22.25,A,XaHoiNhanVan
D01,23.0,A,SuPhamTiengPhap
D15,26.5,A,NgoaiNgu
B00,25.6,I,SuPhamSinhHoc
A00,27.75,I,SuPhamToanHoc
A01,27.25,I,SuPhamVatLy
A00,28.0,I,SuPhamToanHoc
D01,24.85,S,SuPhamTiengPhap
A00,28.25,I,SuPhamVatLy
D01,25.75,S,SuPhamTiengPhap
D01,24.5,I,SuPhamTinHoc
D01,18.85,I,KhoaHocTuNhien
A01,27.25,I,SuPhamVatLy
D01,24.75,S,SuPhamTiengPhap
D01,23.5,A,NgoaiNgu
A01,28.25,I,SuPhamToanHoc
D01,26.0,S,SuPhamTiengPhap
A01,27.5,I,SuPhamKhoaHocTuNhien
C01,22.5,S,XaHoiNhanVan
C01,26.25,S,GiaoDucTieuHoc
C01,21.5,C,KyThuat_CongNghe
D01,24.75,S,SuPhamTiengPhap
A00,26.25,I,SuPhamTinHoc
D14,24.25,A,NgoaiNgu
A00,27.25,I,SuPhamVatLy
D01,24.5,S,SuPhamTiengPhap
D01,24.5,I,SuPhamTinHoc
C02,20.5,R,NongNghiep_MoiTruong_ThuySan
C02,24.5,A,XaHoiNhanVan
D01,27.0,A,SuPhamTiengAnh
A01,27.25,I,SuPhamVatLy
C01,26.5,S,GiaoDucTieuHoc
D01,27.25,S,SuPhamTiengAnh
A00,28.0,I,SuPhamHoaHoc
B00,26.5,I,SuPhamKhoaHocTuNhien
A00,27.0,S,GiaoDucTieuHoc
C02,24.5,S,XaHoiNhanVan
C01,23.75,C,KyThuat_CongNghe
B00,26.25,I,SuPhamSinhHoc
D01,24.25,S,SuPhamTiengPhap
A00,28.5,I,SuPhamHoaHoc
D01,21.75,R,NongNghiep_MoiTruong_ThuySan
C01,20.1,I,KyThuat_CongNghe
D01,23.25,A,SuPhamTiengPhap
D01,27.0,S,GiaoDucTieuHoc
D01,26.75,S,GiaoDucTieuHoc
C01,28.5,S,GiaoDucTieuHoc
A00,19.35,R,CongNgheThongTin_TruyenThong
D01,23.5,A,NgoaiNgu
A01,27.25,I,SuPhamVatLy
A00,24.85,I,SuPhamTinHoc
A00,19.75,C,CongNgheThongTin_TruyenThong
A00,27.75,I,SuPhamVatLy
A00,27.75,I,SuPhamToanHoc
X01,24.75,A,XaHoiNhanVan
A00,27.75,I,SuPhamVatLy
A01,21.75,C,KyThuat_CongNghe
A01,16.85,C,KyThuat_CongNghe
D01,24.5,I,SuPhamTinHoc
D15,23.75,A,NgoaiNgu
C01,24.5,A,XaHoiNhanVan
A00,26.6,I,SuPhamTinHoc
D14,25.25,A,XaHoiNhanVan
A00,26.5,I,SuPhamKhoaHocTuNhien
B00,26.0,I,SuPhamSinhHoc
A00,28.75,I,SuPhamVatLy
D01,20.1,R,CongNgheThongTin_TruyenThong
B00,27.0,I,SuPhamSinhHoc
B00,25.75,I,SuPhamSinhHoc
C02,19.5,I,KhoaHocTuNhien
A00,22.6,E,Luat_KinhTe
A00,26.5,S,GiaoDucTieuHoc
B00,28.0,I,SuPhamHoaHoc
A00,28.0,I,SuPhamHoaHoc
C02,23.25,I,NongNghiep_MoiTruong_ThuySan
D01,24.75,I,SuPhamTinHoc
A00,27.75,I,SuPhamToanHoc
C01,18.35,R,KyThuat_CongNghe
A00,28.0,I,SuPhamToanHoc
B00,27.5,I,SuPhamHoaHoc
A00,27.75,I,SuPhamVatLy
B03,26.5,I,SuPhamSinhHoc
A00,21.0,C,KyThuat_CongNghe
A01,18.85,I,NongNghiep_MoiTruong_ThuySan
A00,26.5,S,GiaoDucTieuHoc
D01,24.75,A,XaHoiNhanVan
D09,20.0,S,XaHoiNhanVan
B00,27.0,I,SuPhamSinhHoc
D01,20.5,E,Luat_KinhTe
A00,26.75,I,SuPhamKhoaHocTuNhien
C01,24.0,C,Luat_KinhTe
D01,22.5,C,CongNgheThongTin_TruyenThong
D01,24.5,I,SuPhamTinHoc
A00,25.5,I,SuPhamTinHoc
C01,23.0,C,Luat_KinhTe
D01,22.85,S,SuPhamTiengPhap
C02,18.75,I,NongNghiep_MoiTruong_ThuySan
D01,25.5,A,NgoaiNgu
D01,25.0,S,SuPhamTiengPhap
D01,24.0,A,NgoaiNgu
D01,23.5,S,SuPhamTiengPhap
C01,22.35,I,KyThuat_CongNghe
A00,20.35,C,CongNgheThongTin_TruyenThong
C00,22.1,S,XaHoiNhanVan
A00,20.0,I,KyThuat_CongNghe
C01,27.25,S,GiaoDucTieuHoc
D01,23.5,I,KhoaHocTuNhien
B00,27.5,I,SuPhamHoaHoc
D01,15.45,R,NongNghiep_MoiTruong_ThuySan
D01,23.75,S,XaHoiNhanVan
D01,21.75,A,XaHoiNhanVan
D01,25.25,A,SuPhamTiengPhap
X01,23.0,S,XaHoiNhanVan
C01,23.5,A,XaHoiNhanVan
A00,18.85,I,KhoaHocTuNhien
A01,21.5,I,KhoaHocTuNhien
A01,19.35,R,CongNgheThongTin_TruyenThong
A00,26.25,I,SuPhamKhoaHocTuNhien
D01,22.5,S,XaHoiNhanVan
D01,24.0,A,SuPhamTiengPhap
D01,18.75,I,CongNgheThongTin_TruyenThong
D01,26.25,A,SuPhamTiengPhap
C01,22.75,A,XaHoiNhanVan
C01,26.5,S,GiaoDucTieuHoc
D01,19.0,I,KhoaHocTuNhien
D01,17.85,I,KhoaHocTuNhien
D01,26.25,S,GiaoDucTieuHoc
C01,21.25,R,KyThuat_CongNghe
C01,26.75,S,GiaoDucTieuHoc
D15,26.85,S,SuPhamTiengAnh
C01,19.75,C,KyThuat_CongNghe
C01,26.25,S,GiaoDucTieuHoc
A01,27.25,I,SuPhamVatLy
A00,28.25,I,SuPhamVatLy
A00,26.75,S,GiaoDucTieuHoc
B00,26.25,C,KyThuat_CongNghe
B00,27.75,I,SuPhamHoaHoc
D01,22.75,A,SuPhamTiengPhap
A00,19.6,I,NongNghiep_MoiTruong_ThuySan
A01,18.5,R,CongNgheThongTin_TruyenThong
D01,25.5,I,SuPhamTinHoc
C01,24.75,C,Luat_KinhTe
B00,28.75,I,SuPhamHoaHoc
C02,24.5,S,XaHoiNhanVan
A00,28.25,I,SuPhamHoaHoc
D01,23.5,A,SuPhamTiengPhap
D01,18.25,R,NongNghiep_MoiTruong_ThuySan
D14,24.25,A,NgoaiNgu
A01,25.35,I,SuPhamTinHoc
A00,27.25,I,SuPhamHoaHoc
D01,27.5,S,GiaoDucTieuHoc
A01,18.75,C,CongNgheThongTin_TruyenThong
C02,20.75,I,KhoaHocTuNhien
A01,26.75,I,SuPhamKhoaHocTuNhien
D01,23.75,A,SuPhamTiengPhap
B00,25.75,I,SuPhamSinhHoc
A00,27.75,I,SuPhamVatLy
D01,22.75,A,SuPhamTiengPhap
C02,18.35,I,NongNghiep_MoiTruong_ThuySan
B00,25.75,I,SuPhamSinhHoc
A00,27.5,S,GiaoDucTieuHoc
C01,23.75,C,Luat_KinhTe
X01,23.5,E,Luat_KinhTe
D14,23.25,A,NgoaiNgu
D01,26.25,S,GiaoDucTieuHoc
A01,27.25,I,SuPhamKhoaHocTuNhien
A00,28.25,I,SuPhamVatLy
D01,21.25,C,CongNgheThongTin_TruyenThong
D01,22.1,A,XaHoiNhanVan
D14,20.5,A,XaHoiNhanVan
A00,29.5,I,SuPhamHoaHoc
D01,25.5,S,SuPhamTiengPhap
B00,28.25,I,SuPhamHoaHoc
A00,28.0,I,SuPhamVatLy
A01,27.75,I,SuPhamToanHoc
A00,28.5,I,SuPhamHoaHoc
C01,26.25,S,GiaoDucTieuHoc
X70,23.0,S,XaHoiNhanVan
D01,23.1,A,NgoaiNgu
B00,28.5,I,SuPhamKhoaHocTuNhien
D14,27.5,S,SuPhamTiengAnh
D01,22.75,S,SuPhamTiengPhap
A01,26.5,I,SuPhamTinHoc
C01,27.75,S,GiaoDucTieuHoc
D01,19.0,I,NongNghiep_MoiTruong_ThuySan
A00,27.75,I,SuPhamToanHoc
B00,26.5,I,SuPhamKhoaHocTuNhien
B00,27.25,I,SuPhamSinhHoc
A00,26.25,A,XaHoiNhanVan
D01,20.75,I,KhoaHocTuNhien
B03,26.0,I,SuPhamSinhHoc
C02,21.5,R,NongNghiep_MoiTruong_ThuySan
D01,24.75,I,SuPhamTinHoc
C02,24.6,C,Luat_KinhTe
B00,15.35,R,NongNghiep_MoiTruong_ThuySan
D01,25.5,A,NgoaiNgu
D01,22.6,I,KhoaHocTuNhien
D01,25.0,A,NgoaiNgu
A00,26.0,I,SuPhamKhoaHocTuNhien
D14,27.0,S,SuPhamTiengAnh
A00,26.25,I,SuPhamKhoaHocTuNhien
D15,25.5,A,NgoaiNgu
A00,26.0,I,SuPhamTinHoc
D01,20.75,R,NongNghiep_MoiTruong_ThuySan
B03,26.75,I,SuPhamSinhHoc
D07,19.25,I,KhoaHocTuNhien
C01,25.0,C,Luat_KinhTe
D15,23.6,A,NgoaiNgu
X74,24.6,S,XaHoiNhanVan
A00,27.25,I,SuPhamVatLy
A00,28.25,I,SuPhamToanHoc
C01,22.25,S,XaHoiNhanVan
D01,18.0,I,KhoaHocTuNhien
B03,26.5,I,SuPhamSinhHoc
B00,27.0,I,SuPhamSinhHoc
C01,23.25,S,XaHoiNhanVan
D01,25.25,C,CongNgheThongTin_TruyenThong
A01,20.6,I,KhoaHocTuNhien
A00,27.75,I,SuPhamToanHoc
D14,25.5,A,SuPhamTiengPhap
A00,27.25,I,SuPhamHoaHoc
A01,18.25,R,CongNgheThongTin_TruyenThong
A01,24.0,I,KhoaHocTuNhien
A00,27.25,I,SuPhamHoaHoc
D01,20.35,I,NongNghiep_MoiTruong_ThuySan
C01,23.0,C,Luat_KinhTe
A01,28.25,I,SuPhamKhoaHocTuNhien
A00,20.25,C,CongNgheThongTin_TruyenThong
A00,28.0,S,GiaoDucTieuHoc
A00,27.0,A,XaHoiNhanVan
D01,26.75,S,GiaoDucTieuHoc
B03,26.0,I,SuPhamSinhHoc
D01,18.85,I,NongNghiep_MoiTruong_ThuySan
D01,26.25,S,GiaoDucTieuHoc
A00,26.5,S,GiaoDucTieuHoc
A00,26.25,I,SuPhamTinHoc
D01,24.5,A,NgoaiNgu
A00,26.5,S,GiaoDucTieuHoc
A01,26.25,I,SuPhamTinHoc
D01,27.25,S,SuPhamTiengAnh
B00,27.25,I,SuPhamKhoaHocTuNhien
D01,18.5,C,CongNgheThongTin_TruyenThong
D15,27.5,A,NgoaiNgu
A00,28.0,I,SuPhamToanHoc
A00,27.75,I,SuPhamToanHoc
A00,27.25,S,GiaoDucTieuHoc
X70,25.25,S,XaHoiNhanVan
D01,24.25,A,SuPhamTiengPhap
C02,18.75,E,Luat_KinhTe
D01,21.1,I,CongNgheThongTin_TruyenThong
D14,23.25,S,SuPhamTiengPhap
C02,24.25,A,XaHoiNhanVan
A00,28.25,I,SuPhamToanHoc
D01,17.0,R,NongNghiep_MoiTruong_ThuySan
B00,27.75,I,SuPhamKhoaHocTuNhien
A00,27.25,I,SuPhamKhoaHocTuNhien
D01,19.35,I,NongNghiep_MoiTruong_ThuySan
D01,18.0,R,NongNghiep_MoiTruong_ThuySan
D01,26.25,A,NgoaiNgu
C01,23.0,C,Luat_KinhTe
A00,28.75,I,SuPhamToanHoc
C02,22.1,C,Luat_KinhTe
D01,17.6,R,NongNghiep_MoiTruong_ThuySan
D01,23.75,A,NgoaiNgu
B00,26.0,I,SuPhamKhoaHocTuNhien
D01,22.0,C,CongNgheThongTin_TruyenThong
A00,29.75,I,SuPhamVatLy
A00,29.5,I,SuPhamToanHoc
D01,23.5,A,NgoaiNgu
A00,26.1,I,SuPhamKhoaHocTuNhien
A01,24.5,I,SuPhamTinHoc
D01,17.75,R,NongNghiep_MoiTruong_ThuySan
A01,28.75,I,SuPhamToanHoc
C01,26.5,S,GiaoDucTieuHoc
B00,27.75,I,SuPhamKhoaHocTuNhien
A00,20.25,S,XaHoiNhanVan
D01,18.25,I,CongNgheThongTin_TruyenThong
A00,27.5,I,SuPhamVatLy
A01,27.75,I,SuPhamKhoaHocTuNhien
A00,26.25,I,SuPhamKhoaHocTuNhien
D01,25.0,A,NgoaiNgu
A00,24.5,I,SuPhamTinHoc
A00,27.5,I,SuPhamVatLy
D01,24.75,I,SuPhamTinHoc
B03,26.5,I,SuPhamSinhHoc
C01,27.25,S,GiaoDucTieuHoc
A00,28.25,I,SuPhamVatLy
D01,20.5,I,KhoaHocTuNhien
B00,27.5,I,SuPhamHoaHoc
A00,27.5,I,SuPhamHoaHoc
C02,25.0,E,Luat_KinhTe
C01,19.25,R,KyThuat_CongNghe
A00,28.75,I,SuPhamHoaHoc
C01,26.25,S,GiaoDucTieuHoc
C02,20.5,E,Luat_KinhTe
D01,23.75,A,SuPhamTiengPhap
A00,27.0,S,GiaoDucTieuHoc
D01,24.0,S,SuPhamTiengPhap
A00,27.5,I,SuPhamVatLy
D01,23.25,A,NgoaiNgu
A01,27.75,I,SuPhamVatLy
D01,18.5,I,CongNgheThongTin_TruyenThong
D01,24.75,S,SuPhamTiengPhap
C02,20.6,I,NongNghiep_MoiTruong_ThuySan
D01,25.0,A,NgoaiNgu
A01,28.0,I,SuPhamToanHoc
D01,24.0,R,CongNgheThongTin_TruyenThong
C01,23.75,R,KyThuat_CongNghe
D01,19.0,R,NongNghiep_MoiTruong_ThuySan
D01,27.0,A,SuPhamTiengAnh
D01,17.85,I,KhoaHocTuNhien
C02,20.35,I,KhoaHocTuNhien
A00,26.5,I,SuPhamTinHoc
D01,19.25,I,KhoaHocTuNhien
C01,27.75,S,GiaoDucTieuHoc
B00,26.75,I,SuPhamSinhHoc
A00,28.25,I,SuPhamToanHoc
A01,18.2,I,CongNgheThongTin_TruyenThong
A00,27.0,S,GiaoDucTieuHoc
B00,26.25,I,SuPhamSinhHoc
D01,16.5,R,NongNghiep_MoiTruong_ThuySan
A00,27.5,I,SuPhamVatLy
D14,27.5,S,SuPhamTiengAnh
B00,27.75,I,SuPhamHoaHoc
A01,20.5,I,NongNghiep_MoiTruong_ThuySan
B00,25.75,I,SuPhamSinhHoc
D01,17.35,I,KhoaHocTuNhien
C02,23.5,S,XaHoiNhanVan
A00,27.0,I,SuPhamKhoaHocTuNhien
C01,22.25,A,XaHoiNhanVan
D01,27.5,S,SuPhamTiengAnh
D01,23.5,A,NgoaiNgu
B00,25.75,I,SuPhamSinhHoc
C01,25.0,A,XaHoiNhanVan
D14,25.25,A,SuPhamTiengPhap
A01,26.75,I,SuPhamKhoaHocTuNhien
X01,21.0,C,Luat_KinhTe
A00,27.5,I,SuPhamHoaHoc
B00,26.35,I,SuPhamKhoaHocTuNhien
D01,24.25,I,KhoaHocTuNhien
A01,23.75,A,XaHoiNhanVan
A01,22.75,R,CongNgheThongTin_TruyenThong
B03,17.7,I,KhoaHocTuNhien
A00,27.75,I,SuPhamToanHoc
A00,22.75,R,CongNgheThongTin_TruyenThong
C01,26.75,S,GiaoDucTieuHoc
A00,28.25,I,SuPhamToanHoc
C02,25.5,C,Luat_KinhTe
A00,27.75,I,SuPhamKhoaHocTuNhien
A01,26.5,I,SuPhamTinHoc
A00,28.0,I,SuPhamVatLy
B00,27.25,I,SuPhamHoaHoc
D14,23.25,S,SuPhamTiengPhap
A00,28.0,I,SuPhamVatLy
D14,23.75,A,NgoaiNgu
X25,17.5,R,NongNghiep_MoiTruong_ThuySan
C01,23.5,S,XaHoiNhanVan
A01,27.75,I,SuPhamToanHoc
C01,27.5,S,GiaoDucTieuHoc
D14,23.75,A,SuPhamTiengPhap
A00,22.5,I,KyThuat_CongNghe
D01,20.0,C,CongNgheThongTin_TruyenThong
D15,27.75,S,SuPhamTiengAnh
C01,21.75,I,KyThuat_CongNghe
D01,26.75,I,SuPhamTinHoc
D01,27.0,A,SuPhamTiengAnh
D14,24.75,A,SuPhamTiengPhap
D09,20.85,A,XaHoiNhanVan
A00,20.35,I,KyThuat_CongNghe
B00,27.5,I,SuPhamHoaHoc
A00,27.5,I,SuPhamVatLy
B00,26.75,I,SuPhamSinhHoc
A00,27.25,I,SuPhamVatLy
D01,25.0,I,SuPhamTinHoc
D01,24.0,A,NgoaiNgu
D01,18.75,R,NongNghiep_MoiTruong_ThuySan
D01,24.0,I,KhoaHocTuNhien
D01,25.5,I,SuPhamTinHoc
A00,28.0,I,SuPhamKhoaHocTuNhien
D01,23.25,A,SuPhamTiengPhap
C00,24.25,E,Luat_KinhTe
B00,28.0,I,SuPhamHoaHoc
A00,28.0,I,SuPhamToanHoc
A01,24.75,I,KyThuat_CongNghe
A01,24.0,R,KyThuat_CongNghe
A00,27.25,I,SuPhamVatLy
C02,20.1,I,KhoaHocTuNhien
D01,19.25,I,NongNghiep_MoiTruong_ThuySan
D01,23.5,A,SuPhamTiengPhap
C01,22.0,I,KyThuat_CongNghe
D01,24.0,A,SuPhamTiengPhap
D01,23.0,S,SuPhamTiengPhap
A01,27.25,I,SuPhamVatLy
A00,26.5,S,GiaoDucTieuHoc
A00,19.1,E,Luat_KinhTe
A00,28.25,I,SuPhamVatLy
A01,27.75,I,SuPhamVatLy
X01,18.45,C,Luat_KinhTe
D01,24.0,I,CongNgheThongTin_TruyenThong
A00,29.0,I,SuPhamVatLy
A00,27.75,I,SuPhamKhoaHocTuNhien
D15,27.5,A,SuPhamTiengAnh
B03,26.0,I,SuPhamSinhHoc
A01,15.6,R,NongNghiep_MoiTruong_ThuySan
D07,21.75,I,KhoaHocTuNhien
D01,25.25,A,SuPhamTiengPhap
D01,24.5,E,Luat_KinhTe
A00,28.5,I,SuPhamToanHoc
D01,22.75,I,KhoaHocTuNhien
D01,17.5,I,NongNghiep_MoiTruong_ThuySan
A00,27.75,I,SuPhamHoaHoc
D01,22.5,I,NongNghiep_MoiTruong_ThuySan
C02,22.0,E,Luat_KinhTe
C02,22.5,S,XaHoiNhanVan
D14,24.0,A,NgoaiNgu
C00,21.25,C,Luat_KinhTe
A00,27.75,I,SuPhamVatLy
C01,27.75,S,GiaoDucTieuHoc
B03,26.5,I,SuPhamSinhHoc
C01,21.5,I,KyThuat_CongNghe
C00,23.0,A,XaHoiNhanVan
D01,27.0,S,SuPhamTiengAnh
D14,27.25,S,SuPhamTiengAnh
D01,24.75,R,CongNgheThongTin_TruyenThong
A00,24.6,I,SuPhamTinHoc
A02,19.6,R,KyThuat_CongNghe
A01,26.0,I,SuPhamKhoaHocTuNhien
C01,22.0,C,Luat_KinhTe
A01,28.0,I,SuPhamToanHoc
D01,21.75,I,KhoaHocTuNhien
C01,27.5,S,GiaoDucTieuHoc
A01,27.75,I,SuPhamToanHoc
D01,17.45,I,NongNghiep_MoiTruong_ThuySan
A00,28.25,I,SuPhamToanHoc
C01,26.75,S,GiaoDucTieuHoc
A00,27.0,I,SuPhamKhoaHocTuNhien
B00,27.5,I,SuPhamSinhHoc
A00,27.75,I,SuPhamVatLy
A00,25.25,I,SuPhamTinHoc
B00,27.75,I,SuPhamKhoaHocTuNhien
D01,24.5,A,NgoaiNgu
X70,21.85,S,XaHoiNhanVan
D01,24.75,I,SuPhamTinHoc
C01,26.75,S,GiaoDucTieuHoc
D01,22.0,I,KhoaHocTuNhien
D01,24.25,A,SuPhamTiengPhap
A00,21.35,I,KhoaHocTuNhien
D14,23.25,A,NgoaiNgu
A00,16.25,I,KyThuat_CongNghe
D14,25.5,S,SuPhamTiengPhap
D01,25.0,A,SuPhamTiengPhap
A01,27.25,I,SuPhamVatLy
D15,25.75,A,NgoaiNgu
A01,29.0,I,SuPhamToanHoc
B00,26.25,I,SuPhamKhoaHocTuNhien
D01,23.75,I,CongNgheThongTin_TruyenThong
D01,22.75,S,SuPhamTiengPhap
D15,25.0,A,NgoaiNgu
D01,22.25,C,CongNgheThongTin_TruyenThong
A01,26.5,I,SuPhamKhoaHocTuNhien
C02,23.75,E,Luat_KinhTe
A00,27.25,I,SuPhamHoaHoc
D15,26.75,A,NgoaiNgu
D14,25.0,A,SuPhamTiengPhap
C01,22.35,I,KyThuat_CongNghe
A00,18.2,I,KhoaHocTuNhien
A01,26.5,I,SuPhamKhoaHocTuNhien
A00,27.25,I,SuPhamVatLy
D01,19.25,I,KhoaHocTuNhien
A00,26.25,I,SuPhamKhoaHocTuNhien
A00,28.5,I,SuPhamHoaHoc
A01,23.75,S,XaHoiNhanVan
D01,20.75,I,NongNghiep_MoiTruong_ThuySan
D01,23.0,I,CongNgheThongTin_TruyenThong
X01,21.25,C,Luat_KinhTe
C01,26.25,S,GiaoDucTieuHoc
A00,21.25,C,CongNgheThongTin_TruyenThong
A00,22.5,R,CongNgheThongTin_TruyenThong
D01,25.75,S,SuPhamTiengPhap
X25,21.25,R,NongNghiep_MoiTruong_ThuySan
D15,25.25,A,NgoaiNgu
A00,16.5,I,NongNghiep_MoiTruong_ThuySan
A00,27.5,I,SuPhamVatLy
A01,27.25,I,SuPhamVatLy
D01,25.75,I,CongNgheThongTin_TruyenThong
B00,28.25,I,SuPhamHoaHoc
A00,28.75,I,SuPhamVatLy
D01,23.0,I,KhoaHocTuNhien
C01,23.5,S,XaHoiNhanVan
D01,25.25,A,NgoaiNgu
A00,27.75,I,SuPhamKhoaHocTuNhien
A01,21.5,I,CongNgheThongTin_TruyenThong
D01,22.5,C,Luat_KinhTe
A01,24.75,I,SuPhamTinHoc
A01,22.35,I,KhoaHocTuNhien
X25,17.75,I,NongNghiep_MoiTruong_ThuySan
D01,16.5,R,NongNghiep_MoiTruong_ThuySan
B00,28.0,I,SuPhamHoaHoc
A01,21.2,R,CongNgheThongTin_TruyenThong
A00,27.25,I,SuPhamVatLy
B00,25.75,I,SuPhamSinhHoc
A00,28.0,I,SuPhamHoaHoc
B00,26.1,I,SuPhamSinhHoc
A01,27.75,I,SuPhamToanHoc
A01,27.75,I,SuPhamToanHoc
A00,27.5,I,SuPhamHoaHoc
B00,26.0,I,SuPhamSinhHoc
A01,16.75,C,KyThuat_CongNghe
A01,24.75,I,SuPhamTinHoc
D01,19.0,I,KhoaHocTuNhien
A00,27.75,S,GiaoDucTieuHoc
D01,23.25,A,NgoaiNgu
A00,26.75,I,SuPhamKhoaHocTuNhien
D01,24.0,A,SuPhamTiengPhap
X01,19.25,E,Luat_KinhTe
X01,20.75,E,Luat_KinhTe
C01,20.75,R,KyThuat_CongNghe
A00,29.25,I,SuPhamToanHoc
C02,25.25,S,XaHoiNhanVan
A01,27.75,I,SuPhamToanHoc
D01,22.25,I,KhoaHocTuNhien
D01,25.5,S,SuPhamTiengPhap
A00,29.5,I,SuPhamToanHoc
D01,24.5,A,NgoaiNgu
A00,26.75,S,GiaoDucTieuHoc
A01,21.35,R,CongNgheThongTin_TruyenThong
D01,26.75,S,GiaoDucTieuHoc
D01,24.0,S,SuPhamTiengPhap
C01,22.5,I,KyThuat_CongNghe
D01,19.75,I,KhoaHocTuNhien
D14,25.25,A,NgoaiNgu
D01,23.5,A,SuPhamTiengPhap
C01,21.6,R,KyThuat_CongNghe
C01,23.25,S,XaHoiNhanVan
A00,27.5,I,SuPhamVatLy
D01,27.25,A,SuPhamTiengAnh
D01,23.5,A,SuPhamTiengPhap
C01,26.75,S,GiaoDucTieuHoc
A00,29.25,I,SuPhamHoaHoc
C01,19.75,C,KyThuat_CongNghe
A00,26.5,I,SuPhamKhoaHocTuNhien
D01,19.1,R,NongNghiep_MoiTruong_ThuySan
C01,25.5,S,XaHoiNhanVan
A00,26.5,S,GiaoDucTieuHoc
C01,24.5,C,Luat_KinhTe
A00,27.25,I,SuPhamVatLy
A00,26.0,I,SuPhamKhoaHocTuNhien
A00,26.25,I,SuPhamKhoaHocTuNhien
A00,27.0,S,GiaoDucTieuHoc
A00,26.5,I,SuPhamKhoaHocTuNhien
X25,19.75,R,NongNghiep_MoiTruong_ThuySan
D15,28.5,A,SuPhamTiengAnh
D01,24.5,A,NgoaiNgu
A00,19.35,R,NongNghiep_MoiTruong_ThuySan
C02,20.0,C,Luat_KinhTe
D01,22.6,I,KhoaHocTuNhien
A01,27.75,I,SuPhamVatLy
X01,20.85,C,Luat_KinhTe
C00,25.25,A,XaHoiNhanVan
C02,26.75,I,KhoaHocTuNhien
A01,26.0,I,SuPhamKhoaHocTuNhien
D01,20.25,C,CongNgheThongTin_TruyenThong
A01,26.75,I,SuPhamKhoaHocTuNhien
D01,23.5,A,SuPhamTiengPhap
B00,26.5,I,SuPhamKhoaHocTuNhien
A00,17.95,I,KyThuat_CongNghe
D01,21.75,I,KhoaHocTuNhien
C01,24.75,C,Luat_KinhTe
A01,16.25,I,KyThuat_CongNghe
D01,23.75,A,NgoaiNgu
D01,25.25,A,NgoaiNgu
C02,23.25,S,XaHoiNhanVan
A00,27.5,I,SuPhamHoaHoc
A01,27.75,I,SuPhamToanHoc
X25,18.85,R,NongNghiep_MoiTruong_ThuySan
A00,27.5,I,SuPhamVatLy
B03,26.5,I,SuPhamSinhHoc
A00,28.0,I,SuPhamHoaHoc
A00,21.85,I,KhoaHocTuNhien
C01,26.5,S,GiaoDucTieuHoc
C01,26.25,S,GiaoDucTieuHoc
D07,28.0,I,SuPhamHoaHoc
D15,29.0,A,SuPhamTiengAnh
A01,26.25,I,SuPhamKhoaHocTuNhien
D01,23.5,A,NgoaiNgu
D14,27.25,S,SuPhamTiengAnh
A00,27.75,I,SuPhamToanHoc
A00,26.25,I,SuPhamKhoaHocTuNhien
B00,26.5,I,SuPhamKhoaHocTuNhien
B00,26.0,I,SuPhamSinhHoc
C01,23.6,S,XaHoiNhanVan
D01,26.25,S,GiaoDucTieuHoc
A01,24.75,I,SuPhamTinHoc
D01,22.5,I,KhoaHocTuNhien
D14,23.25,A,SuPhamTiengPhap
D01,19.0,R,NongNghiep_MoiTruong_ThuySan
C01,26.25,S,GiaoDucTieuHoc
C01,22.6,E,Luat_KinhTe
D01,24.5,A,NgoaiNgu
B00,19.25,I,KhoaHocTuNhien
B00,27.5,I,SuPhamSinhHoc
D01,23.0,S,SuPhamTiengPhap
C02,21.1,I,KhoaHocTuNhien
C01,26.0,S,XaHoiNhanVan
B00,25.75,I,SuPhamSinhHoc
A00,27.0,I,SuPhamKhoaHocTuNhien
C02,17.25,I,KhoaHocTuNhien
D15,24.25,A,NgoaiNgu
B00,25.75,I,SuPhamSinhHoc
A00,27.0,C,CongNgheThongTin_TruyenThong
B03,25.6,I,SuPhamSinhHoc
B00,27.75,I,SuPhamHoaHoc
A00,24.5,E,Luat_KinhTe
D01,26.75,S,GiaoDucTieuHoc
D01,24.5,A,NgoaiNgu
D01,24.0,S,SuPhamTiengPhap
D01,23.75,A,SuPhamTiengPhap
A00,25.5,I,SuPhamTinHoc
B00,27.5,I,SuPhamHoaHoc
D14,24.5,A,NgoaiNgu
A01,23.75,C,CongNgheThongTin_TruyenThong
B00,27.5,I,SuPhamHoaHoc
A01,27.75,I,SuPhamToanHoc
D01,27.0,S,SuPhamTiengAnh
B00,27.25,I,SuPhamHoaHoc
X01,23.0,E,Luat_KinhTe
C01,27.5,S,GiaoDucTieuHoc
D01,23.25,A,XaHoiNhanVan
B00,26.0,I,SuPhamKhoaHocTuNhien
A00,27.5,I,SuPhamVatLy
A00,27.25,I,SuPhamHoaHoc
D01,23.5,A,NgoaiNgu
C02,24.25,A,XaHoiNhanVan
B03,26.25,I,SuPhamSinhHoc
D01,25.0,A,NgoaiNgu
B00,26.75,I,SuPhamSinhHoc
D01,23.75,A,SuPhamTiengPhap
A00,27.25,I,SuPhamHoaHoc
C01,21.0,R,KyThuat_CongNghe
D01,27.25,S,SuPhamTiengAnh
C02,22.0,S,XaHoiNhanVan
C00,22.0,E,Luat_KinhTe
D01,24.5,I,SuPhamTinHoc
D15,27.5,S,SuPhamTiengAnh
A01,27.25,I,SuPhamKhoaHocTuNhien
A00,29.25,I,SuPhamToanHoc
A01,21.5,I,KhoaHocTuNhien
C01,27.5,S,GiaoDucTieuHoc
D01,19.5,R,NongNghiep_MoiTruong_ThuySan
A00,27.25,I,SuPhamVatLy
A01,28.25,I,SuPhamVatLy
D01,23.35,S,XaHoiNhanVan
C02,19.0,C,Luat_KinhTe
C01,26.5,S,GiaoDucTieuHoc
D01,27.0,A,SuPhamTiengAnh
A01,19.1,E,Luat_KinhTe
A00,26.25,S,GiaoDucTieuHoc
A00,28.0,I,SuPhamToanHoc
A01,27.5,I,SuPhamVatLy
A00,27.25,I,SuPhamVatLy
A01,28.75,I,SuPhamVatLy
D01,26.25,I,SuPhamTinHoc
A01,24.75,I,SuPhamTinHoc
B03,26.0,I,SuPhamSinhHoc
D01,23.25,S,SuPhamTiengPhap
C01,22.85,R,KyThuat_CongNghe
A00,15.5,R,NongNghiep_MoiTruong_ThuySan
A00,25.25,I,SuPhamTinHoc
D14,24.0,S,SuPhamTiengPhap
D14,25.0,S,SuPhamTiengPhap
D01,24.5,I,SuPhamTinHoc
A00,27.75,I,SuPhamVatLy
C02,25.25,S,XaHoiNhanVan
C02,20.25,R,NongNghiep_MoiTruong_ThuySan
A01,27.5,I,SuPhamVatLy
A01,27.25,I,SuPhamVatLy
B00,29.5,I,SuPhamSinhHoc
D14,26.75,A,NgoaiNgu
D01,26.25,A,NgoaiNgu
A01,18.5,I,KhoaHocTuNhien
A00,27.5,I,SuPhamVatLy
B00,27.5,I,SuPhamSinhHoc
D01,25.0,I,KhoaHocTuNhien
A00,27.25,I,SuPhamKhoaHocTuNhien
A00,27.25,I,SuPhamVatLy
D01,24.0,A,SuPhamTiengPhap
A01,27.5,I,SuPhamVatLy
X01,23.75,C,Luat_KinhTe
A00,27.5,I,SuPhamKhoaHocTuNhien
A01,25.75,C,KyThuat_CongNghe
A00,27.0,I,SuPhamKhoaHocTuNhien
C01,26.25,S,GiaoDucTieuHoc
A01,27.0,I,SuPhamKhoaHocTuNhien
A00,21.25,R,KyThuat_CongNghe
X25,16.35,R,NongNghiep_MoiTruong_ThuySan
A00,26.75,S,GiaoDucTieuHoc
A00,28.5,I,SuPhamKhoaHocTuNhien
D15,23.25,A,NgoaiNgu
D01,23.25,A,NgoaiNgu
A01,27.75,I,SuPhamToanHoc
A01,26.6,I,SuPhamKhoaHocTuNhien
A01,26.0,I,SuPhamKhoaHocTuNhien
C01,26.25,S,GiaoDucTieuHoc
A00,25.1,I,SuPhamTinHoc
B00,28.25,I,SuPhamHoaHoc
A00,28.0,I,SuPhamHoaHoc
A01,23.5,R,CongNgheThongTin_TruyenThong
D01,19.75,R,CongNgheThongTin_TruyenThong
B00,26.75,I,SuPhamSinhHoc
A00,26.6,S,GiaoDucTieuHoc
C01,26.25,S,GiaoDucTieuHoc
A00,27.25,I,SuPhamHoaHoc
C01,19.25,R,KyThuat_CongNghe
C01,20.35,C,Luat_KinhTe
B03,26.75,I,SuPhamSinhHoc
C01,22.2,R,KyThuat_CongNghe
C01,22.0,A,XaHoiNhanVan
A00,28.0,I,SuPhamToanHoc
A00,28.5,I,SuPhamVatLy
C01,26.25,A,XaHoiNhanVan
B00,28.5,I,SuPhamHoaHoc
D09,23.6,A,NgoaiNgu
B03,23.0,I,KhoaHocTuNhien
A00,26.75,S,GiaoDucTieuHoc
D14,22.5,A,XaHoiNhanVan
D01,21.5,I,KhoaHocTuNhien
A00,28.25,I,SuPhamVatLy
A00,27.25,I,SuPhamHoaHoc
D01,23.6,I,KhoaHocTuNhien
D07,20.1,I,CongNgheThongTin_TruyenThong
A00,21.35,C,CongNgheThongTin_TruyenThong
A00,28.0,I,SuPhamHoaHoc
A01,24.6,C,CongNgheThongTin_TruyenThong
B00,27.5,I,SuPhamHoaHoc
D14,25.25,A,NgoaiNgu
A00,23.85,C,CongNgheThongTin_TruyenThong
D01,25.0,C,CongNgheThongTin_TruyenThong
A00,28.0,I,SuPhamKhoaHocTuNhien
C01,25.5,S,XaHoiNhanVan
A01,25.0,I,SuPhamTinHoc
A00,22.35,C,CongNgheThongTin_TruyenThong
D01,25.75,I,SuPhamTinHoc
D01,18.2,I,KhoaHocTuNhien
D01,24.75,I,SuPhamTinHoc
D01,24.5,I,SuPhamTinHoc
X01,21.5,S,XaHoiNhanVan
D14,27.0,A,SuPhamTiengAnh
A00,24.1,A,XaHoiNhanVan
D01,23.75,A,SuPhamTiengPhap
C02,23.5,A,XaHoiNhanVan
D01,25.1,I,SuPhamTinHoc
C01,27.25,S,GiaoDucTieuHoc
B00,27.0,I,SuPhamSinhHoc
D01,18.35,R,NongNghiep_MoiTruong_ThuySan
D01,23.25,A,NgoaiNgu
C02,21.2,I,KhoaHocTuNhien
D01,26.75,S,GiaoDucTieuHoc
A00,29.25,S,GiaoDucTieuHoc
D01,23.5,A,SuPhamTiengPhap
A00,25.5,I,SuPhamTinHoc
D01,23.0,E,Luat_KinhTe
A00,27.75,I,SuPhamHoaHoc
C01,21.25,C,KyThuat_CongNghe
C01,28.25,S,GiaoDucTieuHoc
A01,27.25,I,SuPhamVatLy
B00,28.75,I,SuPhamSinhHoc
A00,28.0,I,SuPhamToanHoc
A01,23.0,C,Luat_KinhTe
D01,18.6,I,CongNgheThongTin_TruyenThong
D01,19.85,I,KhoaHocTuNhien
D07,20.25,I,NongNghiep_MoiTruong_ThuySan
A01,28.0,I,SuPhamToanHoc
A00,26.5,I,SuPhamKhoaHocTuNhien
D14,25.75,S,SuPhamTiengPhap
C02,23.75,E,Luat_KinhTe
B00,23.1,I,KhoaHocTuNhien
D01,23.25,A,NgoaiNgu
A00,29.5,I,SuPhamVatLy
A00,27.75,I,SuPhamToanHoc
A01,27.25,I,SuPhamVatLy
B00,27.25,I,SuPhamSinhHoc
C01,22.0,E,Luat_KinhTe
B00,27.25,I,SuPhamHoaHoc
A00,27.25,I,SuPhamVatLy
A00,26.35,S,GiaoDucTieuHoc
D15,23.75,A,NgoaiNgu
D01,25.5,A,NgoaiNgu
D09,23.25,A,XaHoiNhanVan
D01,20.85,C,CongNgheThongTin_TruyenThong
A00,29.5,I,SuPhamToanHoc
A00,27.25,I,SuPhamVatLy
X01,20.95,A,XaHoiNhanVan
C01,20.5,I,KyThuat_CongNghe
A01,27.75,I,SuPhamVatLy
B00,26.25,I,SuPhamKhoaHocTuNhien
A00,16.35,R,NongNghiep_MoiTruong_ThuySan
D01,19.5,E,Luat_KinhTe
D14,27.0,S,SuPhamTiengAnh
C01,23.5,C,Luat_KinhTe
D01,20.75,C,Luat_KinhTe
D01,28.5,S,SuPhamTiengAnh
C02,22.75,C,Luat_KinhTe
C01,19.35,C,KyThuat_CongNghe
A00,25.5,I,CongNgheThongTin_TruyenThong
D07,17.85,C,KyThuat_CongNghe
A01,24.0,C,KyThuat_CongNghe
D01,23.25,A,NgoaiNgu
A01,21.0,R,CongNgheThongTin_TruyenThong
D14,27.75,S,SuPhamTiengAnh
A00,28.5,I,SuPhamToanHoc
D01,24.5,I,SuPhamTinHoc
A00,20.35,I,NongNghiep_MoiTruong_ThuySan
A00,26.0,I,SuPhamTinHoc
A00,26.75,I,SuPhamKhoaHocTuNhien
B00,26.0,I,SuPhamSinhHoc
A00,28.0,I,SuPhamToanHoc
D14,24.1,A,NgoaiNgu
A00,27.75,I,SuPhamVatLy
A01,26.5,I,SuPhamKhoaHocTuNhien
A01,24.75,C,KyThuat_CongNghe
D01,20.5,C,CongNgheThongTin_TruyenThong
C02,21.75,E,Luat_KinhTe
A00,27.0,I,SuPhamKhoaHocTuNhien
B00,29.0,I,SuPhamHoaHoc
A00,28.0,I,SuPhamToanHoc
B00,25.75,I,SuPhamSinhHoc
D01,27.0,S,SuPhamTiengAnh
A00,28.0,I,SuPhamVatLy
D14,26.0,S,SuPhamTiengPhap
A01,20.6,I,KhoaHocTuNhien
D01,24.25,S,SuPhamTiengPhap
C01,17.6,I,KyThuat_CongNghe
D01,20.25,C,Luat_KinhTe
A00,27.75,I,SuPhamToanHoc
D14,27.5,A,SuPhamTiengAnh
A00,27.0,I,SuPhamKhoaHocTuNhien
D01,25.25,A,NgoaiNgu
B03,26.75,I,SuPhamSinhHoc
B00,26.0,I,SuPhamSinhHoc
A01,26.0,I,KhoaHocTuNhien
C01,24.25,R,KyThuat_CongNghe
D01,19.0,I,CongNgheThongTin_TruyenThong
A00,27.25,S,GiaoDucTieuHoc
B03,26.25,I,SuPhamSinhHoc
D01,24.25,S,SuPhamTiengPhap
D01,23.5,A,NgoaiNgu
D01,20.35,R,CongNgheThongTin_TruyenThong
A01,20.25,I,KhoaHocTuNhien
D01,25.0,S,SuPhamTiengPhap
A01,23.0,C,CongNgheThongTin_TruyenThong
A00,28.75,I,SuPhamVatLy
A00,28.5,I,SuPhamHoaHoc
D14,27.5,S,SuPhamTiengAnh
D01,21.25,C,CongNgheThongTin_TruyenThong
A00,27.25,I,SuPhamHoaHoc
D01,20.25,I,CongNgheThongTin_TruyenThong
C01,21.75,C,KyThuat_CongNghe
C01,25.5,I,KyThuat_CongNghe
D01,25.5,A,NgoaiNgu
C01,26.25,S,GiaoDucTieuHoc
A00,26.75,S,GiaoDucTieuHoc
D15,28.25,S,SuPhamTiengAnh
B03,25.75,I,SuPhamSinhHoc
A00,25.0,I,SuPhamTinHoc
A00,29.0,I,SuPhamToanHoc
C02,20.0,E,Luat_KinhTe
C02,16.25,I,NongNghiep_MoiTruong_ThuySan
A00,28.5,I,SuPhamVatLy
B00,27.0,I,SuPhamSinhHoc
C01,22.5,A,XaHoiNhanVan
A00,21.25,I,CongNgheThongTin_TruyenThong
D14,27.25,S,SuPhamTiengAnh
C01,25.0,A,XaHoiNhanVan
D01,24.0,A,NgoaiNgu
D01,24.5,A,NgoaiNgu
D01,24.25,I,KhoaHocTuNhien
B00,27.25,I,SuPhamHoaHoc
A00,27.5,I,SuPhamVatLy
A01,22.25,I,CongNgheThongTin_TruyenThong
D15,27.5,A,SuPhamTiengAnh
A00,29.0,I,SuPhamHoaHoc
D01,20.1,C,CongNgheThongTin_TruyenThong
C01,19.75,I,KyThuat_CongNghe
A00,27.5,I,SuPhamVatLy
C01,26.25,S,GiaoDucTieuHoc
C01,16.25,R,KyThuat_CongNghe
C01,20.35,C,KyThuat_CongNghe
A00,27.75,I,SuPhamToanHoc
A00,26.5,S,GiaoDucTieuHoc
D01,25.25,I,SuPhamTinHoc
D01,22.75,C,Luat_KinhTe
C01,26.0,A,XaHoiNhanVan
C02,19.7,R,NongNghiep_MoiTruong_ThuySan
X70,20.1,A,XaHoiNhanVan
D14,23.25,S,SuPhamTiengPhap
C02,22.0,I,NongNghiep_MoiTruong_ThuySan
A00,28.0,I,SuPhamTinHoc
D01,24.25,I,CongNgheThongTin_TruyenThong
C01,26.75,S,GiaoDucTieuHoc
D01,23.5,S,SuPhamTiengPhap
A00,28.25,I,SuPhamToanHoc
A00,27.25,I,SuPhamVatLy
D01,25.5,I,SuPhamTinHoc
C01,24.25,R,KyThuat_CongNghe
C02,21.75,R,NongNghiep_MoiTruong_ThuySan
C00,18.5,C,Luat_KinhTe
D01,23.75,I,KhoaHocTuNhien
C01,26.5,S,GiaoDucTieuHoc
D01,24.5,A,SuPhamTiengPhap
A00,27.0,I,SuPhamKhoaHocTuNhien
A00,27.75,I,SuPhamVatLy
D01,23.35,R,CongNgheThongTin_TruyenThong
A00,27.75,I,SuPhamHoaHoc
D01,21.25,C,Luat_KinhTe
D01,27.25,S,SuPhamTiengAnh
B00,27.5,I,SuPhamSinhHoc
X01,22.5,C,Luat_KinhTe
A01,26.75,I,SuPhamKhoaHocTuNhien
D01,18.5,R,NongNghiep_MoiTruong_ThuySan
D14,23.5,A,NgoaiNgu
A00,28.0,S,GiaoDucTieuHoc
A01,27.75,I,SuPhamTinHoc
A00,24.5,I,SuPhamTinHoc
C01,20.85,C,Luat_KinhTe
C02,24.0,C,Luat_KinhTe
A00,28.25,I,SuPhamHoaHoc
C02,19.25,I,KhoaHocTuNhien
D15,26.0,A,NgoaiNgu
D14,25.25,A,NgoaiNgu
A00,27.25,I,SuPhamVatLy
D01,24.5,I,SuPhamTinHoc
A00,27.5,I,SuPhamVatLy
B00,26.5,I,SuPhamSinhHoc
A00,27.5,I,SuPhamHoaHoc
C01,24.5,S,XaHoiNhanVan
B03,26.0,I,SuPhamSinhHoc
B00,26.0,I,SuPhamKhoaHocTuNhien
D15,24.25,A,NgoaiNgu
A01,20.35,I,CongNgheThongTin_TruyenThong
D14,23.0,A,NgoaiNgu
A00,28.25,I,SuPhamToanHoc
A00,27.25,I,SuPhamKhoaHocTuNhien
C02,18.5,R,NongNghiep_MoiTruong_ThuySan
A00,24.35,R,CongNgheThongTin_TruyenThong
D14,25.25,A,NgoaiNgu
D01,24.25,A,NgoaiNgu
A01,27.0,I,SuPhamKhoaHocTuNhien
A00,24.5,I,SuPhamTinHoc
A01,26.5,I,SuPhamKhoaHocTuNhien
A00,28.0,S,GiaoDucTieuHoc
C01,21.5,C,KyThuat_CongNghe
A00,28.5,I,SuPhamKhoaHocTuNhien
A00,25.5,I,SuPhamTinHoc
B03,25.75,I,SuPhamSinhHoc
B00,26.25,I,SuPhamSinhHoc
D01,26.75,S,GiaoDucTieuHoc
A01,27.25,I,SuPhamKhoaHocTuNhien
A00,26.5,S,GiaoDucTieuHoc
A00,29.5,I,SuPhamVatLy
D14,27.5,A,SuPhamTiengAnh
A00,28.5,I,SuPhamVatLy
D07,20.25,I,KhoaHocTuNhien
A00,27.75,I,SuPhamVatLy
C02,22.0,S,XaHoiNhanVan
A00,27.5,I,SuPhamVatLy
A00,27.75,I,SuPhamHoaHoc
A00,24.5,I,SuPhamTinHoc
D01,24.0,I,KhoaHocTuNhien
D14,22.75,S,SuPhamTiengPhap
A00,27.5,I,SuPhamHoaHoc
D14,22.75,A,SuPhamTiengPhap
D01,22.75,S,SuPhamTiengPhap
D01,20.0,E,Luat_KinhTe
C02,23.25,I,KhoaHocTuNhien
A01,27.5,I,SuPhamVatLy
D14,27.75,S,SuPhamTiengAnh
A00,27.75,I,SuPhamToanHoc
B00,28.25,I,SuPhamHoaHoc
B03,26.25,I,SuPhamSinhHoc
D01,23.5,A,NgoaiNgu
C02,26.75,S,XaHoiNhanVan
D01,23.25,A,NgoaiNgu
A01,28.0,I,SuPhamToanHoc
D01,22.35,I,KhoaHocTuNhien
C01,26.75,S,GiaoDucTieuHoc
D14,23.0,A,NgoaiNgu
C02,20.25,I,KhoaHocTuNhien
A00,27.5,I,SuPhamHoaHoc
B03,26.5,I,SuPhamSinhHoc
C01,20.1,E,Luat_KinhTe
D01,26.25,S,GiaoDucTieuHoc
D01,25.5,S,SuPhamTiengPhap
A00,28.25,I,SuPhamHoaHoc
D01,26.25,I,SuPhamTinHoc
B00,23.0,I,KhoaHocTuNhien
A00,27.25,I,SuPhamHoaHoc
A00,28.0,I,SuPhamHoaHoc
D01,19.25,I,CongNgheThongTin_TruyenThong
C01,21.6,A,XaHoiNhanVan
D01,20.25,E,Luat_KinhTe
A00,26.25,I,SuPhamTinHoc
X01,20.75,C,Luat_KinhTe
A00,29.5,I,SuPhamVatLy
A00,29.0,I,SuPhamToanHoc
A00,27.75,I,SuPhamVatLy
B00,28.0,I,SuPhamHoaHoc
A00,27.75,I,SuPhamVatLy
A00,28.5,I,SuPhamToanHoc
A00,29.0,I,SuPhamToanHoc
D01,23.0,S,SuPhamTiengPhap
C01,27.25,S,GiaoDucTieuHoc
A00,28.0,I,SuPhamVatLy
D01,21.75,R,NongNghiep_MoiTruong_ThuySan
A01,15.7,I,NongNghiep_MoiTruong_ThuySan
B00,28.25,I,SuPhamSinhHoc
A01,28.0,I,SuPhamToanHoc
A00,28.75,I,SuPhamVatLy
D15,27.25,S,SuPhamTiengAnh
A00,27.75,I,SuPhamHoaHoc
D14,26.25,A,NgoaiNgu
A00,29.0,I,SuPhamToanHoc
A00,27.25,I,SuPhamVatLy
B00,26.5,I,SuPhamSinhHoc
D14,26.25,A,NgoaiNgu
A00,20.25,R,CongNgheThongTin_TruyenThong
A00,27.75,I,SuPhamToanHoc
A01,18.0,I,KhoaHocTuNhien
D01,24.5,I,SuPhamTinHoc
B00,27.25,I,SuPhamHoaHoc
A01,20.75,C,Luat_KinhTe
D01,19.1,E,Luat_KinhTe
D01,24.75,A,NgoaiNgu
B00,27.5,I,SuPhamSinhHoc
C01,20.85,C,Luat_KinhTe
C02,26.0,A,XaHoiNhanVan
D01,26.25,S,XaHoiNhanVan
D01,24.25,C,CongNgheThongTin_TruyenThong
C02,22.25,S,XaHoiNhanVan
B00,26.5,I,SuPhamSinhHoc
B00,26.0,I,SuPhamKhoaHocTuNhien
C01,26.75,S,GiaoDucTieuHoc
D01,18.75,C,CongNgheThongTin_TruyenThong
C01,17.5,C,KyThuat_CongNghe
A00,28.75,I,SuPhamVatLy
C01,21.0,R,KyThuat_CongNghe
A01,15.85,I,KyThuat_CongNghe
D01,20.25,I,CongNgheThongTin_TruyenThong
D01,19.0,I,KhoaHocTuNhien
D01,20.5,I,NongNghiep_MoiTruong_ThuySan
D01,23.5,A,SuPhamTiengPhap
A01,28.0,I,SuPhamToanHoc
D01,24.5,I,SuPhamTinHoc
A00,26.25,S,GiaoDucTieuHoc
B00,26.0,I,SuPhamKhoaHocTuNhien
C01,27.25,S,GiaoDucTieuHoc
D15,27.25,A,SuPhamTiengAnh
D01,23.85,S,XaHoiNhanVan
B00,26.25,I,SuPhamKhoaHocTuNhien
D01,22.0,R,NongNghiep_MoiTruong_ThuySan
D01,19.1,C,CongNgheThongTin_TruyenThong
D14,22.75,A,SuPhamTiengPhap
A00,28.0,I,SuPhamVatLy
B03,20.75,I,KhoaHocTuNhien
D01,20.0,C,CongNgheThongTin_TruyenThong
D14,27.5,A,SuPhamTiengAnh
A00,26.25,S,GiaoDucTieuHoc
B00,27.25,I,SuPhamSinhHoc
A00,27.75,I,SuPhamToanHoc
D01,19.25,I,NongNghiep_MoiTruong_ThuySan
A01,24.6,I,SuPhamTinHoc
B03,26.0,I,SuPhamSinhHoc
C02,24.25,S,XaHoiNhanVan
D01,20.5,I,KhoaHocTuNhien
A00,28.25,I,SuPhamToanHoc
A01,27.25,I,SuPhamKhoaHocTuNhien
C02,19.0,I,NongNghiep_MoiTruong_ThuySan
D14,25.5,S,SuPhamTiengPhap
D01,23.35,A,NgoaiNgu
D01,23.75,I,CongNgheThongTin_TruyenThong
A00,27.5,I,SuPhamKhoaHocTuNhien
C01,23.0,I,KyThuat_CongNghe
D15,27.25,S,SuPhamTiengAnh
D01,23.75,I,KhoaHocTuNhien
A01,27.75,I,SuPhamTinHoc
C01,20.5,R,KyThuat_CongNghe
D14,24.25,S,SuPhamTiengPhap
A01,17.5,I,NongNghiep_MoiTruong_ThuySan
D01,22.75,A,SuPhamTiengPhap
D01,23.75,R,CongNgheThongTin_TruyenThong
A00,25.25,I,SuPhamTinHoc
D01,23.75,I,KhoaHocTuNhien
A00,27.5,I,SuPhamHoaHoc
C02,23.1,E,Luat_KinhTe
C01,18.6,I,KyThuat_CongNghe
C01,19.6,C,KyThuat_CongNghe
D07,22.75,C,CongNgheThongTin_TruyenThong
C01,27.25,S,GiaoDucTieuHoc
A01,22.75,I,KhoaHocTuNhien
D01,25.5,I,SuPhamTinHoc
C01,19.25,C,KyThuat_CongNghe
D01,26.75,S,GiaoDucTieuHoc
C02,21.0,I,KhoaHocTuNhien
C01,21.6,E,Luat_KinhTe
A00,27.75,I,SuPhamToanHoc
D15,23.75,A,NgoaiNgu
B00,25.75,I,SuPhamSinhHoc
A01,20.35,R,CongNgheThongTin_TruyenThong
C01,18.6,E,Luat_KinhTe
A00,25.0,I,CongNgheThongTin_TruyenThong
A00,26.0,I,SuPhamKhoaHocTuNhien
A00,26.0,I,SuPhamKhoaHocTuNhien
D01,27.0,A,SuPhamTiengAnh
A01,19.1,I,KyThuat_CongNghe
B00,29.0,I,SuPhamHoaHoc
D01,27.25,A,SuPhamTiengAnh
A01,25.0,I,SuPhamTinHoc
A00,25.25,I,SuPhamTinHoc
D01,25.25,E,Luat_KinhTe
C01,23.25,R,KyThuat_CongNghe
A01,28.0,I,SuPhamVatLy
A00,28.75,I,SuPhamVatLy
A00,26.75,I,SuPhamKhoaHocTuNhien
D01,21.6,R,CongNgheThongTin_TruyenThong
D01,20.75,I,KhoaHocTuNhien
D01,25.5,S,SuPhamTiengPhap
A01,25.25,I,SuPhamTinHoc
B00,27.25,I,SuPhamHoaHoc
D01,26.5,I,SuPhamTinHoc
D01,25.0,A,NgoaiNgu
C01,26.5,S,GiaoDucTieuHoc
B03,26.0,I,SuPhamSinhHoc
D01,20.5,I,KhoaHocTuNhien
D14,23.75,A,SuPhamTiengPhap
D01,25.75,A,NgoaiNgu
A00,28.0,I,SuPhamToanHoc
A00,27.75,I,SuPhamHoaHoc
D14,23.25,S,SuPhamTiengPhap
A00,27.5,I,SuPhamVatLy
A00,27.5,I,SuPhamVatLy
A01,20.5,R,NongNghiep_MoiTruong_ThuySan
D01,16.75,R,NongNghiep_MoiTruong_ThuySan
C02,22.0,I,NongNghiep_MoiTruong_ThuySan
A00,28.75,I,SuPhamToanHoc
A00,27.25,I,SuPhamHoaHoc
A01,28.25,I,SuPhamToanHoc
D01,22.75,S,SuPhamTiengPhap
B03,25.75,I,SuPhamSinhHoc
C00,25.25,A,XaHoiNhanVan
C00,22.5,S,XaHoiNhanVan
D01,26.25,S,GiaoDucTieuHoc
D01,25.0,I,SuPhamTinHoc
D14,27.25,S,SuPhamTiengAnh
D07,21.0,I,KhoaHocTuNhien
A01,27.5,I,SuPhamVatLy
D01,25.0,I,SuPhamTinHoc
C01,26.25,S,GiaoDucTieuHoc
A01,20.35,I,KhoaHocTuNhien
D14,27.25,S,SuPhamTiengAnh
A00,26.5,I,SuPhamKhoaHocTuNhien
B00,27.25,I,SuPhamHoaHoc
C01,18.75,C,KyThuat_CongNghe
B00,20.45,I,KhoaHocTuNhien
D01,18.25,I,NongNghiep_MoiTruong_ThuySan
B03,25.75,I,SuPhamSinhHoc
D01,24.5,I,SuPhamTinHoc
B00,28.25,I,SuPhamHoaHoc
D01,25.75,I,SuPhamTinHoc
C01,23.25,S,XaHoiNhanVan
C01,26.75,S,GiaoDucTieuHoc
C01,23.25,E,Luat_KinhTe
B00,27.0,I,SuPhamKhoaHocTuNhien
D01,19.5,R,CongNgheThongTin_TruyenThong
D14,23.25,A,NgoaiNgu
D01,20.25,R,CongNgheThongTin_TruyenThong
C01,25.75,A,XaHoiNhanVan
D01,20.5,C,CongNgheThongTin_TruyenThong
C01,27.0,R,KyThuat_CongNghe
D15,24.5,A,NgoaiNgu
A01,24.75,I,SuPhamTinHoc
C02,24.1,I,KhoaHocTuNhien
A00,27.75,I,SuPhamKhoaHocTuNhien
B00,28.0,I,SuPhamSinhHoc
B00,27.0,I,SuPhamSinhHoc
D01,21.75,I,KhoaHocTuNhien
D01,26.75,A,NgoaiNgu
D01,21.75,R,NongNghiep_MoiTruong_ThuySan
A00,26.0,I,SuPhamTinHoc
D01,25.25,I,SuPhamTinHoc
D14,27.25,A,SuPhamTiengAnh
B00,27.75,I,SuPhamHoaHoc
D01,21.5,I,CongNgheThongTin_TruyenThong
A00,25.35,I,SuPhamTinHoc
D15,27.5,S,SuPhamTiengAnh
D01,27.25,A,SuPhamTiengAnh
D14,24.75,A,NgoaiNgu
D01,22.25,C,Luat_KinhTe
D01,23.25,A,NgoaiNgu
D01,19.25,I,KhoaHocTuNhien
B03,26.0,I,SuPhamSinhHoc
C01,22.75,A,XaHoiNhanVan
D14,25.25,A,NgoaiNgu
D14,27.0,S,SuPhamTiengAnh
B00,27.25,I,SuPhamHoaHoc
B00,25.75,I,SuPhamSinhHoc
D14,27.25,A,SuPhamTiengAnh
C02,15.35,I,NongNghiep_MoiTruong_ThuySan
D15,27.0,A,SuPhamTiengAnh
A00,28.5,I,SuPhamHoaHoc
B03,26.25,I,SuPhamSinhHoc
A01,26.0,I,SuPhamKhoaHocTuNhien
A00,26.0,I,SuPhamKhoaHocTuNhien
D14,27.5,A,SuPhamTiengAnh
C01,16.0,C,KyThuat_CongNghe
B03,25.75,I,SuPhamSinhHoc
D01,26.0,S,SuPhamTiengPhap
A01,27.75,I,SuPhamVatLy
D01,24.25,A,NgoaiNgu
B03,26.0,I,SuPhamSinhHoc
X01,19.75,E,Luat_KinhTe
D07,28.5,I,SuPhamHoaHoc
D01,23.25,A,SuPhamTiengPhap
A00,27.5,I,SuPhamHoaHoc
D15,23.0,A,NgoaiNgu
A01,27.75,I,SuPhamToanHoc
D01,25.75,I,SuPhamTinHoc
A00,28.25,I,SuPhamHoaHoc
A00,27.25,I,SuPhamHoaHoc
A00,29.5,I,SuPhamToanHoc
A01,27.75,I,SuPhamToanHoc
D01,19.0,R,CongNgheThongTin_TruyenThong
D01,27.0,A,SuPhamTiengAnh
A01,26.5,I,SuPhamTinHoc
D14,23.5,A,NgoaiNgu
A01,26.75,I,SuPhamKhoaHocTuNhien
D01,24.75,I,SuPhamTinHoc
A01,26.25,I,SuPhamKhoaHocTuNhien
A01,24.5,C,Luat_KinhTe
A00,28.5,I,SuPhamVatLy
C01,17.75,I,KyThuat_CongNghe
C01,19.75,I,KyThuat_CongNghe
A00,24.75,I,SuPhamTinHoc
C02,22.6,S,XaHoiNhanVan
C02,21.5,I,KhoaHocTuNhien
C01,27.0,S,GiaoDucTieuHoc
A00,26.25,I,SuPhamTinHoc
C02,21.75,I,KhoaHocTuNhien
D01,24.5,A,NgoaiNgu
D01,24.5,A,SuPhamTiengPhap
A01,27.75,I,SuPhamToanHoc
D14,28.25,S,SuPhamTiengAnh
A00,18.75,I,NongNghiep_MoiTruong_ThuySan
D15,28.75,S,SuPhamTiengAnh
D01,23.25,A,SuPhamTiengPhap
A01,28.5,I,SuPhamVatLy
A00,28.75,I,SuPhamVatLy
C01,26.25,R,KyThuat_CongNghe
D01,20.25,I,CongNgheThongTin_TruyenThong
D01,23.75,C,CongNgheThongTin_TruyenThong
B00,27.0,I,SuPhamSinhHoc
D01,23.0,C,Luat_KinhTe
D01,19.75,C,Luat_KinhTe
D01,23.5,A,NgoaiNgu
A00,28.75,I,SuPhamToanHoc
A00,27.75,I,SuPhamToanHoc
A02,21.25,I,KhoaHocTuNhien
B00,19.5,I,NongNghiep_MoiTruong_ThuySan
D01,24.75,S,SuPhamTiengPhap
C00,21.75,C,Luat_KinhTe
A00,27.5,I,SuPhamHoaHoc
C01,22.5,R,KyThuat_CongNghe
A01,17.5,I,NongNghiep_MoiTruong_ThuySan
D01,25.25,I,SuPhamTinHoc
A01,25.25,I,SuPhamTinHoc
A01,22.5,R,KyThuat_CongNghe
A01,18.6,I,KhoaHocTuNhien
A00,27.25,I,SuPhamHoaHoc
X01,20.75,S,XaHoiNhanVan
D01,18.6,I,CongNgheThongTin_TruyenThong
D01,25.5,I,SuPhamTinHoc
C02,25.5,I,KhoaHocTuNhien
A00,27.35,I,SuPhamVatLy
D14,23.75,S,SuPhamTiengPhap
D15,27.25,S,SuPhamTiengAnh
C02,26.0,E,Luat_KinhTe
A00,26.0,I,SuPhamKhoaHocTuNhien
A00,27.75,I,SuPhamHoaHoc
D15,27.5,S,SuPhamTiengAnh
A00,28.0,I,SuPhamToanHoc
A01,22.75,R,KyThuat_CongNghe
D14,23.25,A,SuPhamTiengPhap
D01,26.25,S,GiaoDucTieuHoc
C01,26.25,S,GiaoDucTieuHoc
A01,20.0,I,KyThuat_CongNghe
C01,26.75,S,GiaoDucTieuHoc
A00,22.6,I,KhoaHocTuNhien
A00,28.0,I,SuPhamKhoaHocTuNhien
C02,16.5,I,NongNghiep_MoiTruong_ThuySan
A00,28.0,I,SuPhamVatLy
B00,26.0,I,SuPhamSinhHoc
D01,23.0,I,NongNghiep_MoiTruong_ThuySan
D01,24.0,A,NgoaiNgu
A00,26.5,I,SuPhamKhoaHocTuNhien
X01,22.0,E,Luat_KinhTe
B00,26.0,I,SuPhamKhoaHocTuNhien
A00,26.5,S,GiaoDucTieuHoc
B00,26.0,I,SuPhamKhoaHocTuNhien
B00,26.25,I,SuPhamSinhHoc
C00,18.85,E,Luat_KinhTe
A00,27.5,I,SuPhamHoaHoc
C01,26.25,S,GiaoDucTieuHoc
D01,24.5,A,NgoaiNgu
D01,24.0,A,SuPhamTiengPhap
D01,25.25,A,NgoaiNgu
D01,24.75,S,SuPhamTiengPhap
C01,24.0,S,XaHoiNhanVan
D01,20.75,I,KhoaHocTuNhien
B00,27.5,I,SuPhamHoaHoc
D01,25.35,A,NgoaiNgu
A00,20.75,I,CongNgheThongTin_TruyenThong
D14,24.5,A,SuPhamTiengPhap
A00,28.0,I,SuPhamVatLy
A01,22.25,C,KyThuat_CongNghe
B00,27.75,I,SuPhamHoaHoc
D01,18.25,I,NongNghiep_MoiTruong_ThuySan
C01,24.25,A,XaHoiNhanVan
D01,23.75,A,NgoaiNgu
A01,27.25,I,SuPhamVatLy
C02,16.25,R,NongNghiep_MoiTruong_ThuySan
D01,22.75,S,SuPhamTiengPhap
A00,26.5,S,GiaoDucTieuHoc
D01,19.5,C,Luat_KinhTe
X01,19.85,S,XaHoiNhanVan
A00,28.75,I,SuPhamVatLy
D01,19.25,I,KhoaHocTuNhien
C01,17.25,I,KyThuat_CongNghe
A01,27.25,I,SuPhamVatLy
A01,26.5,I,SuPhamKhoaHocTuNhien
A01,22.25,R,CongNgheThongTin_TruyenThong
A01,27.75,I,SuPhamToanHoc
B03,25.75,I,SuPhamSinhHoc
C02,21.0,I,KhoaHocTuNhien
D01,19.25,I,CongNgheThongTin_TruyenThong
A01,18.25,I,KhoaHocTuNhien
D01,23.5,S,SuPhamTiengPhap
A00,27.35,I,SuPhamHoaHoc
C01,22.25,R,KyThuat_CongNghe
C01,26.25,S,GiaoDucTieuHoc
C00,23.0,A,XaHoiNhanVan
A00,26.5,S,GiaoDucTieuHoc
D01,23.0,A,SuPhamTiengPhap
D01,22.75,A,SuPhamTiengPhap
C01,25.75,C,Luat_KinhTe
A00,28.75,I,SuPhamToanHoc
C01,24.0,R,KyThuat_CongNghe
A00,27.75,I,SuPhamToanHoc
A01,26.25,I,SuPhamTinHoc
D01,24.75,I,SuPhamTinHoc
A00,22.0,I,KhoaHocTuNhien
D14,24.6,A,SuPhamTiengPhap
A01,26.0,I,SuPhamKhoaHocTuNhien
A00,26.75,S,GiaoDucTieuHoc
C01,19.5,C,Luat_KinhTe
D01,23.5,A,SuPhamTiengPhap
A01,20.0,I,KyThuat_CongNghe
C01,24.75,S,XaHoiNhanVan
A01,27.25,I,SuPhamVatLy
A00,27.5,I,SuPhamVatLy
A00,27.25,S,GiaoDucTieuHoc
A01,21.0,C,KyThuat_CongNghe
D14,23.25,A,NgoaiNgu
B00,27.75,I,SuPhamSinhHoc
A01,16.0,I,NongNghiep_MoiTruong_ThuySan
A01,16.35,I,NongNghiep_MoiTruong_ThuySan
X01,20.25,E,Luat_KinhTe
C02,25.0,A,XaHoiNhanVan
B03,25.85,I,SuPhamSinhHoc
D01,20.5,E,Luat_KinhTe
B00,26.5,I,SuPhamKhoaHocTuNhien
X01,18.85,C,Luat_KinhTe
D01,16.75,I,NongNghiep_MoiTruong_ThuySan
A00,28.5,I,SuPhamToanHoc
B03,26.5,I,SuPhamSinhHoc
C01,24.25,S,XaHoiNhanVan
X01,19.0,C,Luat_KinhTe
A00,28.0,I,SuPhamHoaHoc
D01,24.25,C,CongNgheThongTin_TruyenThong
A01,23.25,C,Luat_KinhTe
D15,24.25,A,NgoaiNgu
D01,25.0,A,SuPhamTiengPhap
B00,20.0,C,KyThuat_CongNghe
C01,26.25,S,GiaoDucTieuHoc
C01,26.5,S,GiaoDucTieuHoc
C02,21.75,E,Luat_KinhTe
A00,26.25,I,SuPhamTinHoc
D01,21.75,I,KhoaHocTuNhien
A01,21.0,I,NongNghiep_MoiTruong_ThuySan
C01,26.75,S,GiaoDucTieuHoc
D14,23.25,A,NgoaiNgu
C00,22.25,S,XaHoiNhanVan
D01,22.5,I,KhoaHocTuNhien
C02,24.0,S,XaHoiNhanVan
D01,24.25,S,SuPhamTiengPhap
C01,19.1,I,KyThuat_CongNghe
C02,19.5,I,KhoaHocTuNhien
C00,26.0,A,XaHoiNhanVan
B00,27.0,I,SuPhamKhoaHocTuNhien
C02,22.75,I,KhoaHocTuNhien
D01,27.0,S,SuPhamTiengAnh
B00,27.0,I,SuPhamSinhHoc
C01,23.75,E,Luat_KinhTe
A00,24.0,C,KyThuat_CongNghe
A00,28.25,I,SuPhamToanHoc
C01,21.0,E,Luat_KinhTe
C01,23.75,S,XaHoiNhanVan
C01,15.95,I,KyThuat_CongNghe
C01,26.25,S,GiaoDucTieuHoc
A00,28.25,I,SuPhamHoaHoc
D01,25.5,A,SuPhamTiengPhap
A01,22.5,S,XaHoiNhanVan
B00,27.75,I,SuPhamKhoaHocTuNhien
A00,27.25,I,SuPhamHoaHoc
D01,25.25,I,SuPhamTinHoc
A01,23.0,I,KhoaHocTuNhien
D01,20.75,I,KhoaHocTuNhien
D15,23.5,A,NgoaiNgu
A00,26.75,I,SuPhamKhoaHocTuNhien
C01,23.75,S,XaHoiNhanVan
D01,23.0,A,NgoaiNgu
A00,28.5,I,SuPhamVatLy
C02,18.35,R,NongNghiep_MoiTruong_ThuySan
A00,20.25,R,CongNgheThongTin_TruyenThong
D14,23.0,S,SuPhamTiengPhap
C02,23.0,I,NongNghiep_MoiTruong_ThuySan
D14,24.75,S,SuPhamTiengPhap
A00,29.25,I,SuPhamToanHoc
D01,20.25,I,NongNghiep_MoiTruong_ThuySan
D15,22.5,A,XaHoiNhanVan
A01,28.5,I,SuPhamVatLy
C01,23.25,C,Luat_KinhTe
B00,27.25,I,SuPhamSinhHoc
D01,27.0,S,SuPhamTiengAnh
A00,28.0,I,SuPhamHoaHoc
A00,28.75,I,SuPhamToanHoc
C01,23.5,S,XaHoiNhanVan
D01,23.25,R,CongNgheThongTin_TruyenThong
B00,28.5,I,SuPhamHoaHoc
A01,28.0,I,SuPhamVatLy
A01,26.0,I,SuPhamKhoaHocTuNhien
D14,24.5,A,SuPhamTiengPhap
C01,25.5,E,Luat_KinhTe
D01,19.25,E,Luat_KinhTe
D01,22.5,I,CongNgheThongTin_TruyenThong
B03,26.25,I,SuPhamSinhHoc
D01,25.25,I,SuPhamTinHoc
D01,25.25,I,SuPhamTinHoc
A00,27.25,I,SuPhamHoaHoc
A01,22.5,A,XaHoiNhanVan
D01,27.25,S,SuPhamTiengAnh
D14,24.75,A,XaHoiNhanVan
A01,27.5,I,SuPhamVatLy
C01,23.5,S,XaHoiNhanVan
A00,27.25,I,SuPhamVatLy
B00,28.25,I,SuPhamHoaHoc
C01,27.0,S,GiaoDucTieuHoc
D01,24.0,I,KhoaHocTuNhien
A01,27.75,I,SuPhamVatLy
A01,24.75,I,SuPhamTinHoc
A01,27.75,I,SuPhamToanHoc
A00,27.75,I,SuPhamKhoaHocTuNhien
A00,27.25,I,SuPhamHoaHoc
C01,26.5,S,GiaoDucTieuHoc
D07,17.0,R,NongNghiep_MoiTruong_ThuySan
A00,26.25,I,SuPhamKhoaHocTuNhien
D01,20.0,I,KhoaHocTuNhien
A01,26.5,I,SuPhamKhoaHocTuNhien
B00,26.0,I,SuPhamSinhHoc
A00,21.1,R,KyThuat_CongNghe
D01,18.75,R,NongNghiep_MoiTruong_ThuySan
A01,28.5,I,SuPhamVatLy
B00,27.25,I,SuPhamSinhHoc
B00,27.75,I,SuPhamHoaHoc
D01,22.0,R,CongNgheThongTin_TruyenThong
A01,27.25,I,SuPhamVatLy
C01,22.75,I,KyThuat_CongNghe
B00,26.75,I,SuPhamKhoaHocTuNhien
D07,25.75,I,SuPhamTinHoc
A01,28.75,I,SuPhamToanHoc
D01,24.0,A,NgoaiNgu
C02,23.75,I,KhoaHocTuNhien
A00,28.0,I,SuPhamVatLy
D07,19.0,R,KyThuat_CongNghe
A00,29.25,I,SuPhamToanHoc
A00,27.5,S,GiaoDucTieuHoc
A00,26.25,I,SuPhamKhoaHocTuNhien
A00,27.1,I,SuPhamKhoaHocTuNhien
A00,21.1,C,CongNgheThongTin_TruyenThong
A00,27.25,I,SuPhamKhoaHocTuNhien
A01,27.0,I,SuPhamTinHoc
A01,27.75,I,SuPhamVatLy
A01,27.5,I,SuPhamKhoaHocTuNhien
C01,26.75,S,GiaoDucTieuHoc
D15,27.0,S,SuPhamTiengAnh
D01,23.0,S,SuPhamTiengPhap
A00,26.75,I,SuPhamKhoaHocTuNhien
A00,26.25,I,SuPhamTinHoc
B00,28.0,I,SuPhamHoaHoc
C01,22.85,S,XaHoiNhanVan
D14,27.75,A,SuPhamTiengAnh
D01,25.0,S,SuPhamTiengPhap
X01,22.0,E,Luat_KinhTe
A00,18.0,I,KyThuat_CongNghe
A01,21.0,R,KyThuat_CongNghe
D01,22.75,C,CongNgheThongTin_TruyenThong
D01,24.5,A,XaHoiNhanVan
C01,26.5,S,GiaoDucTieuHoc
D01,24.75,I,KhoaHocTuNhien
B00,26.5,I,SuPhamSinhHoc
B00,27.75,I,SuPhamKhoaHocTuNhien
D01,26.5,S,GiaoDucTieuHoc
D01,25.25,A,SuPhamTiengPhap
C01,26.5,S,GiaoDucTieuHoc
D01,24.6,I,SuPhamTinHoc
D01,22.0,R,CongNgheThongTin_TruyenThong
A00,27.0,I,SuPhamKhoaHocTuNhien
X25,18.5,R,NongNghiep_MoiTruong_ThuySan
A00,29.25,I,SuPhamHoaHoc
B03,26.25,I,SuPhamSinhHoc
A00,27.75,I,SuPhamToanHoc
X25,17.25,R,NongNghiep_MoiTruong_ThuySan
D01,27.0,S,GiaoDucTieuHoc
C01,26.25,S,GiaoDucTieuHoc
D09,24.25,A,NgoaiNgu
D01,23.1,A,NgoaiNgu
D14,25.0,A,NgoaiNgu
A01,28.5,I,SuPhamToanHoc
A00,28.0,I,SuPhamHoaHoc
A01,26.25,I,SuPhamKhoaHocTuNhien
C01,17.6,I,KyThuat_CongNghe
A00,23.1,C,Luat_KinhTe
D15,25.75,A,NgoaiNgu
A00,28.25,I,SuPhamToanHoc
A00,27.25,I,SuPhamVatLy
D01,22.75,S,SuPhamTiengPhap
D01,16.25,R,NongNghiep_MoiTruong_ThuySan
D14,25.0,A,SuPhamTiengPhap
A00,22.0,R,KyThuat_CongNghe
D01,23.25,A,SuPhamTiengPhap
A00,26.0,I,SuPhamTinHoc
A00,29.25,I,SuPhamToanHoc
D01,24.25,A,NgoaiNgu
C01,24.75,C,Luat_KinhTe
C01,23.0,S,XaHoiNhanVan
A00,27.25,I,SuPhamVatLy
D01,20.0,R,CongNgheThongTin_TruyenThong
A00,27.5,I,SuPhamVatLy
A00,19.35,C,KyThuat_CongNghe
A00,18.35,R,KyThuat_CongNghe
A01,26.25,I,SuPhamKhoaHocTuNhien
B00,27.25,I,SuPhamHoaHoc
B00,27.25,I,SuPhamHoaHoc
A01,18.35,I,KyThuat_CongNghe
A00,26.25,I,SuPhamKhoaHocTuNhien
D01,23.75,R,CongNgheThongTin_TruyenThong
B00,17.5,C,KyThuat_CongNghe
D01,23.5,A,NgoaiNgu
B00,27.75,I,SuPhamSinhHoc
A00,26.75,I,SuPhamKhoaHocTuNhien
B00,26.0,I,SuPhamSinhHoc
A01,18.5,C,CongNgheThongTin_TruyenThong
D15,25.25,A,NgoaiNgu
D01,24.25,I,CongNgheThongTin_TruyenThong
D01,24.0,S,SuPhamTiengPhap
B00,28.0,I,SuPhamHoaHoc
A00,23.0,R,CongNgheThongTin_TruyenThong
B00,26.75,I,SuPhamSinhHoc
A01,27.25,I,SuPhamVatLy
D01,23.25,I,KhoaHocTuNhien
A00,27.25,I,SuPhamKhoaHocTuNhien
C02,23.25,C,Luat_KinhTe
B00,26.75,I,SuPhamKhoaHocTuNhien
B03,25.75,I,SuPhamSinhHoc
A00,26.5,S,GiaoDucTieuHoc
D15,24.5,A,NgoaiNgu
D01,25.0,I,SuPhamTinHoc
D01,17.75,R,NongNghiep_MoiTruong_ThuySan
B03,26.0,I,SuPhamSinhHoc
B00,26.75,I,SuPhamSinhHoc
C01,25.25,R,KyThuat_CongNghe
A00,26.5,S,GiaoDucTieuHoc
A00,24.75,I,CongNgheThongTin_TruyenThong
A00,28.0,I,SuPhamVatLy
C01,27.25,S,GiaoDucTieuHoc
D01,25.0,A,NgoaiNgu
A01,27.5,I,SuPhamVatLy
D01,22.75,A,SuPhamTiengPhap
A00,27.0,I,SuPhamKhoaHocTuNhien
D15,27.5,A,SuPhamTiengAnh
C01,19.0,R,KyThuat_CongNghe
A00,27.25,I,SuPhamVatLy
A01,25.75,I,SuPhamTinHoc
C01,20.35,C,Luat_KinhTe
A00,28.5,I,SuPhamVatLy
B00,26.5,I,SuPhamSinhHoc
C01,18.6,I,KyThuat_CongNghe
C01,26.25,S,GiaoDucTieuHoc
C01,26.75,S,GiaoDucTieuHoc
A00,19.5,R,NongNghiep_MoiTruong_ThuySan
B03,27.0,I,SuPhamSinhHoc
D01,24.75,S,SuPhamTiengPhap
B00,27.75,I,SuPhamSinhHoc
A00,27.0,I,SuPhamKhoaHocTuNhien
D01,18.75,I,CongNgheThongTin_TruyenThong
X25,24.75,S,XaHoiNhanVan
D01,24.5,I,SuPhamTinHoc
D15,24.25,A,NgoaiNgu
X01,25.5,A,XaHoiNhanVan
D15,27.85,S,SuPhamTiengAnh
D01,19.25,R,NongNghiep_MoiTruong_ThuySan
A00,27.5,I,SuPhamVatLy
A00,24.6,I,SuPhamTinHoc
D01,24.75,A,NgoaiNgu
D01,23.5,I,KhoaHocTuNhien
D01,24.25,A,NgoaiNgu
A00,27.75,I,SuPhamVatLy
C01,20.85,R,KyThuat_CongNghe
D01,21.7,I,KhoaHocTuNhien
A01,23.5,I,KyThuat_CongNghe
A01,27.75,I,SuPhamToanHoc
A00,27.25,I,SuPhamVatLy
D14,27.25,A,SuPhamTiengAnh
D14,23.5,A,NgoaiNgu
D01,24.5,A,SuPhamTiengPhap
A00,18.85,I,CongNgheThongTin_TruyenThong
A01,22.25,A,XaHoiNhanVan
A00,26.25,I,SuPhamKhoaHocTuNhien
B00,27.5,I,SuPhamHoaHoc
B00,26.75,I,SuPhamSinhHoc
A00,24.75,I,SuPhamTinHoc
D14,23.0,S,SuPhamTiengPhap
D01,25.5,A,SuPhamTiengPhap
D01,24.5,A,SuPhamTiengPhap
C02,20.25,I,NongNghiep_MoiTruong_ThuySan
D01,25.25,I,SuPhamTinHoc
A01,22.85,I,CongNgheThongTin_TruyenThong
D01,20.68,C,CongNgheThongTin_TruyenThong
D14,25.5,A,NgoaiNgu
A01,28.75,I,SuPhamToanHoc
D07,21.5,I,CongNgheThongTin_TruyenThong
A00,27.75,I,SuPhamToanHoc
D01,24.75,I,SuPhamTinHoc
A01,28.0,I,SuPhamToanHoc
D01,27.0,A,SuPhamTiengAnh
D01,27.0,A,NgoaiNgu
B03,26.0,I,SuPhamSinhHoc
B03,26.75,I,SuPhamSinhHoc
C01,22.0,A,XaHoiNhanVan
D01,24.5,I,SuPhamTinHoc
D14,28.75,A,SuPhamTiengAnh
B00,26.75,I,SuPhamSinhHoc
A01,26.5,I,SuPhamTinHoc
D01,27.0,S,SuPhamTiengAnh
A00,26.5,I,SuPhamKhoaHocTuNhien
D01,25.0,R,CongNgheThongTin_TruyenThong
D01,25.75,S,SuPhamTiengPhap
A01,29.75,I,SuPhamToanHoc
D14,24.5,A,NgoaiNgu
D01,27.25,S,SuPhamTiengAnh
B03,25.75,I,SuPhamSinhHoc
A01,27.75,I,SuPhamTinHoc
A00,27.75,I,SuPhamHoaHoc
D01,23.0,C,Luat_KinhTe
D01,24.0,A,NgoaiNgu
B00,26.35,I,SuPhamSinhHoc
X25,23.5,S,XaHoiNhanVan
A00,27.75,I,SuPhamToanHoc
C01,21.5,A,XaHoiNhanVan
A00,28.25,I,SuPhamHoaHoc
C02,24.5,S,XaHoiNhanVan
C01,22.6,S,XaHoiNhanVan
D01,28.0,S,SuPhamTiengAnh
D15,24.85,A,NgoaiNgu
D15,27.5,S,SuPhamTiengAnh
D14,23.0,A,NgoaiNgu
D01,25.0,S,SuPhamTiengPhap
D01,27.25,S,SuPhamTiengAnh
C01,27.0,S,GiaoDucTieuHoc
C02,18.25,I,KhoaHocTuNhien
C02,26.25,A,XaHoiNhanVan
A00,23.0,R,CongNgheThongTin_TruyenThong
A01,19.5,C,Luat_KinhTe
D01,22.5,I,KhoaHocTuNhien
D14,24.75,S,SuPhamTiengPhap
A01,26.5,I,SuPhamKhoaHocTuNhien
A01,21.5,I,KhoaHocTuNhien
A00,19.0,I,NongNghiep_MoiTruong_ThuySan
A00,26.5,S,GiaoDucTieuHoc
D01,25.0,I,SuPhamTinHoc
A01,26.75,I,SuPhamTinHoc
A00,21.25,I,NongNghiep_MoiTruong_ThuySan
D01,24.5,I,SuPhamTinHoc
X70,24.75,A,XaHoiNhanVan
C02,24.25,C,Luat_KinhTe
C01,27.5,S,GiaoDucTieuHoc
X01,22.75,S,XaHoiNhanVan
A01,24.85,S,XaHoiNhanVan
A00,20.75,I,KhoaHocTuNhien
A00,27.5,I,SuPhamVatLy
A00,28.75,I,SuPhamVatLy
A00,28.5,I,SuPhamToanHoc
A00,24.75,I,CongNgheThongTin_TruyenThong
A00,28.25,I,SuPhamVatLy
C01,24.5,A,XaHoiNhanVan
A00,27.75,I,SuPhamToanHoc
A00,27.75,I,SuPhamToanHoc
A00,28.75,I,SuPhamHoaHoc
A00,27.5,I,SuPhamVatLy
B00,26.0,I,SuPhamSinhHoc
B03,25.75,I,SuPhamSinhHoc
B00,29.0,I,SuPhamHoaHoc
A00,26.25,S,GiaoDucTieuHoc
X01,22.0,E,Luat_KinhTe
C01,18.6,I,KyThuat_CongNghe
D01,24.5,A,NgoaiNgu
C01,20.75,C,KyThuat_CongNghe
A00,27.25,I,SuPhamHoaHoc
A00,26.0,I,SuPhamTinHoc
D01,24.5,S,XaHoiNhanVan
A01,26.0,I,SuPhamKhoaHocTuNhien
A00,28.0,I,SuPhamVatLy
C01,19.75,I,KyThuat_CongNghe
A00,28.5,S,GiaoDucTieuHoc
A00,26.0,I,SuPhamKhoaHocTuNhien
A01,26.0,I,SuPhamKhoaHocTuNhien
D01,24.25,C,CongNgheThongTin_TruyenThong
A00,25.75,I,SuPhamTinHoc
B00,27.75,I,SuPhamHoaHoc
A00,23.25,C,KyThuat_CongNghe
D01,19.0,I,KhoaHocTuNhien
A01,28.25,I,SuPhamToanHoc
C01,20.75,E,Luat_KinhTe
C02,24.0,I,KhoaHocTuNhien
B00,18.25,I,NongNghiep_MoiTruong_ThuySan
B03,20.0,I,KhoaHocTuNhien
D01,21.6,I,CongNgheThongTin_TruyenThong
C02,18.7,I,KhoaHocTuNhien
A01,28.0,I,SuPhamToanHoc
D01,20.75,R,CongNgheThongTin_TruyenThong
D01,20.25,S,XaHoiNhanVan
A00,20.45,I,CongNgheThongTin_TruyenThong
D01,24.5,I,SuPhamTinHoc
D01,22.75,I,KhoaHocTuNhien
D14,24.5,S,XaHoiNhanVan
D01,26.5,S,GiaoDucTieuHoc
A00,27.25,I,SuPhamHoaHoc
A00,27.5,I,SuPhamKhoaHocTuNhien
D01,23.75,S,SuPhamTiengPhap
C02,22.5,I,KhoaHocTuNhien
D01,23.25,A,XaHoiNhanVan
A00,27.0,I,SuPhamKhoaHocTuNhien
A00,27.75,I,SuPhamVatLy
D01,22.25,I,CongNgheThongTin_TruyenThong
A00,28.75,I,SuPhamHoaHoc
C01,23.0,I,KyThuat_CongNghe
D14,27.0,S,SuPhamTiengAnh
A00,18.25,C,CongNgheThongTin_TruyenThong
C01,15.7,C,KyThuat_CongNghe
C01,26.5,S,GiaoDucTieuHoc
A01,17.85,R,KyThuat_CongNghe
A00,25.75,R,KyThuat_CongNghe
A00,27.0,I,SuPhamKhoaHocTuNhien
D01,25.0,A,NgoaiNgu
A01,20.75,I,KhoaHocTuNhien
A00,28.0,I,SuPhamHoaHoc
D15,27.25,S,SuPhamTiengAnh
A01,28.5,I,SuPhamToanHoc
D14,25.0,A,NgoaiNgu
A00,30.0,S,GiaoDucTieuHoc
D01,24.75,A,SuPhamTiengPhap
A00,27.5,I,SuPhamHoaHoc
D01,17.35,R,NongNghiep_MoiTruong_ThuySan
C01,23.5,E,Luat_KinhTe
C01,21.5,A,XaHoiNhanVan
D01,24.75,A,SuPhamTiengPhap
D01,24.5,A,SuPhamTiengPhap
A00,26.35,I,SuPhamKhoaHocTuNhien
B03,26.25,I,SuPhamSinhHoc
A00,28.0,I,SuPhamToanHoc
B00,18.25,I,NongNghiep_MoiTruong_ThuySan
A00,27.75,I,SuPhamVatLy
A00,27.75,S,GiaoDucTieuHoc
X25,17.35,I,NongNghiep_MoiTruong_ThuySan
A00,29.0,I,SuPhamHoaHoc
A01,21.75,I,KhoaHocTuNhien
D01,20.1,C,Luat_KinhTe
A00,26.5,I,SuPhamKhoaHocTuNhien
A00,28.0,I,SuPhamVatLy
A01,28.75,I,SuPhamToanHoc
A00,27.25,I,SuPhamHoaHoc
D15,27.0,S,SuPhamTiengAnh
A01,27.75,I,SuPhamToanHoc
D07,28.25,I,SuPhamHoaHoc
A01,25.0,I,SuPhamTinHoc
D09,21.85,A,XaHoiNhanVan
A00,26.0,I,SuPhamKhoaHocTuNhien
A01,27.25,I,SuPhamVatLy
X74,22.6,A,XaHoiNhanVan
C01,22.25,C,KyThuat_CongNghe
D15,27.25,A,SuPhamTiengAnh
B00,26.75,I,SuPhamSinhHoc
A01,24.35,C,CongNgheThongTin_TruyenThong
A00,25.25,I,SuPhamTinHoc
A00,28.0,I,SuPhamToanHoc
A00,27.75,I,SuPhamToanHoc
A01,27.75,I,SuPhamKhoaHocTuNhien
A01,28.0,I,SuPhamToanHoc
D01,27.0,A,SuPhamTiengAnh
A00,28.25,I,SuPhamHoaHoc
A00,28.5,I,SuPhamToanHoc
D01,18.5,I,NongNghiep_MoiTruong_ThuySan
C02,19.0,I,NongNghiep_MoiTruong_ThuySan
C02,21.85,I,KhoaHocTuNhien
D01,23.5,A,NgoaiNgu
C02,22.5,S,XaHoiNhanVan
D01,24.5,S,SuPhamTiengPhap
D01,18.25,I,KhoaHocTuNhien
A00,28.25,I,SuPhamToanHoc
D09,23.25,A,XaHoiNhanVan
A00,26.75,S,GiaoDucTieuHoc
A00,18.95,E,Luat_KinhTe
A00,27.5,I,SuPhamVatLy
D01,26.5,S,GiaoDucTieuHoc
D01,22.0,C,Luat_KinhTe
A00,28.0,I,SuPhamKhoaHocTuNhien
A00,28.0,I,SuPhamVatLy
D15,24.75,A,NgoaiNgu
A00,28.25,I,SuPhamVatLy
D01,27.5,A,SuPhamTiengAnh
B00,27.5,I,SuPhamSinhHoc
A00,19.0,I,KhoaHocTuNhien
D15,27.25,A,SuPhamTiengAnh
D01,27.0,A,SuPhamTiengAnh
D01,24.0,A,NgoaiNgu
A00,21.75,A,XaHoiNhanVan
D01,24.1,A,NgoaiNgu
D07,22.0,C,KyThuat_CongNghe
D01,25.0,I,SuPhamTinHoc
A01,24.0,S,XaHoiNhanVan
D01,23.75,A,NgoaiNgu
D01,26.25,S,GiaoDucTieuHoc
D01,22.75,S,SuPhamTiengPhap
D15,27.25,S,SuPhamTiengAnh
C01,26.75,S,GiaoDucTieuHoc
A00,28.25,S,GiaoDucTieuHoc
C02,24.5,I,KhoaHocTuNhien
C02,17.5,I,KhoaHocTuNhien
A00,28.5,I,SuPhamToanHoc
B00,28.0,I,SuPhamHoaHoc
C02,16.45,I,NongNghiep_MoiTruong_ThuySan
C01,18.25,R,KyThuat_CongNghe
C01,22.75,E,Luat_KinhTe
A01,28.25,I,SuPhamVatLy
B03,26.5,I,SuPhamSinhHoc
C01,26.5,S,GiaoDucTieuHoc
C01,22.0,E,Luat_KinhTe
A01,20.0,I,CongNgheThongTin_TruyenThong
B00,27.5,I,SuPhamSinhHoc
A01,27.25,I,SuPhamKhoaHocTuNhien
A00,24.75,I,SuPhamTinHoc
B00,27.0,I,SuPhamSinhHoc
C01,18.85,C,Luat_KinhTe
D01,25.25,S,SuPhamTiengPhap
D01,27.0,S,GiaoDucTieuHoc
A00,29.0,I,SuPhamVatLy
C02,23.0,I,KhoaHocTuNhien
D07,27.25,I,SuPhamHoaHoc
C01,17.5,C,KyThuat_CongNghe
B00,27.75,I,SuPhamHoaHoc
A00,24.0,R,KyThuat_CongNghe
D07,24.5,I,SuPhamTinHoc
A00,28.0,I,SuPhamVatLy
C01,27.25,S,GiaoDucTieuHoc
D01,22.85,I,CongNgheThongTin_TruyenThong
B00,26.5,I,SuPhamSinhHoc
D01,21.0,I,KhoaHocTuNhien
D14,23.75,A,SuPhamTiengPhap
A00,25.0,I,SuPhamTinHoc
D14,27.5,S,SuPhamTiengAnh
A00,26.75,S,GiaoDucTieuHoc
A01,28.0,I,SuPhamVatLy
C01,26.5,S,GiaoDucTieuHoc
D01,22.25,E,Luat_KinhTe
D01,23.5,A,XaHoiNhanVan
D07,24.0,A,XaHoiNhanVan
A00,27.25,I,SuPhamHoaHoc
A01,27.5,I,SuPhamVatLy
B03,25.75,I,SuPhamSinhHoc
D01,24.5,C,CongNgheThongTin_TruyenThong
D01,24.5,A,SuPhamTiengPhap
B00,27.5,I,SuPhamSinhHoc
C02,25.0,I,KhoaHocTuNhien
D01,25.25,A,NgoaiNgu
D01,21.85,I,CongNgheThongTin_TruyenThong
D01,24.75,A,NgoaiNgu
A00,26.75,S,GiaoDucTieuHoc
B00,28.25,I,SuPhamKhoaHocTuNhien
D01,25.25,I,SuPhamTinHoc
D01,21.0,I,CongNgheThongTin_TruyenThong
A01,28.25,I,SuPhamToanHoc
D01,17.75,I,NongNghiep_MoiTruong_ThuySan
D01,23.5,A,NgoaiNgu
D01,24.5,I,KhoaHocTuNhien
A01,28.0,I,SuPhamVatLy
A00,28.5,I,SuPhamVatLy
D14,23.5,A,XaHoiNhanVan
A00,28.0,I,SuPhamToanHoc
A00,26.75,I,SuPhamTinHoc
B00,26.0,I,SuPhamSinhHoc
A00,20.75,I,KhoaHocTuNhien
A00,28.0,I,SuPhamToanHoc
A00,27.25,S,GiaoDucTieuHoc
B00,25.75,I,SuPhamSinhHoc
B03,25.75,I,SuPhamSinhHoc
D01,24.0,A,NgoaiNgu
A00,23.6,R,CongNgheThongTin_TruyenThong
B00,27.0,I,SuPhamSinhHoc
C02,21.75,R,NongNghiep_MoiTruong_ThuySan
D01,23.25,I,NongNghiep_MoiTruong_ThuySan
D01,24.5,I,SuPhamTinHoc
C02,17.75,I,NongNghiep_MoiTruong_ThuySan
B00,17.5,R,KyThuat_CongNghe
C01,18.75,R,KyThuat_CongNghe
A00,29.5,I,SuPhamVatLy
D01,24.0,I,KhoaHocTuNhien
D01,22.75,A,SuPhamTiengPhap
D01,24.25,S,SuPhamTiengPhap
A01,20.5,A,XaHoiNhanVan
A00,27.0,I,SuPhamKhoaHocTuNhien
A00,28.5,I,SuPhamToanHoc
X25,19.1,I,NongNghiep_MoiTruong_ThuySan
D01,24.5,A,NgoaiNgu
C02,23.5,A,XaHoiNhanVan
C02,23.25,I,NongNghiep_MoiTruong_ThuySan
D01,23.25,A,SuPhamTiengPhap
A00,28.25,I,SuPhamToanHoc
A00,26.25,S,GiaoDucTieuHoc
D15,28.0,A,SuPhamTiengAnh
A01,25.25,I,SuPhamTinHoc
A01,26.5,I,SuPhamKhoaHocTuNhien
C01,19.5,E,Luat_KinhTe
D01,17.75,I,NongNghiep_MoiTruong_ThuySan
C01,27.25,S,GiaoDucTieuHoc
D14,23.25,A,NgoaiNgu
D01,19.5,C,Luat_KinhTe
D14,25.25,A,NgoaiNgu
B00,26.0,I,SuPhamKhoaHocTuNhien
A00,28.0,I,SuPhamToanHoc
D01,23.25,S,SuPhamTiengPhap
A00,26.25,S,GiaoDucTieuHoc
X01,23.6,S,XaHoiNhanVan
D01,25.5,I,SuPhamTinHoc
D01,18.5,I,KhoaHocTuNhien
A00,27.75,I,SuPhamToanHoc
B03,26.25,I,SuPhamSinhHoc
C01,27.0,S,GiaoDucTieuHoc
B00,25.75,I,SuPhamSinhHoc
D14,23.25,A,SuPhamTiengPhap
B00,26.25,I,SuPhamKhoaHocTuNhien
A01,28.5,I,SuPhamToanHoc
A02,15.85,C,KyThuat_CongNghe
A00,26.75,I,SuPhamKhoaHocTuNhien
A01,28.5,I,SuPhamToanHoc
A01,28.25,I,SuPhamToanHoc
B00,27.25,I,SuPhamKhoaHocTuNhien
D01,19.1,R,NongNghiep_MoiTruong_ThuySan
A00,26.25,S,GiaoDucTieuHoc
A01,24.5,I,CongNgheThongTin_TruyenThong
B00,26.25,I,SuPhamKhoaHocTuNhien
A00,28.0,I,SuPhamToanHoc
D01,24.1,E,Luat_KinhTe
D01,25.0,I,SuPhamTinHoc
A00,22.5,I,KhoaHocTuNhien
C00,24.25,S,XaHoiNhanVan
D01,27.0,A,SuPhamTiengAnh
D01,24.0,A,NgoaiNgu
A01,27.5,I,SuPhamTinHoc
C02,17.5,I,KhoaHocTuNhien
A01,27.75,I,SuPhamVatLy
A01,22.75,C,CongNgheThongTin_TruyenThong
D01,23.25,A,NgoaiNgu
C00,25.5,C,Luat_KinhTe
D01,20.5,I,KhoaHocTuNhien
A01,17.55,I,NongNghiep_MoiTruong_ThuySan
D01,23.0,A,SuPhamTiengPhap
D01,20.5,R,CongNgheThongTin_TruyenThong
A01,27.25,I,SuPhamVatLy
D01,18.35,I,CongNgheThongTin_TruyenThong
C01,22.75,E,Luat_KinhTe
A00,27.25,I,SuPhamHoaHoc
C02,20.5,I,KhoaHocTuNhien
D01,23.25,A,NgoaiNgu
A00,26.1,S,GiaoDucTieuHoc
B00,28.25,I,SuPhamHoaHoc
A00,28.0,I,SuPhamVatLy
C01,18.5,I,KyThuat_CongNghe
D01,24.0,A,NgoaiNgu
D01,23.25,A,NgoaiNgu
A00,27.5,S,GiaoDucTieuHoc
C01,22.6,A,XaHoiNhanVan
C01,26.75,S,GiaoDucTieuHoc
B00,23.5,I,KyThuat_CongNghe
C01,18.75,R,KyThuat_CongNghe
A01,19.75,I,NongNghiep_MoiTruong_ThuySan
X01,20.25,C,Luat_KinhTe
C01,23.5,C,Luat_KinhTe
D01,23.5,A,NgoaiNgu
A00,27.0,I,SuPhamKhoaHocTuNhien
C01,21.0,S,XaHoiNhanVan
A01,27.25,I,SuPhamVatLy
D15,23.25,A,NgoaiNgu
B00,28.25,I,SuPhamSinhHoc
C02,27.25,S,XaHoiNhanVan
B00,28.5,I,SuPhamHoaHoc
A00,27.75,I,SuPhamToanHoc
A00,26.75,S,GiaoDucTieuHoc
X01,22.75,S,XaHoiNhanVan
A01,26.25,S,XaHoiNhanVan
D01,27.0,A,SuPhamTiengAnh
D01,21.5,R,NongNghiep_MoiTruong_ThuySan
C01,26.25,S,GiaoDucTieuHoc
D15,27.75,A,SuPhamTiengAnh
C01,17.2,R,KyThuat_CongNghe
D01,24.75,A,SuPhamTiengPhap
A00,27.25,I,SuPhamHoaHoc
A01,19.5,C,CongNgheThongTin_TruyenThong
D01,17.0,I,NongNghiep_MoiTruong_ThuySan
A00,27.75,I,SuPhamHoaHoc
C01,26.25,S,GiaoDucTieuHoc
C02,21.25,I,KhoaHocTuNhien
A00,28.75,I,SuPhamHoaHoc
D14,25.5,A,SuPhamTiengPhap
D01,26.5,A,SuPhamTiengPhap
A00,25.0,I,KhoaHocTuNhien
B08,26.0,I,SuPhamSinhHoc
B00,26.0,I,SuPhamSinhHoc
D01,22.75,S,SuPhamTiengPhap
A00,26.25,I,SuPhamKhoaHocTuNhien
A00,27.25,I,SuPhamHoaHoc
X25,22.25,S,XaHoiNhanVan
A01,28.5,I,SuPhamKhoaHocTuNhien
C01,26.25,S,GiaoDucTieuHoc
C01,23.25,I,KyThuat_CongNghe
D01,22.75,S,SuPhamTiengPhap
A01,21.25,E,Luat_KinhTe
A00,28.0,I,SuPhamToanHoc
C01,27.75,S,GiaoDucTieuHoc
A00,29.0,I,SuPhamVatLy
A01,24.6,I,SuPhamTinHoc
D01,25.0,I,SuPhamTinHoc
C01,26.25,S,GiaoDucTieuHoc
B00,27.75,I,SuPhamHoaHoc
A01,24.25,A,XaHoiNhanVan
B00,26.75,I,SuPhamSinhHoc
D01,23.75,A,SuPhamTiengPhap
A01,27.25,I,SuPhamVatLy
A01,26.25,I,SuPhamTinHoc
B00,25.75,I,SuPhamSinhHoc
B00,27.0,I,SuPhamKhoaHocTuNhien
A00,24.25,C,Luat_KinhTe
A00,26.25,I,SuPhamKhoaHocTuNhien
C01,20.5,C,KyThuat_CongNghe
A00,28.5,I,SuPhamVatLy
C01,26.5,S,GiaoDucTieuHoc
B00,26.25,I,SuPhamSinhHoc
D01,21.25,R,NongNghiep_MoiTruong_ThuySan
D15,27.0,A,SuPhamTiengAnh
D15,24.75,A,NgoaiNgu
A00,27.5,I,SuPhamVatLy
B03,25.75,I,SuPhamSinhHoc
D09,24.25,S,XaHoiNhanVan
A00,28.5,I,SuPhamToanHoc
A00,27.75,S,GiaoDucTieuHoc
A01,22.0,I,NongNghiep_MoiTruong_ThuySan
D15,23.5,S,XaHoiNhanVan
D01,23.75,I,CongNgheThongTin_TruyenThong
C01,26.75,S,GiaoDucTieuHoc
A00,28.0,S,GiaoDucTieuHoc
C01,26.5,A,XaHoiNhanVan
A00,25.5,I,SuPhamTinHoc
B00,26.5,I,SuPhamSinhHoc
A00,24.0,R,CongNgheThongTin_TruyenThong
A01,27.25,I,SuPhamKhoaHocTuNhien
C02,20.0,I,KhoaHocTuNhien
X01,23.0,S,XaHoiNhanVan
D01,26.5,S,GiaoDucTieuHoc
A01,26.25,I,SuPhamKhoaHocTuNhien
D01,21.0,E,Luat_KinhTe
B03,22.0,I,KhoaHocTuNhien
A01,25.5,S,XaHoiNhanVan
C01,26.75,S,GiaoDucTieuHoc
A01,27.5,I,SuPhamVatLy
A00,26.25,S,GiaoDucTieuHoc
C01,22.5,R,KyThuat_CongNghe
A00,26.5,S,GiaoDucTieuHoc
A01,20.75,I,KhoaHocTuNhien
D01,19.5,C,CongNgheThongTin_TruyenThong
A00,28.0,I,SuPhamToanHoc
D01,20.25,C,CongNgheThongTin_TruyenThong
A00,28.25,I,SuPhamToanHoc
B00,27.5,I,SuPhamKhoaHocTuNhien
C00,21.35,E,Luat_KinhTe
B00,19.75,I,KyThuat_CongNghe
A00,24.0,S,XaHoiNhanVan
D01,21.85,E,Luat_KinhTe
B00,25.75,I,SuPhamSinhHoc
C01,22.75,I,KyThuat_CongNghe
D01,26.75,S,SuPhamTiengPhap
A00,28.25,I,SuPhamToanHoc
D07,29.0,I,SuPhamToanHoc
D01,21.75,C,Luat_KinhTe
C02,25.25,E,Luat_KinhTe
D14,27.25,S,SuPhamTiengAnh
A00,27.75,I,SuPhamVatLy
A00,29.0,I,SuPhamVatLy
D15,24.25,A,NgoaiNgu
A00,28.0,I,SuPhamHoaHoc
D14,23.25,A,SuPhamTiengPhap
D01,20.5,I,NongNghiep_MoiTruong_ThuySan
A00,28.25,S,GiaoDucTieuHoc
D01,23.5,S,SuPhamTiengPhap
A00,28.5,I,SuPhamVatLy
D14,23.25,S,SuPhamTiengPhap
A00,27.75,I,SuPhamKhoaHocTuNhien
D01,23.5,A,NgoaiNgu
C01,25.0,E,Luat_KinhTe
D07,17.1,I,NongNghiep_MoiTruong_ThuySan
D01,20.0,I,KhoaHocTuNhien
C01,17.1,I,KyThuat_CongNghe
D09,24.1,A,NgoaiNgu
D01,25.25,A,SuPhamTiengPhap
A00,28.0,I,SuPhamToanHoc
D01,21.75,R,CongNgheThongTin_TruyenThong
D15,23.75,A,NgoaiNgu
D14,23.0,S,SuPhamTiengPhap
D01,18.0,C,CongNgheThongTin_TruyenThong
C01,26.5,S,GiaoDucTieuHoc
C02,24.0,E,Luat_KinhTe
D01,25.25,E,Luat_KinhTe
D01,23.25,A,NgoaiNgu
A00,21.2,E,Luat_KinhTe
D01,23.75,A,NgoaiNgu
B00,21.1,I,KhoaHocTuNhien
A00,26.5,I,SuPhamKhoaHocTuNhien
C02,18.75,R,NongNghiep_MoiTruong_ThuySan
A00,27.0,S,GiaoDucTieuHoc
A00,27.25,I,SuPhamHoaHoc
D01,24.5,A,NgoaiNgu
D01,25.5,I,SuPhamTinHoc
B00,27.25,I,SuPhamKhoaHocTuNhien
A00,16.85,I,NongNghiep_MoiTruong_ThuySan
D15,27.75,A,SuPhamTiengAnh
B00,26.5,I,SuPhamSinhHoc
C01,23.75,A,XaHoiNhanVan
B00,26.0,I,SuPhamSinhHoc
D01,27.0,S,SuPhamTiengAnh
A00,27.25,S,GiaoDucTieuHoc
D01,25.25,A,XaHoiNhanVan
A00,27.5,I,SuPhamHoaHoc
C02,21.0,S,XaHoiNhanVan
C01,24.75,E,Luat_KinhTe
D01,25.5,A,NgoaiNgu
A00,30.0,I,SuPhamToanHoc
A01,18.0,I,NongNghiep_MoiTruong_ThuySan
C01,24.75,A,XaHoiNhanVan
C01,23.35,A,XaHoiNhanVan
A00,27.5,I,SuPhamVatLy
D01,22.75,S,SuPhamTiengPhap
D01,23.25,A,SuPhamTiengPhap
C00,22.0,C,Luat_KinhTe
A01,28.25,I,SuPhamToanHoc
X01,22.0,C,Luat_KinhTe
C02,20.75,I,NongNghiep_MoiTruong_ThuySan
D01,23.5,A,SuPhamTiengPhap
D15,25.5,A,NgoaiNgu
D15,23.6,A,NgoaiNgu
D01,18.5,R,NongNghiep_MoiTruong_ThuySan
A00,29.25,I,SuPhamVatLy
B00,26.0,I,SuPhamSinhHoc
A00,18.1,R,NongNghiep_MoiTruong_ThuySan
C01,23.1,A,XaHoiNhanVan
A01,24.75,I,SuPhamTinHoc
D15,28.5,A,SuPhamTiengAnh
B00,26.0,I,SuPhamSinhHoc
D01,27.75,A,SuPhamTiengAnh
D01,21.5,I,KhoaHocTuNhien
C01,27.0,S,GiaoDucTieuHoc
A01,28.0,I,SuPhamVatLy
C01,23.25,S,XaHoiNhanVan
D01,27.0,S,SuPhamTiengAnh
D09,23.5,A,NgoaiNgu
A00,28.0,I,SuPhamHoaHoc
A00,27.75,I,SuPhamToanHoc
A01,26.5,I,SuPhamKhoaHocTuNhien
D07,23.5,R,CongNgheThongTin_TruyenThong
A00,27.35,I,SuPhamHoaHoc
A01,24.75,I,SuPhamTinHoc
D14,23.5,A,NgoaiNgu
A01,21.75,I,KyThuat_CongNghe
D01,27.5,S,SuPhamTiengAnh
D14,27.0,A,SuPhamTiengAnh
D01,24.5,I,KhoaHocTuNhien
A00,23.5,R,CongNgheThongTin_TruyenThong
D01,24.75,I,SuPhamTinHoc
A00,28.0,I,SuPhamHoaHoc
D01,19.5,I,KhoaHocTuNhien
D15,24.35,S,XaHoiNhanVan
D01,23.25,C,CongNgheThongTin_TruyenThong
A01,21.75,I,KyThuat_CongNghe
C01,20.25,I,KyThuat_CongNghe
D15,27.0,A,SuPhamTiengAnh
A00,19.5,I,CongNgheThongTin_TruyenThong
D14,25.25,S,SuPhamTiengPhap
D01,19.5,R,CongNgheThongTin_TruyenThong
D01,23.0,A,NgoaiNgu
C00,23.0,E,Luat_KinhTe
D01,23.25,A,NgoaiNgu
D01,25.25,S,SuPhamTiengPhap
A01,26.75,I,SuPhamKhoaHocTuNhien
A00,17.6,R,NongNghiep_MoiTruong_ThuySan
D14,25.25,A,NgoaiNgu
B03,26.5,I,SuPhamSinhHoc
D07,27.25,I,SuPhamHoaHoc
D01,25.5,R,CongNgheThongTin_TruyenThong
D01,21.5,I,KhoaHocTuNhien
B00,28.25,I,SuPhamHoaHoc
A00,27.25,I,SuPhamHoaHoc
D01,22.25,C,Luat_KinhTe
C01,20.5,C,Luat_KinhTe
A00,28.25,I,SuPhamToanHoc
X01,21.75,E,Luat_KinhTe
A00,27.25,I,SuPhamTinHoc
D01,21.75,I,KhoaHocTuNhien
C01,22.5,R,KyThuat_CongNghe
B03,25.75,I,SuPhamSinhHoc
A01,27.5,I,SuPhamVatLy
A00,27.5,S,GiaoDucTieuHoc
D01,27.0,A,SuPhamTiengAnh
A00,25.0,I,SuPhamTinHoc
A01,21.7,E,Luat_KinhTe
A00,28.5,I,SuPhamHoaHoc
C01,20.35,C,Luat_KinhTe
X01,25.0,A,XaHoiNhanVan
A00,28.0,I,SuPhamToanHoc
C02,17.5,R,NongNghiep_MoiTruong_ThuySan
A00,27.5,I,SuPhamKhoaHocTuNhien
D01,23.5,A,NgoaiNgu
D01,19.85,R,CongNgheThongTin_TruyenThong
A00,26.5,I,SuPhamKhoaHocTuNhien
D07,24.5,R,CongNgheThongTin_TruyenThong
A00,22.0,I,KhoaHocTuNhien
D01,25.5,A,NgoaiNgu
D01,24.5,A,NgoaiNgu
A00,24.5,I,SuPhamTinHoc
D14,23.75,A,NgoaiNgu
A01,21.6,I,KhoaHocTuNhien
D01,22.0,I,KhoaHocTuNhien
C01,26.75,S,GiaoDucTieuHoc
A00,29.5,I,SuPhamToanHoc
D07,27.75,I,SuPhamToanHoc
A00,20.5,I,KhoaHocTuNhien
C01,22.5,A,XaHoiNhanVan
C02,20.5,C,Luat_KinhTe
A00,26.5,S,GiaoDucTieuHoc
C01,24.0,R,KyThuat_CongNghe
X25,20.0,I,NongNghiep_MoiTruong_ThuySan
A01,27.0,I,SuPhamKhoaHocTuNhien
C01,19.0,I,KyThuat_CongNghe
A00,28.75,I,SuPhamToanHoc
D01,27.25,S,SuPhamTiengAnh
A00,28.5,I,SuPhamToanHoc
D14,25.0,A,SuPhamTiengPhap
B03,25.75,I,SuPhamSinhHoc
C02,18.75,I,NongNghiep_MoiTruong_ThuySan
C01,26.5,S,GiaoDucTieuHoc
A00,28.0,I,SuPhamToanHoc
D14,24.0,S,XaHoiNhanVan
D01,21.5,C,CongNgheThongTin_TruyenThong
A01,27.25,I,SuPhamVatLy
D14,27.75,A,SuPhamTiengAnh
D01,20.75,R,CongNgheThongTin_TruyenThong
D14,23.75,A,NgoaiNgu
A00,27.5,I,SuPhamHoaHoc
D15,28.75,A,SuPhamTiengAnh
D07,19.5,I,NongNghiep_MoiTruong_ThuySan
A01,24.1,R,KyThuat_CongNghe
B00,26.5,I,SuPhamSinhHoc
A01,27.5,I,SuPhamVatLy
C01,20.85,S,XaHoiNhanVan
D14,27.5,A,SuPhamTiengAnh
C01,26.25,S,GiaoDucTieuHoc
A00,28.0,I,SuPhamToanHoc
C01,21.75,E,Luat_KinhTe
C01,22.75,S,XaHoiNhanVan
D14,22.75,A,SuPhamTiengPhap
A01,22.25,I,KhoaHocTuNhien
D07,28.0,I,SuPhamToanHoc
A00,28.25,I,SuPhamKhoaHocTuNhien
C02,17.6,I,KhoaHocTuNhien
A00,27.25,I,SuPhamHoaHoc
D01,24.25,A,SuPhamTiengPhap
B03,25.75,I,SuPhamSinhHoc
A00,26.75,I,SuPhamKhoaHocTuNhien
C00,21.0,C,Luat_KinhTe
B03,25.75,I,SuPhamSinhHoc
C00,21.1,E,Luat_KinhTe
X01,22.75,C,Luat_KinhTe
A00,28.5,I,SuPhamHoaHoc
B00,27.0,I,SuPhamKhoaHocTuNhien
C02,21.0,E,Luat_KinhTe
C01,26.5,S,GiaoDucTieuHoc
D14,24.5,A,SuPhamTiengPhap
D14,23.5,A,SuPhamTiengPhap
A01,21.35,I,KyThuat_CongNghe
D01,21.25,C,CongNgheThongTin_TruyenThong
A00,24.6,I,KhoaHocTuNhien
D14,27.0,A,SuPhamTiengAnh
D01,25.75,I,SuPhamTinHoc
B00,25.75,I,SuPhamSinhHoc
C01,20.35,I,KyThuat_CongNghe
C02,19.5,R,NongNghiep_MoiTruong_ThuySan
A00,27.75,I,SuPhamHoaHoc
D01,23.75,E,Luat_KinhTe
A00,28.5,I,SuPhamHoaHoc
A00,28.0,I,SuPhamVatLy
A00,27.75,I,SuPhamHoaHoc
B00,27.0,I,SuPhamSinhHoc
B00,26.5,I,SuPhamSinhHoc
D01,19.75,E,Luat_KinhTe
A00,28.75,I,SuPhamVatLy
C01,27.5,S,GiaoDucTieuHoc
A00,27.75,I,SuPhamToanHoc
D01,22.75,S,SuPhamTiengPhap
A01,25.75,I,SuPhamTinHoc
D01,19.5,C,CongNgheThongTin_TruyenThong
C02,18.75,I,KhoaHocTuNhien
B00,21.5,I,KhoaHocTuNhien
A00,27.25,I,SuPhamKhoaHocTuNhien
A00,27.0,I,SuPhamKhoaHocTuNhien
X01,23.75,E,Luat_KinhTe
A01,27.75,I,SuPhamVatLy
A01,26.25,I,SuPhamKhoaHocTuNhien
C01,19.0,I,KyThuat_CongNghe
D14,23.25,A,SuPhamTiengPhap
A00,28.25,I,SuPhamVatLy
A00,27.25,I,SuPhamVatLy
D01,19.75,I,KhoaHocTuNhien
A01,24.75,I,SuPhamTinHoc
C01,21.25,I,KyThuat_CongNghe
C02,18.1,I,KhoaHocTuNhien
C01,20.1,C,KyThuat_CongNghe
D01,24.75,I,SuPhamTinHoc
A01,23.25,I,KhoaHocTuNhien
A00,28.5,I,SuPhamHoaHoc
A00,28.25,I,SuPhamHoaHoc
A01,26.5,I,SuPhamKhoaHocTuNhien
A00,27.25,I,SuPhamHoaHoc
A00,27.5,I,SuPhamHoaHoc
A00,22.25,R,CongNgheThongTin_TruyenThong
A00,29.0,I,SuPhamToanHoc
B00,27.25,I,SuPhamHoaHoc
D01,24.5,C,CongNgheThongTin_TruyenThong
D14,27.0,A,SuPhamTiengAnh
C02,22.5,I,KhoaHocTuNhien
D07,17.35,R,NongNghiep_MoiTruong_ThuySan
A01,19.75,R,CongNgheThongTin_TruyenThong
B00,27.75,I,SuPhamSinhHoc
C02,22.25,E,Luat_KinhTe
D14,24.1,A,NgoaiNgu
D01,20.25,R,CongNgheThongTin_TruyenThong
D01,19.25,I,KhoaHocTuNhien
A01,24.5,A,XaHoiNhanVan
D07,20.25,C,CongNgheThongTin_TruyenThong
C01,17.45,C,KyThuat_CongNghe
B03,25.75,I,SuPhamSinhHoc
A00,27.0,I,SuPhamKhoaHocTuNhien
B00,26.1,I,SuPhamSinhHoc
A00,27.25,I,SuPhamTinHoc
D01,23.25,A,NgoaiNgu
D01,24.5,I,SuPhamTinHoc
D15,23.5,A,NgoaiNgu
D01,22.25,I,KhoaHocTuNhien
A00,27.5,I,SuPhamHoaHoc
X01,24.5,E,Luat_KinhTe
C01,27.75,S,GiaoDucTieuHoc
C01,22.1,R,KyThuat_CongNghe
A01,26.75,I,SuPhamKhoaHocTuNhien
A01,23.25,R,CongNgheThongTin_TruyenThong
A00,27.25,I,SuPhamVatLy
A01,19.85,I,KyThuat_CongNghe
A00,24.75,I,SuPhamTinHoc
B00,17.35,I,NongNghiep_MoiTruong_ThuySan
D14,27.25,S,SuPhamTiengAnh
D14,23.5,A,NgoaiNgu
A00,26.25,I,SuPhamKhoaHocTuNhien
D01,24.5,I,SuPhamTinHoc
D01,25.0,I,SuPhamTinHoc
C01,22.0,C,KyThuat_CongNghe
D15,27.0,A,SuPhamTiengAnh
D01,20.25,I,KhoaHocTuNhien
C02,19.1,R,NongNghiep_MoiTruong_ThuySan
A01,28.5,I,SuPhamVatLy
A01,24.5,I,SuPhamTinHoc
C01,19.75,R,KyThuat_CongNghe
A00,27.75,I,SuPhamHoaHoc
A01,27.0,I,SuPhamKhoaHocTuNhien
A00,27.5,S,GiaoDucTieuHoc
C01,24.5,S,XaHoiNhanVan
C01,18.25,I,KyThuat_CongNghe
D01,21.0,I,KhoaHocTuNhien
A00,27.5,I,SuPhamVatLy
C02,21.25,I,NongNghiep_MoiTruong_ThuySan
A00,27.5,I,SuPhamVatLy
A01,20.5,C,KyThuat_CongNghe
D01,24.0,S,SuPhamTiengPhap
D14,24.0,A,NgoaiNgu
D01,23.5,A,NgoaiNgu
A00,26.5,S,GiaoDucTieuHoc
D01,25.0,R,CongNgheThongTin_TruyenThong
D01,25.25,S,SuPhamTiengPhap
D01,26.33,S,GiaoDucTieuHoc
A01,17.5,R,KyThuat_CongNghe
B00,18.6,I,NongNghiep_MoiTruong_ThuySan
A00,27.25,I,SuPhamHoaHoc
A01,28.0,I,SuPhamVatLy
A00,28.5,I,SuPhamVatLy
B00,27.0,I,SuPhamKhoaHocTuNhien
A01,18.35,C,KyThuat_CongNghe
D01,22.25,I,CongNgheThongTin_TruyenThong
B03,25.75,I,SuPhamSinhHoc
C01,19.25,I,KyThuat_CongNghe
D01,25.0,A,NgoaiNgu
C01,16.85,R,KyThuat_CongNghe
A00,27.75,I,SuPhamToanHoc
C01,15.85,I,KyThuat_CongNghe
D01,22.0,I,NongNghiep_MoiTruong_ThuySan
B00,27.25,I,SuPhamHoaHoc
C02,23.25,I,KhoaHocTuNhien
D07,29.0,I,SuPhamHoaHoc
A00,16.7,I,KyThuat_CongNghe
A00,24.5,I,SuPhamTinHoc
A01,27.25,I,SuPhamVatLy
D01,27.0,S,SuPhamTiengAnh
B00,26.75,I,SuPhamKhoaHocTuNhien
A00,27.0,I,SuPhamKhoaHocTuNhien
D15,23.75,A,NgoaiNgu
C01,19.6,E,Luat_KinhTe
B00,26.75,I,SuPhamSinhHoc
D01,25.25,S,SuPhamTiengPhap
A00,28.75,I,SuPhamVatLy
A00,28.5,I,SuPhamToanHoc
D01,27.75,S,SuPhamTiengAnh
C01,21.5,I,KyThuat_CongNghe
D01,27.5,A,SuPhamTiengAnh
D01,22.75,I,CongNgheThongTin_TruyenThong
B00,26.75,I,SuPhamKhoaHocTuNhien
A00,27.5,I,SuPhamHoaHoc
D01,23.5,A,NgoaiNgu
A00,28.25,I,SuPhamVatLy
D01,20.0,C,CongNgheThongTin_TruyenThong
B03,26.5,I,SuPhamSinhHoc
A00,28.75,I,SuPhamVatLy
B00,26.5,I,SuPhamSinhHoc
C02,25.5,E,Luat_KinhTe
D14,23.25,A,SuPhamTiengPhap
D01,20.75,I,CongNgheThongTin_TruyenThong
A00,28.25,I,SuPhamVatLy
C01,19.6,C,KyThuat_CongNghe
A00,28.75,I,SuPhamToanHoc
A00,25.75,I,SuPhamTinHoc
A00,27.5,I,SuPhamTinHoc
A01,19.75,C,KyThuat_CongNghe
B00,22.0,I,KyThuat_CongNghe
C01,26.25,S,GiaoDucTieuHoc
D15,25.5,A,NgoaiNgu
B03,26.25,I,SuPhamSinhHoc
A00,28.0,I,SuPhamToanHoc
A00,27.5,I,SuPhamHoaHoc
A00,18.6,I,KhoaHocTuNhien
A00,23.1,A,XaHoiNhanVan
B00,27.0,I,SuPhamKhoaHocTuNhien
D01,22.5,C,Luat_KinhTe
A00,26.75,S,GiaoDucTieuHoc
D01,25.5,I,SuPhamTinHoc
D01,18.75,R,NongNghiep_MoiTruong_ThuySan
D01,23.0,S,SuPhamTiengPhap
A00,27.5,S,GiaoDucTieuHoc
B03,26.0,I,SuPhamSinhHoc
D01,24.5,S,SuPhamTiengPhap
D01,26.75,S,GiaoDucTieuHoc
A00,28.0,I,SuPhamVatLy
A01,28.25,I,SuPhamToanHoc
D14,23.75,A,NgoaiNgu
A00,29.0,I,SuPhamVatLy
B03,26.5,I,SuPhamSinhHoc
C01,26.75,S,GiaoDucTieuHoc
D14,22.75,S,SuPhamTiengPhap
A01,19.85,I,KhoaHocTuNhien
A00,27.5,I,SuPhamHoaHoc
A00,28.25,I,SuPhamToanHoc
B00,26.75,I,SuPhamKhoaHocTuNhien
B00,20.5,I,KhoaHocTuNhien
A00,27.75,I,SuPhamKhoaHocTuNhien
A00,26.25,I,SuPhamTinHoc
C02,19.85,R,NongNghiep_MoiTruong_ThuySan
C01,20.25,I,KyThuat_CongNghe
C01,25.5,R,KyThuat_CongNghe
C01,18.25,I,KyThuat_CongNghe
C01,26.0,S,XaHoiNhanVan
A01,27.75,I,SuPhamVatLy
D01,23.75,S,SuPhamTiengPhap
A00,26.75,I,SuPhamKhoaHocTuNhien
D01,16.1,I,NongNghiep_MoiTruong_ThuySan
D15,28.25,S,SuPhamTiengAnh
A00,27.75,S,GiaoDucTieuHoc
C02,22.5,I,KhoaHocTuNhien
D01,25.0,A,NgoaiNgu
A00,24.6,C,KyThuat_CongNghe
D01,23.75,A,SuPhamTiengPhap
C01,19.5,R,KyThuat_CongNghe
C01,25.25,S,XaHoiNhanVan
D01,23.75,A,SuPhamTiengPhap
C01,21.0,E,Luat_KinhTe
D01,19.85,C,Luat_KinhTe
D01,26.75,S,GiaoDucTieuHoc
B00,27.0,I,SuPhamSinhHoc
A00,27.5,I,SuPhamHoaHoc
D01,19.25,I,NongNghiep_MoiTruong_ThuySan
D01,16.5,I,NongNghiep_MoiTruong_ThuySan
D01,21.25,R,NongNghiep_MoiTruong_ThuySan
B03,26.0,I,SuPhamSinhHoc
A01,22.5,C,KyThuat_CongNghe
D09,23.25,A,NgoaiNgu
D01,20.0,I,KhoaHocTuNhien
A00,28.0,I,SuPhamHoaHoc
C02,20.75,I,KhoaHocTuNhien
A00,26.5,I,SuPhamKhoaHocTuNhien
A01,17.25,I,KyThuat_CongNghe
D01,25.25,A,NgoaiNgu
D01,22.1,I,CongNgheThongTin_TruyenThong
C02,21.35,I,KhoaHocTuNhien
A00,28.5,I,SuPhamToanHoc
B00,26.5,I,SuPhamSinhHoc
D01,19.0,I,NongNghiep_MoiTruong_ThuySan
C01,20.75,C,Luat_KinhTe
A00,24.6,I,SuPhamTinHoc
A00,28.5,I,SuPhamToanHoc
A01,18.1,R,NongNghiep_MoiTruong_ThuySan
X06,21.05,I,KhoaHocTuNhien
A00,27.5,I,SuPhamVatLy
D09,23.5,A,NgoaiNgu
A00,26.25,I,SuPhamKhoaHocTuNhien
A00,27.75,I,SuPhamVatLy
X01,25.0,S,XaHoiNhanVan
D01,19.75,I,NongNghiep_MoiTruong_ThuySan
A00,19.75,I,KhoaHocTuNhien
C02,24.0,I,KhoaHocTuNhien
A00,27.75,S,GiaoDucTieuHoc
D01,25.75,S,SuPhamTiengPhap
D01,25.25,A,NgoaiNgu
B00,29.0,I,SuPhamSinhHoc
D14,26.75,S,XaHoiNhanVan
A00,28.0,I,SuPhamHoaHoc
D01,25.5,I,CongNgheThongTin_TruyenThong
D01,19.85,E,Luat_KinhTe
A01,29.0,I,SuPhamToanHoc
D01,20.25,R,NongNghiep_MoiTruong_ThuySan
C02,24.25,I,KhoaHocTuNhien
X25,19.5,I,NongNghiep_MoiTruong_ThuySan
A00,27.0,I,SuPhamTinHoc
C01,18.95,I,KyThuat_CongNghe
B00,27.75,I,SuPhamHoaHoc
A01,27.75,I,SuPhamVatLy
X01,23.1,C,Luat_KinhTe
A00,26.0,I,SuPhamKhoaHocTuNhien
A01,22.5,I,KhoaHocTuNhien
A00,24.0,C,Luat_KinhTe
D14,23.5,A,NgoaiNgu
B00,27.25,I,SuPhamSinhHoc
C01,18.6,I,KyThuat_CongNghe
A00,25.5,I,SuPhamTinHoc
D01,22.5,I,KhoaHocTuNhien
A01,27.5,I,SuPhamVatLy
D09,23.2,A,NgoaiNgu
B00,29.0,I,SuPhamHoaHoc
A00,27.6,I,SuPhamVatLy
D01,25.25,I,SuPhamTinHoc
C01,27.25,S,GiaoDucTieuHoc
D01,26.25,S,GiaoDucTieuHoc
A00,27.5,S,GiaoDucTieuHoc
B00,27.25,I,SuPhamHoaHoc
A00,25.5,I,SuPhamTinHoc
D01,26.25,S,GiaoDucTieuHoc
A00,27.75,I,SuPhamKhoaHocTuNhien
D01,25.25,I,SuPhamTinHoc
X25,23.1,I,NongNghiep_MoiTruong_ThuySan
C00,23.75,C,Luat_KinhTe
C02,24.75,I,KhoaHocTuNhien
A01,23.25,E,Luat_KinhTe
C02,24.75,I,KhoaHocTuNhien
A01,28.25,I,SuPhamVatLy
X01,19.0,S,XaHoiNhanVan
D01,19.0,C,Luat_KinhTe
D14,23.25,A,SuPhamTiengPhap
A00,27.5,I,SuPhamHoaHoc
D07,21.25,C,KyThuat_CongNghe
C01,24.25,A,XaHoiNhanVan
D01,23.0,A,XaHoiNhanVan
C01,19.6,E,Luat_KinhTe
D01,20.25,C,CongNgheThongTin_TruyenThong
B08,18.85,R,NongNghiep_MoiTruong_ThuySan
D01,22.75,S,SuPhamTiengPhap
D01,26.25,A,SuPhamTiengPhap
A00,27.25,S,GiaoDucTieuHoc
A00,28.25,S,GiaoDucTieuHoc
A00,25.25,I,SuPhamTinHoc
D01,27.75,A,SuPhamTiengAnh
A00,22.0,C,KyThuat_CongNghe
A01,19.0,I,KhoaHocTuNhien
A01,26.0,I,SuPhamTinHoc
A01,26.0,I,SuPhamKhoaHocTuNhien
D14,26.5,A,NgoaiNgu
A01,26.5,I,SuPhamKhoaHocTuNhien
B03,27.0,I,SuPhamSinhHoc
X01,23.1,S,XaHoiNhanVan
C01,23.75,A,XaHoiNhanVan
A01,20.0,I,KyThuat_CongNghe
D01,24.75,S,SuPhamTiengPhap
C01,19.75,R,KyThuat_CongNghe
X01,27.25,S,XaHoiNhanVan
A01,25.5,I,SuPhamTinHoc
B00,26.5,I,SuPhamSinhHoc
D01,22.5,I,CongNgheThongTin_TruyenThong
B00,26.5,I,SuPhamSinhHoc
D01,25.5,A,NgoaiNgu
A00,28.0,I,SuPhamVatLy
D14,27.75,A,SuPhamTiengAnh
D01,24.75,A,NgoaiNgu
C02,19.35,R,NongNghiep_MoiTruong_ThuySan
A01,27.25,I,SuPhamVatLy
X01,26.25,S,XaHoiNhanVan
C02,21.75,E,Luat_KinhTe
A01,28.0,I,SuPhamToanHoc
A00,27.5,I,SuPhamVatLy
A01,26.25,I,SuPhamKhoaHocTuNhien
C01,16.0,I,KyThuat_CongNghe
D14,24.25,A,NgoaiNgu
D01,26.25,I,SuPhamTinHoc
D01,24.75,A,SuPhamTiengPhap
X01,22.25,A,XaHoiNhanVan
D07,19.25,I,KhoaHocTuNhien
A01,27.75,I,SuPhamVatLy
D14,27.0,A,SuPhamTiengAnh
B00,22.75,I,KhoaHocTuNhien
C02,23.5,A,XaHoiNhanVan
B00,26.5,I,SuPhamKhoaHocTuNhien
C01,24.0,A,XaHoiNhanVan
D01,22.5,I,KhoaHocTuNhien
A01,27.5,I,SuPhamVatLy
D15,24.0,A,NgoaiNgu
C02,18.6,I,NongNghiep_MoiTruong_ThuySan
B00,27.5,I,SuPhamSinhHoc
D01,20.35,S,XaHoiNhanVan
A00,27.0,I,SuPhamKhoaHocTuNhien
A00,26.5,I,SuPhamKhoaHocTuNhien
C01,25.25,A,XaHoiNhanVan
C01,22.75,A,XaHoiNhanVan
C01,22.5,I,KyThuat_CongNghe
A00,26.75,S,GiaoDucTieuHoc
D01,27.0,S,SuPhamTiengAnh
A00,28.0,I,SuPhamToanHoc
B03,26.25,I,SuPhamSinhHoc
A00,21.25,I,NongNghiep_MoiTruong_ThuySan
A00,19.85,I,CongNgheThongTin_TruyenThong
C01,21.75,S,XaHoiNhanVan
C01,25.5,A,XaHoiNhanVan
A01,20.75,I,NongNghiep_MoiTruong_ThuySan
D14,28.5,A,SuPhamTiengAnh
A01,19.5,I,KhoaHocTuNhien
D01,20.0,C,CongNgheThongTin_TruyenThong
A01,27.25,I,SuPhamTinHoc
A01,18.25,R,NongNghiep_MoiTruong_ThuySan
B03,25.75,I,SuPhamSinhHoc
A00,27.25,I,SuPhamVatLy
A01,18.5,I,KhoaHocTuNhien
A00,28.0,I,SuPhamHoaHoc
A01,21.25,I,CongNgheThongTin_TruyenThong
B03,26.25,I,SuPhamSinhHoc
D15,23.75,A,XaHoiNhanVan
D01,21.5,I,KhoaHocTuNhien
D01,23.0,S,SuPhamTiengPhap
D14,27.0,S,SuPhamTiengAnh
D01,18.25,R,NongNghiep_MoiTruong_ThuySan
D01,24.5,I,SuPhamTinHoc
A01,27.25,I,SuPhamVatLy
C01,20.5,I,KyThuat_CongNghe
X26,19.25,C,CongNgheThongTin_TruyenThong
C01,21.25,I,KyThuat_CongNghe
A01,19.75,C,KyThuat_CongNghe
C01,26.5,S,GiaoDucTieuHoc
A00,22.75,C,CongNgheThongTin_TruyenThong
C01,26.75,S,GiaoDucTieuHoc
A00,28.25,I,SuPhamToanHoc
A00,27.25,I,SuPhamVatLy
A01,24.0,I,CongNgheThongTin_TruyenThong
D14,24.0,A,NgoaiNgu
D01,21.5,C,CongNgheThongTin_TruyenThong
B03,26.0,I,SuPhamSinhHoc
X25,21.25,R,NongNghiep_MoiTruong_ThuySan
C01,26.75,S,GiaoDucTieuHoc
A00,24.75,I,SuPhamTinHoc
B00,26.0,I,SuPhamSinhHoc
C01,24.5,A,XaHoiNhanVan
A00,27.75,I,SuPhamHoaHoc
D01,26.5,S,GiaoDucTieuHoc
B00,28.0,I,SuPhamHoaHoc
A00,27.25,I,SuPhamHoaHoc
C00,23.5,E,Luat_KinhTe
D14,26.5,S,SuPhamTiengPhap
A00,18.5,I,NongNghiep_MoiTruong_ThuySan
D01,19.5,I,CongNgheThongTin_TruyenThong
B00,27.5,I,SuPhamHoaHoc
D01,23.5,A,SuPhamTiengPhap
D01,23.75,I,NongNghiep_MoiTruong_ThuySan
A00,27.5,S,GiaoDucTieuHoc
A01,25.25,I,SuPhamTinHoc
A00,27.5,I,SuPhamVatLy
C01,25.25,A,XaHoiNhanVan
A00,28.25,I,SuPhamHoaHoc
A00,27.75,I,SuPhamHoaHoc
D15,27.75,A,SuPhamTiengAnh
C01,24.0,C,Luat_KinhTe
D01,23.25,R,NongNghiep_MoiTruong_ThuySan
D01,24.5,I,SuPhamTinHoc
B00,27.25,I,SuPhamHoaHoc
B00,26.0,I,SuPhamSinhHoc
D01,25.5,A,SuPhamTiengPhap
C01,26.25,S,GiaoDucTieuHoc
D01,20.5,I,KhoaHocTuNhien
D01,18.6,C,CongNgheThongTin_TruyenThong
C02,22.25,E,Luat_KinhTe
D15,28.25,S,SuPhamTiengAnh
B00,28.25,I,SuPhamHoaHoc
D01,21.6,I,KhoaHocTuNhien
D01,20.6,I,KhoaHocTuNhien
D01,18.5,I,NongNghiep_MoiTruong_ThuySan
A00,19.1,R,KyThuat_CongNghe
C01,18.75,C,Luat_KinhTe
A01,27.0,I,SuPhamKhoaHocTuNhien
C02,21.75,R,NongNghiep_MoiTruong_ThuySan
D01,24.0,A,SuPhamTiengPhap
A00,26.75,I,SuPhamKhoaHocTuNhien
A00,28.75,I,SuPhamHoaHoc
C01,25.5,S,XaHoiNhanVan
D15,27.25,A,SuPhamTiengAnh
A00,27.5,I,SuPhamVatLy
A00,26.75,S,GiaoDucTieuHoc
A00,24.75,I,SuPhamTinHoc
D01,19.5,I,KhoaHocTuNhien
B00,27.0,I,SuPhamKhoaHocTuNhien
D01,22.5,E,Luat_KinhTe
A01,26.0,I,KyThuat_CongNghe
B00,26.0,I,SuPhamSinhHoc
A00,19.75,R,CongNgheThongTin_TruyenThong
A00,23.5,A,XaHoiNhanVan
B00,26.0,I,SuPhamSinhHoc
D01,18.5,I,CongNgheThongTin_TruyenThong
C01,21.1,S,XaHoiNhanVan
D01,26.25,S,GiaoDucTieuHoc
C01,26.25,S,GiaoDucTieuHoc
B00,25.75,I,SuPhamSinhHoc
A00,27.5,I,SuPhamVatLy
C00,24.0,S,XaHoiNhanVan
A01,26.0,I,SuPhamKhoaHocTuNhien
D14,24.25,S,SuPhamTiengPhap
D01,21.5,C,CongNgheThongTin_TruyenThong
C01,26.5,S,GiaoDucTieuHoc
X01,22.0,S,XaHoiNhanVan
A01,21.25,I,KyThuat_CongNghe
D01,24.0,S,XaHoiNhanVan
B00,28.5,I,SuPhamHoaHoc
C02,22.0,I,NongNghiep_MoiTruong_ThuySan
C00,23.35,E,Luat_KinhTe
A00,25.85,I,SuPhamTinHoc
A00,27.5,I,SuPhamHoaHoc
D01,22.75,I,KhoaHocTuNhien
A00,27.5,I,SuPhamHoaHoc
B00,25.75,I,SuPhamSinhHoc
C02,19.5,C,Luat_KinhTe
X01,22.75,A,XaHoiNhanVan
A00,16.75,R,NongNghiep_MoiTruong_ThuySan
D01,22.25,A,XaHoiNhanVan
C01,17.25,R,KyThuat_CongNghe
X01,25.25,C,Luat_KinhTe
D01,22.25,R,NongNghiep_MoiTruong_ThuySan
D01,19.25,E,Luat_KinhTe
C01,17.95,C,KyThuat_CongNghe
X01,24.5,C,Luat_KinhTe
C02,23.75,A,XaHoiNhanVan
C02,20.25,I,KhoaHocTuNhien
A00,29.5,I,SuPhamToanHoc
A00,28.0,I,SuPhamVatLy
A00,29.25,I,SuPhamVatLy
B00,26.5,I,SuPhamKhoaHocTuNhien
A00,28.25,I,SuPhamVatLy
C01,22.0,I,KyThuat_CongNghe
C01,20.0,I,KyThuat_CongNghe
A00,27.75,I,SuPhamToanHoc
D01,22.85,S,SuPhamTiengPhap
D01,18.25,I,KhoaHocTuNhien
B00,27.25,I,SuPhamHoaHoc
D01,24.0,A,NgoaiNgu
D14,24.25,S,SuPhamTiengPhap
A00,27.25,I,SuPhamVatLy
C01,25.5,E,Luat_KinhTe
A01,26.5,I,SuPhamKhoaHocTuNhien
X25,23.5,S,XaHoiNhanVan
D01,26.0,I,SuPhamTinHoc
C01,23.5,A,XaHoiNhanVan
B00,28.25,I,SuPhamHoaHoc
B03,27.0,I,SuPhamSinhHoc
C01,24.0,E,Luat_KinhTe
A00,18.35,R,KyThuat_CongNghe
A00,29.25,I,SuPhamVatLy
A00,26.75,I,SuPhamKhoaHocTuNhien
A00,28.25,I,SuPhamToanHoc
C01,24.0,C,Luat_KinhTe
C01,23.1,I,KyThuat_CongNghe
D14,22.75,A,SuPhamTiengPhap
A00,27.5,I,SuPhamHoaHoc
D07,16.95,I,KyThuat_CongNghe
A00,26.5,I,SuPhamTinHoc
X01,25.1,E,Luat_KinhTe
D01,26.0,C,CongNgheThongTin_TruyenThong
D14,24.1,S,SuPhamTiengPhap
D01,27.5,S,SuPhamTiengAnh
A01,27.25,I,SuPhamVatLy
B00,25.6,I,SuPhamSinhHoc
A00,27.0,S,GiaoDucTieuHoc
A00,27.25,I,SuPhamVatLy
D14,19.6,A,XaHoiNhanVan
A01,29.0,I,SuPhamToanHoc
B03,26.0,I,SuPhamSinhHoc
A00,27.5,I,SuPhamVatLy
D01,24.75,I,SuPhamTinHoc
A00,16.35,R,NongNghiep_MoiTruong_ThuySan
D15,27.5,S,SuPhamTiengAnh
D01,23.5,A,NgoaiNgu
A00,28.0,I,SuPhamHoaHoc
C01,27.0,S,GiaoDucTieuHoc
C01,26.5,S,GiaoDucTieuHoc
D01,21.1,I,CongNgheThongTin_TruyenThong
A01,15.25,I,NongNghiep_MoiTruong_ThuySan
X25,17.5,I,NongNghiep_MoiTruong_ThuySan
D01,27.25,A,SuPhamTiengAnh
D07,18.0,I,NongNghiep_MoiTruong_ThuySan
C01,22.1,C,KyThuat_CongNghe
D14,24.75,S,SuPhamTiengPhap
C02,24.5,S,XaHoiNhanVan
B00,26.1,I,SuPhamSinhHoc
A00,28.0,I,SuPhamToanHoc
B00,27.25,I,SuPhamHoaHoc
D01,23.75,I,KhoaHocTuNhien
D01,27.0,S,SuPhamTiengAnh
B03,26.75,I,SuPhamSinhHoc
D01,23.0,A,NgoaiNgu
D14,27.25,A,SuPhamTiengAnh
A00,27.25,I,SuPhamVatLy
A00,28.75,S,GiaoDucTieuHoc
C02,18.35,I,NongNghiep_MoiTruong_ThuySan
D01,27.25,S,SuPhamTiengAnh
A00,28.0,I,SuPhamToanHoc
C02,23.25,S,XaHoiNhanVan
A00,24.5,I,SuPhamTinHoc
B00,27.25,I,SuPhamKhoaHocTuNhien
D01,23.25,I,KhoaHocTuNhien
A00,28.75,I,SuPhamHoaHoc
D01,22.0,R,NongNghiep_MoiTruong_ThuySan
D14,23.75,A,NgoaiNgu
D15,23.75,A,NgoaiNgu
A00,27.5,I,SuPhamVatLy
D01,24.5,I,KhoaHocTuNhien
D01,23.0,C,CongNgheThongTin_TruyenThong
A01,28.0,I,SuPhamToanHoc
A00,27.75,I,SuPhamHoaHoc
B00,22.35,R,KyThuat_CongNghe
D01,18.6,I,NongNghiep_MoiTruong_ThuySan
A00,27.75,I,SuPhamToanHoc
B00,26.5,I,SuPhamKhoaHocTuNhien
D01,21.25,I,KhoaHocTuNhien
A00,25.75,C,CongNgheThongTin_TruyenThong
D01,22.75,R,NongNghiep_MoiTruong_ThuySan
A01,25.0,C,CongNgheThongTin_TruyenThong
X01,23.5,C,Luat_KinhTe
A00,24.5,I,SuPhamTinHoc
D01,25.25,A,NgoaiNgu
C00,25.25,A,XaHoiNhanVan
A00,29.25,I,SuPhamToanHoc
A00,27.5,I,SuPhamVatLy
D01,21.5,I,KhoaHocTuNhien
A00,27.25,I,SuPhamHoaHoc
D15,27.25,S,SuPhamTiengAnh
D01,18.85,I,KhoaHocTuNhien
C02,20.25,R,NongNghiep_MoiTruong_ThuySan
C01,26.25,S,GiaoDucTieuHoc
D01,17.75,I,NongNghiep_MoiTruong_ThuySan
B00,27.0,I,SuPhamKhoaHocTuNhien
B03,25.75,I,SuPhamSinhHoc
A01,21.85,R,CongNgheThongTin_TruyenThong
X01,21.1,S,XaHoiNhanVan
C01,23.0,A,XaHoiNhanVan
A00,25.0,I,SuPhamTinHoc
A00,27.75,I,SuPhamVatLy
A00,28.5,I,SuPhamHoaHoc
A00,26.5,I,CongNgheThongTin_TruyenThong
D14,25.5,S,SuPhamTiengPhap
C00,20.5,C,Luat_KinhTe
D14,27.0,S,SuPhamTiengAnh
A01,26.75,I,SuPhamKhoaHocTuNhien
D07,17.35,R,NongNghiep_MoiTruong_ThuySan
D01,27.5,A,SuPhamTiengAnh
C01,25.25,S,XaHoiNhanVan
D01,22.75,S,SuPhamTiengPhap
D14,24.5,A,NgoaiNgu
D01,25.0,E,Luat_KinhTe
D01,23.75,I,KhoaHocTuNhien
A01,28.25,I,SuPhamVatLy
C01,26.25,S,GiaoDucTieuHoc
D01,20.75,C,CongNgheThongTin_TruyenThong
A00,26.5,I,SuPhamKhoaHocTuNhien
D07,25.5,I,SuPhamTinHoc
C01,19.7,E,Luat_KinhTe
A00,22.1,E,Luat_KinhTe
A00,28.0,I,SuPhamVatLy
A00,28.0,I,SuPhamHoaHoc
X01,21.75,A,XaHoiNhanVan
X25,16.35,I,NongNghiep_MoiTruong_ThuySan
B00,25.75,I,SuPhamSinhHoc
A00,24.5,I,SuPhamTinHoc
B03,25.75,I,SuPhamSinhHoc
A00,28.75,I,SuPhamVatLy
D14,24.25,A,NgoaiNgu
D01,23.0,R,NongNghiep_MoiTruong_ThuySan
D01,21.0,C,CongNgheThongTin_TruyenThong
D01,26.75,S,GiaoDucTieuHoc
B00,26.0,I,SuPhamKhoaHocTuNhien
D01,21.0,C,CongNgheThongTin_TruyenThong
D01,22.5,I,CongNgheThongTin_TruyenThong
C02,15.1,I,NongNghiep_MoiTruong_ThuySan
A00,23.0,S,XaHoiNhanVan
C01,19.25,R,KyThuat_CongNghe
D01,23.25,S,SuPhamTiengPhap
A00,28.0,I,SuPhamToanHoc
C01,21.25,C,Luat_KinhTe
A00,27.5,I,SuPhamHoaHoc
D01,26.75,A,NgoaiNgu
A00,27.75,I,SuPhamVatLy
C02,22.6,I,KhoaHocTuNhien
A00,27.5,I,SuPhamHoaHoc
D01,21.25,I,KhoaHocTuNhien
D01,26.0,A,SuPhamTiengPhap
A00,24.6,I,SuPhamTinHoc
A01,27.75,I,SuPhamToanHoc
C00,20.85,C,Luat_KinhTe
C01,29.0,S,GiaoDucTieuHoc
X01,19.85,E,Luat_KinhTe
D14,27.75,A,SuPhamTiengAnh
C01,19.75,C,KyThuat_CongNghe
A00,27.25,I,SuPhamVatLy
D01,18.6,E,Luat_KinhTe
D09,24.5,A,NgoaiNgu
B00,27.25,I,SuPhamSinhHoc
D01,19.75,I,CongNgheThongTin_TruyenThong
D01,24.5,I,SuPhamTinHoc
B03,25.75,I,SuPhamSinhHoc
A00,19.1,I,NongNghiep_MoiTruong_ThuySan
A00,27.75,I,SuPhamHoaHoc
X70,25.5,S,XaHoiNhanVan
A01,28.5,I,SuPhamToanHoc
A00,28.0,I,SuPhamToanHoc
B00,26.5,I,SuPhamSinhHoc
A01,25.25,I,SuPhamTinHoc
C01,16.75,R,KyThuat_CongNghe
C02,19.0,I,KhoaHocTuNhien
A01,27.75,I,SuPhamToanHoc
B00,21.25,I,NongNghiep_MoiTruong_ThuySan
A00,27.25,I,SuPhamHoaHoc
D01,18.75,I,KhoaHocTuNhien
A01,18.0,R,CongNgheThongTin_TruyenThong
A00,25.75,A,XaHoiNhanVan
C02,20.25,E,Luat_KinhTe
B00,28.5,I,SuPhamHoaHoc
B00,26.75,I,SuPhamSinhHoc
A01,28.5,I,SuPhamToanHoc
D01,23.25,A,NgoaiNgu
A01,25.5,I,SuPhamTinHoc
C00,23.5,C,Luat_KinhTe
D01,21.25,C,CongNgheThongTin_TruyenThong
A00,28.0,I,SuPhamHoaHoc
B00,27.5,I,SuPhamSinhHoc
D01,21.5,I,KhoaHocTuNhien
A01,24.25,R,CongNgheThongTin_TruyenThong
D01,24.5,I,KhoaHocTuNhien
C01,26.25,S,GiaoDucTieuHoc
B03,25.75,I,SuPhamSinhHoc
C01,22.0,C,KyThuat_CongNghe
C01,21.6,C,Luat_KinhTe
A00,26.75,I,SuPhamTinHoc
D01,20.25,I,NongNghiep_MoiTruong_ThuySan
B00,27.5,I,SuPhamSinhHoc
D01,23.0,A,SuPhamTiengPhap
D01,25.25,A,NgoaiNgu
C01,27.75,S,GiaoDucTieuHoc
A01,24.75,I,SuPhamTinHoc
D14,23.0,A,SuPhamTiengPhap
X25,17.75,I,NongNghiep_MoiTruong_ThuySan
C02,24.5,S,XaHoiNhanVan
D01,23.25,S,SuPhamTiengPhap
C01,22.25,R,KyThuat_CongNghe
D01,24.5,A,NgoaiNgu
D01,20.25,I,CongNgheThongTin_TruyenThong
D14,23.75,S,SuPhamTiengPhap
D01,25.0,I,KhoaHocTuNhien
A01,22.5,C,CongNgheThongTin_TruyenThong
D01,23.75,A,NgoaiNgu
A01,26.0,I,SuPhamTinHoc
D01,27.0,A,SuPhamTiengAnh
C02,26.0,A,XaHoiNhanVan
D01,23.75,A,NgoaiNgu
D01,24.5,I,CongNgheThongTin_TruyenThong
A00,28.25,I,SuPhamHoaHoc
D09,24.35,A,NgoaiNgu
D14,24.0,A,NgoaiNgu
A01,18.0,C,KyThuat_CongNghe
D01,21.0,R,CongNgheThongTin_TruyenThong
C02,20.25,I,KhoaHocTuNhien
D01,24.75,I,SuPhamTinHoc
B00,27.25,I,SuPhamHoaHoc
D14,26.5,A,NgoaiNgu
A00,26.75,I,SuPhamKhoaHocTuNhien
D01,23.75,A,NgoaiNgu
A00,26.75,I,SuPhamTinHoc
C01,24.75,A,XaHoiNhanVan
C01,21.5,E,Luat_KinhTe
D01,23.25,I,CongNgheThongTin_TruyenThong
C01,24.1,R,KyThuat_CongNghe
C01,25.0,S,XaHoiNhanVan
D01,27.25,A,NgoaiNgu
A00,29.0,I,SuPhamVatLy
X74,22.0,A,XaHoiNhanVan
C01,19.25,R,KyThuat_CongNghe
D01,22.0,S,XaHoiNhanVan
A01,28.0,I,SuPhamVatLy
A00,27.25,I,SuPhamVatLy
A00,26.25,S,GiaoDucTieuHoc
D01,24.25,S,SuPhamTiengPhap
D14,24.0,A,NgoaiNgu
D01,23.5,A,SuPhamTiengPhap
C01,22.35,C,KyThuat_CongNghe
D01,25.25,I,SuPhamTinHoc
D01,20.75,I,KhoaHocTuNhien
C01,20.0,C,KyThuat_CongNghe
D15,27.0,S,SuPhamTiengAnh
B00,27.0,I,SuPhamSinhHoc
D01,21.0,I,NongNghiep_MoiTruong_ThuySan
D01,27.0,S,GiaoDucTieuHoc
A00,28.75,I,SuPhamHoaHoc
A00,27.25,I,SuPhamHoaHoc
D01,26.25,A,NgoaiNgu
D01,25.0,I,CongNgheThongTin_TruyenThong
D01,24.5,I,SuPhamTinHoc
D14,23.75,A,NgoaiNgu
D01,23.25,C,CongNgheThongTin_TruyenThong
D01,26.25,S,GiaoDucTieuHoc
A00,28.0,I,SuPhamToanHoc
A01,17.25,I,NongNghiep_MoiTruong_ThuySan
A00,28.5,I,SuPhamHoaHoc
X70,21.1,A,XaHoiNhanVan
A00,23.25,S,XaHoiNhanVan
A00,27.5,I,SuPhamVatLy
A00,20.35,C,CongNgheThongTin_TruyenThong
C01,20.35,E,Luat_KinhTe
D01,25.5,A,NgoaiNgu
C01,23.75,E,Luat_KinhTe
D14,25.75,A,SuPhamTiengPhap
D01,28.0,A,SuPhamTiengAnh
D14,24.0,A,NgoaiNgu
B00,27.25,I,SuPhamHoaHoc
D01,27.0,A,SuPhamTiengAnh
A00,26.5,I,SuPhamKhoaHocTuNhien
A01,25.25,R,CongNgheThongTin_TruyenThong
B00,27.0,I,SuPhamSinhHoc
A00,26.5,I,SuPhamKhoaHocTuNhien
A00,28.0,I,SuPhamToanHoc
A00,27.5,I,SuPhamHoaHoc
D01,24.0,A,NgoaiNgu
A00,27.75,I,SuPhamToanHoc
B00,28.75,I,SuPhamKhoaHocTuNhien
C01,19.0,I,KyThuat_CongNghe
A00,27.0,I,SuPhamKhoaHocTuNhien
B00,26.25,I,SuPhamSinhHoc
D01,25.25,A,NgoaiNgu
D01,27.5,S,SuPhamTiengAnh
D01,26.25,S,GiaoDucTieuHoc
B00,27.5,I,SuPhamHoaHoc
B00,28.25,I,SuPhamHoaHoc
A00,24.25,I,KhoaHocTuNhien
A00,26.25,S,GiaoDucTieuHoc
D01,23.5,S,SuPhamTiengPhap
D01,27.25,A,SuPhamTiengAnh
D01,25.25,I,SuPhamTinHoc
D01,25.5,A,SuPhamTiengPhap
D01,18.25,I,KhoaHocTuNhien
D01,19.0,C,Luat_KinhTe
A01,18.5,I,KhoaHocTuNhien
D01,18.25,R,NongNghiep_MoiTruong_ThuySan
A00,28.0,I,SuPhamVatLy
A01,26.25,I,SuPhamTinHoc
C01,15.2,R,KyThuat_CongNghe
B00,26.5,I,SuPhamSinhHoc
A00,28.0,I,SuPhamToanHoc
A01,25.0,I,SuPhamTinHoc
D14,23.25,A,SuPhamTiengPhap
A00,27.5,I,SuPhamKhoaHocTuNhien
A00,28.75,I,SuPhamToanHoc
B03,26.25,I,SuPhamSinhHoc
A00,27.25,I,SuPhamVatLy
B00,21.5,I,KhoaHocTuNhien
D01,27.0,S,SuPhamTiengAnh
A00,27.5,S,GiaoDucTieuHoc
B03,26.5,I,SuPhamSinhHoc
X01,19.5,E,Luat_KinhTe
B00,22.0,I,KhoaHocTuNhien
D01,18.75,I,KhoaHocTuNhien
D01,19.75,C,CongNgheThongTin_TruyenThong
A00,27.5,I,SuPhamVatLy
A00,28.5,I,SuPhamVatLy
D15,28.0,S,SuPhamTiengAnh
D01,23.25,A,SuPhamTiengPhap
A00,28.5,I,SuPhamHoaHoc
D01,23.5,A,SuPhamTiengPhap
A01,24.75,I,SuPhamTinHoc
B03,28.25,I,SuPhamSinhHoc
D01,26.0,I,SuPhamTinHoc
D01,21.75,R,NongNghiep_MoiTruong_ThuySan
A01,26.75,I,SuPhamKhoaHocTuNhien
D07,18.75,C,KyThuat_CongNghe
B03,26.25,I,SuPhamSinhHoc
A01,27.75,I,SuPhamVatLy
B00,28.25,I,SuPhamHoaHoc
D01,22.25,I,KhoaHocTuNhien
A00,28.75,I,SuPhamToanHoc
D01,25.25,I,SuPhamTinHoc
C02,19.6,I,KhoaHocTuNhien
D01,21.75,R,CongNgheThongTin_TruyenThong
D01,25.0,S,SuPhamTiengPhap
A00,26.75,I,SuPhamKhoaHocTuNhien
A01,24.5,I,SuPhamTinHoc
D14,24.0,S,SuPhamTiengPhap
D01,25.0,A,NgoaiNgu
A00,29.0,I,SuPhamHoaHoc
B00,26.25,I,SuPhamSinhHoc
C02,20.0,R,NongNghiep_MoiTruong_ThuySan
D01,26.5,A,SuPhamTiengPhap
D14,27.5,A,SuPhamTiengAnh
D15,25.0,A,NgoaiNgu
A01,23.25,C,Luat_KinhTe
A01,25.0,I,SuPhamTinHoc
D01,17.25,I,KhoaHocTuNhien
A01,26.75,I,SuPhamTinHoc
D01,20.75,I,KhoaHocTuNhien
D01,21.75,R,CongNgheThongTin_TruyenThong
A00,29.0,I,SuPhamToanHoc
D01,21.75,I,NongNghiep_MoiTruong_ThuySan
D15,27.25,S,SuPhamTiengAnh
C02,18.5,E,Luat_KinhTe
D14,23.0,A,NgoaiNgu
D14,23.5,S,SuPhamTiengPhap
X01,19.85,C,Luat_KinhTe
B03,26.5,I,SuPhamSinhHoc
A00,27.75,I,SuPhamHoaHoc
A00,28.0,I,SuPhamToanHoc
A00,27.75,I,SuPhamToanHoc
D01,22.85,R,NongNghiep_MoiTruong_ThuySan
A00,28.0,I,SuPhamVatLy
C01,26.5,S,GiaoDucTieuHoc
A01,28.0,I,SuPhamToanHoc
X01,21.25,A,XaHoiNhanVan
A00,28.5,I,SuPhamToanHoc
A00,28.25,I,SuPhamToanHoc
A00,27.5,I,SuPhamHoaHoc
A01,26.0,I,SuPhamKhoaHocTuNhien
A00,27.0,S,GiaoDucTieuHoc
A01,26.75,I,SuPhamKhoaHocTuNhien
C01,24.25,C,KyThuat_CongNghe
A00,21.0,C,KyThuat_CongNghe
D15,24.0,A,NgoaiNgu
B03,26.25,I,SuPhamSinhHoc
A00,27.75,I,SuPhamVatLy
D09,24.5,A,NgoaiNgu
X70,20.75,S,XaHoiNhanVan
C00,24.25,A,XaHoiNhanVan
A00,20.25,R,KyThuat_CongNghe
A00,27.75,I,SuPhamVatLy
D01,24.5,I,SuPhamTinHoc
A00,22.75,C,CongNgheThongTin_TruyenThong
A00,27.75,I,SuPhamToanHoc
C01,26.25,S,GiaoDucTieuHoc
D01,27.0,A,SuPhamTiengAnh
C01,22.1,S,XaHoiNhanVan
C02,17.85,I,NongNghiep_MoiTruong_ThuySan
D14,22.75,A,SuPhamTiengPhap
D01,23.75,C,Luat_KinhTe
A01,27.75,I,SuPhamToanHoc
C02,19.85,R,NongNghiep_MoiTruong_ThuySan
A00,28.75,I,SuPhamToanHoc
D01,21.5,E,Luat_KinhTe
A00,27.25,I,SuPhamKhoaHocTuNhien
D01,22.5,E,Luat_KinhTe
D15,27.0,S,SuPhamTiengAnh
A00,26.0,I,SuPhamKhoaHocTuNhien
D01,24.0,A,NgoaiNgu
D01,22.35,I,KhoaHocTuNhien
D01,22.75,R,CongNgheThongTin_TruyenThong
D01,23.0,I,KhoaHocTuNhien
B00,26.0,I,SuPhamSinhHoc
D01,17.85,I,NongNghiep_MoiTruong_ThuySan
D14,27.5,S,SuPhamTiengAnh
A01,21.75,R,CongNgheThongTin_TruyenThong
D01,26.25,S,GiaoDucTieuHoc
A00,25.5,I,SuPhamTinHoc
B00,27.75,I,SuPhamHoaHoc
C01,26.75,S,GiaoDucTieuHoc
X25,19.85,R,NongNghiep_MoiTruong_ThuySan
A01,22.25,I,KhoaHocTuNhien
X01,19.6,C,Luat_KinhTe
A01,23.75,C,Luat_KinhTe
D01,24.0,A,NgoaiNgu
D01,25.25,I,SuPhamTinHoc
A01,17.35,I,NongNghiep_MoiTruong_ThuySan
D14,27.0,S,SuPhamTiengAnh
A00,23.0,S,XaHoiNhanVan
A01,28.75,I,SuPhamVatLy
B00,25.75,I,SuPhamSinhHoc
A01,20.25,R,CongNgheThongTin_TruyenThong
D14,23.25,A,NgoaiNgu
C02,25.5,S,XaHoiNhanVan
B00,25.75,I,SuPhamSinhHoc
C00,20.5,E,Luat_KinhTe
D01,24.75,A,NgoaiNgu
A01,27.75,I,SuPhamVatLy
A00,27.0,I,SuPhamKhoaHocTuNhien
D01,20.0,I,CongNgheThongTin_TruyenThong
A01,19.75,I,NongNghiep_MoiTruong_ThuySan
A01,27.5,I,SuPhamVatLy
D01,25.25,S,SuPhamTiengPhap
D01,21.85,R,CongNgheThongTin_TruyenThong
C01,17.0,I,KyThuat_CongNghe
D01,23.25,C,CongNgheThongTin_TruyenThong
C01,19.75,E,Luat_KinhTe
A00,28.5,I,SuPhamVatLy
D01,24.5,I,SuPhamTinHoc
B00,26.75,I,SuPhamSinhHoc
D14,24.25,A,SuPhamTiengPhap
C01,25.0,C,KyThuat_CongNghe
D01,19.75,E,Luat_KinhTe
A00,28.0,I,SuPhamVatLy
B00,20.0,R,KyThuat_CongNghe
A00,27.25,I,SuPhamTinHoc
A01,21.25,I,KhoaHocTuNhien
A00,27.75,I,SuPhamToanHoc
C01,26.25,S,GiaoDucTieuHoc
A00,27.5,I,SuPhamHoaHoc
B00,26.0,I,SuPhamSinhHoc
A00,27.0,I,SuPhamKhoaHocTuNhien
C01,16.6,R,KyThuat_CongNghe
D01,25.0,I,SuPhamTinHoc
A00,28.25,I,SuPhamToanHoc
D01,22.75,I,KhoaHocTuNhien
D01,18.0,I,NongNghiep_MoiTruong_ThuySan
B00,27.0,I,SuPhamSinhHoc
C01,26.5,S,GiaoDucTieuHoc
A00,21.25,R,CongNgheThongTin_TruyenThong
B03,21.25,I,KhoaHocTuNhien
D01,23.75,A,NgoaiNgu
C01,24.0,S,XaHoiNhanVan
A00,28.5,I,SuPhamToanHoc
D01,24.75,I,SuPhamTinHoc
A00,27.5,I,SuPhamVatLy
D01,24.0,S,SuPhamTiengPhap
B00,24.75,I,KhoaHocTuNhien
A01,27.75,I,SuPhamToanHoc
D01,19.85,I,KhoaHocTuNhien
A00,20.1,R,CongNgheThongTin_TruyenThong
D01,20.1,I,CongNgheThongTin_TruyenThong
C01,22.0,R,KyThuat_CongNghe
D07,22.5,C,KyThuat_CongNghe
A01,19.75,R,NongNghiep_MoiTruong_ThuySan
B00,18.45,R,KyThuat_CongNghe
D01,20.1,C,Luat_KinhTe
D01,23.25,A,SuPhamTiengPhap
B00,28.25,I,SuPhamHoaHoc
D01,23.1,S,SuPhamTiengPhap
A00,26.75,I,SuPhamKhoaHocTuNhien
A01,23.0,R,CongNgheThongTin_TruyenThong
A00,28.5,I,SuPhamToanHoc
A00,20.0,I,CongNgheThongTin_TruyenThong
D01,24.5,I,SuPhamTinHoc
B00,28.25,I,SuPhamKhoaHocTuNhien
D14,25.0,A,NgoaiNgu
A01,28.25,I,SuPhamToanHoc
D01,23.25,I,KhoaHocTuNhien
D01,22.25,I,CongNgheThongTin_TruyenThong
D01,24.75,A,NgoaiNgu
B00,29.0,I,SuPhamSinhHoc
A01,25.75,S,XaHoiNhanVan
A01,26.25,I,SuPhamKhoaHocTuNhien
C02,19.25,R,NongNghiep_MoiTruong_ThuySan
B00,28.25,I,SuPhamSinhHoc
B00,22.6,C,KyThuat_CongNghe
B03,25.75,I,SuPhamSinhHoc
A00,27.25,I,SuPhamVatLy
A00,20.35,R,CongNgheThongTin_TruyenThong
A00,24.75,I,SuPhamTinHoc
D01,18.75,I,CongNgheThongTin_TruyenThong
A00,28.5,I,SuPhamToanHoc
A00,29.25,I,SuPhamVatLy
D01,23.0,S,SuPhamTiengPhap
D01,23.75,A,SuPhamTiengPhap
B00,27.35,I,SuPhamHoaHoc
D14,23.0,S,SuPhamTiengPhap
B03,27.5,I,SuPhamSinhHoc
B03,26.75,I,SuPhamSinhHoc
A00,27.5,I,SuPhamHoaHoc
B00,27.25,I,SuPhamHoaHoc
A00,25.0,I,SuPhamTinHoc
D14,23.5,A,NgoaiNgu
B00,25.75,I,SuPhamSinhHoc
C02,23.5,E,Luat_KinhTe
C01,22.6,S,XaHoiNhanVan
D01,20.75,R,CongNgheThongTin_TruyenThong
D01,24.5,A,NgoaiNgu
A01,25.75,I,SuPhamTinHoc
C01,19.75,I,KyThuat_CongNghe
A00,27.75,I,SuPhamToanHoc
B03,25.75,I,SuPhamSinhHoc
X70,25.5,S,XaHoiNhanVan
B00,19.85,R,NongNghiep_MoiTruong_ThuySan
C01,20.75,E,Luat_KinhTe
B00,28.25,I,SuPhamHoaHoc
C01,23.75,E,Luat_KinhTe
D01,21.75,R,NongNghiep_MoiTruong_ThuySan
B03,25.75,I,SuPhamSinhHoc
D01,25.75,I,SuPhamTinHoc
A00,27.25,I,SuPhamHoaHoc
D14,23.5,A,NgoaiNgu
A00,27.75,I,SuPhamVatLy
C00,28.5,E,Luat_KinhTe
D01,19.5,I,KhoaHocTuNhien
D15,24.75,A,NgoaiNgu
A00,27.5,I,SuPhamHoaHoc
X01,18.6,C,Luat_KinhTe
A00,26.25,I,SuPhamTinHoc
A00,26.5,I,SuPhamTinHoc
A01,27.5,I,SuPhamVatLy
B00,18.45,C,KyThuat_CongNghe
A00,28.25,I,SuPhamToanHoc
D01,23.25,A,SuPhamTiengPhap
C00,20.5,S,XaHoiNhanVan
B00,27.25,I,SuPhamHoaHoc
D01,20.75,C,CongNgheThongTin_TruyenThong
X01,20.75,E,Luat_KinhTe
D15,28.25,S,SuPhamTiengAnh
X25,17.75,I,NongNghiep_MoiTruong_ThuySan
A01,17.25,I,KyThuat_CongNghe
D01,17.5,I,NongNghiep_MoiTruong_ThuySan
A00,27.5,I,SuPhamVatLy
A00,29.5,I,SuPhamToanHoc
D14,24.5,S,XaHoiNhanVan
A01,21.0,I,KyThuat_CongNghe
D07,25.5,I,SuPhamTinHoc
D14,26.25,A,SuPhamTiengPhap
A00,27.5,I,SuPhamVatLy
A01,26.0,I,SuPhamTinHoc
A00,27.75,I,SuPhamVatLy
A00,28.75,I,SuPhamToanHoc
D07,24.75,I,SuPhamTinHoc
D01,24.5,I,SuPhamTinHoc
D01,23.0,A,NgoaiNgu
D01,18.75,R,NongNghiep_MoiTruong_ThuySan
B03,25.6,I,SuPhamSinhHoc
A01,22.5,C,Luat_KinhTe
A01,28.75,I,SuPhamKhoaHocTuNhien
D14,23.75,S,SuPhamTiengPhap
A00,27.0,S,GiaoDucTieuHoc
B00,26.5,I,SuPhamKhoaHocTuNhien
B00,26.75,I,SuPhamSinhHoc
A00,28.25,I,SuPhamHoaHoc
B00,18.75,I,NongNghiep_MoiTruong_ThuySan
D01,23.25,A,NgoaiNgu
X25,18.1,R,NongNghiep_MoiTruong_ThuySan
D14,24.5,S,SuPhamTiengPhap
C02,23.5,C,Luat_KinhTe
C01,20.0,R,KyThuat_CongNghe
D01,26.0,I,SuPhamTinHoc
D15,25.25,S,XaHoiNhanVan
D01,21.75,I,CongNgheThongTin_TruyenThong
A01,21.5,C,KyThuat_CongNghe
D01,19.75,I,KhoaHocTuNhien
D01,17.75,I,NongNghiep_MoiTruong_ThuySan
D15,23.25,A,NgoaiNgu
D01,22.75,S,SuPhamTiengPhap
D01,27.0,C,CongNgheThongTin_TruyenThong
D09,25.25,A,NgoaiNgu
D01,21.25,E,Luat_KinhTe
A01,25.25,I,SuPhamTinHoc
A00,26.5,I,SuPhamTinHoc
A00,26.5,S,GiaoDucTieuHoc
D01,20.1,R,NongNghiep_MoiTruong_ThuySan
A00,25.75,I,KhoaHocTuNhien
B03,26.25,I,SuPhamSinhHoc
B03,26.0,I,SuPhamSinhHoc
D01,21.75,R,NongNghiep_MoiTruong_ThuySan
D01,24.5,A,NgoaiNgu
B00,27.25,I,SuPhamSinhHoc
D01,21.75,R,NongNghiep_MoiTruong_ThuySan
A00,27.5,I,SuPhamVatLy
D01,21.35,A,XaHoiNhanVan
C02,22.5,I,KhoaHocTuNhien
C01,26.75,S,GiaoDucTieuHoc
D01,25.5,I,SuPhamTinHoc
D01,27.0,A,SuPhamTiengAnh
A00,27.75,I,SuPhamHoaHoc
C01,23.75,A,XaHoiNhanVan
D01,19.75,R,CongNgheThongTin_TruyenThong
A00,28.25,I,SuPhamVatLy
B00,26.5,I,SuPhamSinhHoc
A00,28.0,I,SuPhamToanHoc
D01,24.6,I,SuPhamTinHoc
A01,27.0,I,SuPhamKhoaHocTuNhien
D01,25.5,I,SuPhamTinHoc
B00,20.6,I,KhoaHocTuNhien
A00,27.5,I,SuPhamHoaHoc
D01,24.25,A,SuPhamTiengPhap
B00,27.0,I,SuPhamKhoaHocTuNhien
A00,24.85,C,Luat_KinhTe
C02,21.5,A,XaHoiNhanVan
A01,18.6,R,KyThuat_CongNghe
D07,27.5,I,SuPhamHoaHoc
D07,25.5,I,SuPhamTinHoc
C01,19.75,E,Luat_KinhTe
B00,27.75,I,SuPhamSinhHoc
D01,19.0,I,NongNghiep_MoiTruong_ThuySan
D01,24.5,A,NgoaiNgu
C01,27.0,S,GiaoDucTieuHoc
D01,23.5,S,SuPhamTiengPhap
B00,27.5,I,SuPhamSinhHoc
D01,21.5,R,NongNghiep_MoiTruong_ThuySan
D01,22.1,S,XaHoiNhanVan
D01,27.0,A,SuPhamTiengAnh
A00,28.25,I,SuPhamVatLy
A00,26.0,I,SuPhamTinHoc
B03,26.5,I,SuPhamSinhHoc
D14,26.0,A,SuPhamTiengPhap
A00,26.75,I,SuPhamKhoaHocTuNhien
X01,22.35,C,Luat_KinhTe
A00,27.25,I,SuPhamHoaHoc
C02,17.5,I,KhoaHocTuNhien
D01,17.75,R,NongNghiep_MoiTruong_ThuySan
C02,21.0,R,NongNghiep_MoiTruong_ThuySan
D01,18.25,R,NongNghiep_MoiTruong_ThuySan
D14,28.25,S,SuPhamTiengAnh
C02,15.1,R,NongNghiep_MoiTruong_ThuySan
D01,25.0,I,SuPhamTinHoc
C02,20.5,I,KhoaHocTuNhien
D01,23.5,A,NgoaiNgu
A00,28.25,I,SuPhamVatLy
D14,23.0,A,NgoaiNgu
A00,27.5,I,SuPhamHoaHoc
A00,27.75,I,SuPhamToanHoc
C01,21.75,E,Luat_KinhTe
A01,18.1,I,NongNghiep_MoiTruong_ThuySan
D14,26.0,A,NgoaiNgu
C02,19.83,I,NongNghiep_MoiTruong_ThuySan
C01,21.75,R,KyThuat_CongNghe
B00,26.5,I,SuPhamKhoaHocTuNhien
C01,27.25,S,GiaoDucTieuHoc
B00,28.5,I,SuPhamSinhHoc
A00,26.25,I,SuPhamTinHoc
D14,24.0,S,XaHoiNhanVan
A00,26.0,I,SuPhamKhoaHocTuNhien
D14,22.25,S,XaHoiNhanVan
A01,16.0,C,KyThuat_CongNghe
B00,26.25,I,SuPhamSinhHoc
B00,29.0,I,SuPhamHoaHoc
A00,26.0,I,SuPhamTinHoc
D01,27.5,S,SuPhamTiengAnh
D01,26.5,S,GiaoDucTieuHoc
B00,26.0,I,SuPhamSinhHoc
A00,27.5,I,SuPhamHoaHoc
A01,19.25,I,NongNghiep_MoiTruong_ThuySan
D01,23.25,I,KhoaHocTuNhien
D14,23.5,A,SuPhamTiengPhap
A00,29.5,I,SuPhamVatLy
C00,20.25,E,Luat_KinhTe
D01,27.0,S,SuPhamTiengAnh
B03,25.75,I,SuPhamSinhHoc
A00,28.25,I,SuPhamToanHoc
A01,25.0,I,SuPhamTinHoc
C01,26.75,S,GiaoDucTieuHoc
A00,27.25,I,SuPhamVatLy
C02,19.1,R,NongNghiep_MoiTruong_ThuySan
A01,21.25,R,KyThuat_CongNghe
C02,22.0,I,KhoaHocTuNhien
C01,26.75,S,GiaoDucTieuHoc
D01,27.0,S,SuPhamTiengAnh
A01,28.0,I,SuPhamToanHoc
C01,27.25,S,GiaoDucTieuHoc
D15,28.0,S,SuPhamTiengAnh
A00,20.35,R,KyThuat_CongNghe
B08,16.25,R,NongNghiep_MoiTruong_ThuySan
D01,25.0,A,SuPhamTiengPhap
D01,27.0,S,SuPhamTiengAnh
A00,27.5,I,SuPhamVatLy
A00,26.75,S,GiaoDucTieuHoc
A01,22.25,R,NongNghiep_MoiTruong_ThuySan
A00,28.0,I,SuPhamToanHoc
D01,20.25,I,CongNgheThongTin_TruyenThong
B00,26.25,I,SuPhamSinhHoc
C01,19.75,E,Luat_KinhTe
B03,26.5,I,SuPhamSinhHoc
A00,27.75,I,SuPhamToanHoc
D01,23.25,A,NgoaiNgu
B03,25.75,I,SuPhamSinhHoc
C01,24.5,C,KyThuat_CongNghe
D14,24.0,A,NgoaiNgu
D01,22.0,I,CongNgheThongTin_TruyenThong
A00,21.25,C,CongNgheThongTin_TruyenThong
D01,17.5,R,NongNghiep_MoiTruong_ThuySan
D01,19.5,I,CongNgheThongTin_TruyenThong
C01,19.0,I,KyThuat_CongNghe
B00,17.5,C,KyThuat_CongNghe
C01,20.2,C,KyThuat_CongNghe
D01,24.5,A,SuPhamTiengPhap
D01,21.5,R,CongNgheThongTin_TruyenThong
D01,25.0,I,SuPhamTinHoc
D01,27.25,A,SuPhamTiengAnh
A01,20.75,I,KhoaHocTuNhien
D01,23.5,I,KhoaHocTuNhien
C00,19.6,C,Luat_KinhTe
C02,26.5,I,KhoaHocTuNhien
A00,18.35,I,KhoaHocTuNhien
D01,19.35,C,Luat_KinhTe
D01,25.5,A,NgoaiNgu
A00,27.75,I,SuPhamToanHoc
D01,21.75,I,NongNghiep_MoiTruong_ThuySan
C02,22.25,I,KhoaHocTuNhien
A00,26.5,I,SuPhamKhoaHocTuNhien
A00,28.25,I,SuPhamHoaHoc
B03,26.25,I,SuPhamSinhHoc
X01,21.85,S,XaHoiNhanVan
D01,23.5,S,SuPhamTiengPhap
C01,22.25,R,KyThuat_CongNghe
A00,27.0,I,SuPhamKhoaHocTuNhien
B03,26.75,I,SuPhamSinhHoc
D01,17.25,R,NongNghiep_MoiTruong_ThuySan
A00,28.0,I,SuPhamHoaHoc
A01,27.75,I,SuPhamToanHoc
A00,27.25,I,SuPhamHoaHoc
B00,28.25,I,SuPhamSinhHoc
C01,21.75,R,KyThuat_CongNghe
D01,19.85,I,KhoaHocTuNhien
B00,27.25,I,SuPhamSinhHoc
D01,24.75,I,SuPhamTinHoc
A00,28.25,I,SuPhamToanHoc
A00,28.5,I,SuPhamToanHoc
A01,15.5,I,NongNghiep_MoiTruong_ThuySan
D14,22.75,A,SuPhamTiengPhap
D01,20.75,I,CongNgheThongTin_TruyenThong
X26,23.25,A,XaHoiNhanVan
D14,27.25,S,SuPhamTiengAnh
B03,25.75,I,SuPhamSinhHoc
A00,22.0,R,CongNgheThongTin_TruyenThong
A00,26.5,I,SuPhamTinHoc
X01,25.75,S,XaHoiNhanVan
D01,20.75,I,NongNghiep_MoiTruong_ThuySan
A00,27.25,I,SuPhamVatLy
A00,28.25,I,SuPhamHoaHoc
A00,28.5,I,SuPhamToanHoc
C01,25.25,E,Luat_KinhTe
B03,27.0,I,SuPhamSinhHoc
A00,28.0,I,SuPhamHoaHoc
C01,27.0,S,GiaoDucTieuHoc
D01,18.85,C,CongNgheThongTin_TruyenThong
A01,20.0,R,NongNghiep_MoiTruong_ThuySan
C01,26.5,S,GiaoDucTieuHoc
C01,26.75,S,GiaoDucTieuHoc
C01,26.5,S,GiaoDucTieuHoc
B00,28.25,I,SuPhamSinhHoc
C02,23.0,A,XaHoiNhanVan
A00,27.5,I,SuPhamHoaHoc
D01,24.0,S,SuPhamTiengPhap
D07,21.25,I,KhoaHocTuNhien
D01,22.25,I,CongNgheThongTin_TruyenThong
C01,24.35,C,KyThuat_CongNghe
A00,26.75,I,SuPhamTinHoc
A00,24.1,C,CongNgheThongTin_TruyenThong
D14,27.5,A,SuPhamTiengAnh
D01,24.0,A,NgoaiNgu
A00,23.85,A,XaHoiNhanVan
A00,19.85,R,CongNgheThongTin_TruyenThong
A00,27.25,S,GiaoDucTieuHoc
C02,22.75,A,XaHoiNhanVan
A00,28.25,I,SuPhamVatLy
C01,18.85,C,KyThuat_CongNghe
C02,20.5,I,KhoaHocTuNhien
D15,27.25,S,SuPhamTiengAnh
D01,22.25,C,CongNgheThongTin_TruyenThong
C01,19.0,I,KyThuat_CongNghe
D01,23.35,I,CongNgheThongTin_TruyenThong
B03,26.0,I,SuPhamSinhHoc
D01,20.35,C,CongNgheThongTin_TruyenThong
D15,27.75,A,SuPhamTiengAnh
B00,23.85,R,KyThuat_CongNghe
B03,25.75,I,SuPhamSinhHoc
D01,18.75,C,Luat_KinhTe
D01,24.5,I,SuPhamTinHoc
A00,28.75,I,SuPhamVatLy
D01,21.25,C,CongNgheThongTin_TruyenThong
A00,17.1,R,KyThuat_CongNghe
D09,24.75,A,NgoaiNgu
D14,27.0,S,SuPhamTiengAnh
D01,21.75,R,CongNgheThongTin_TruyenThong
A01,27.5,I,SuPhamVatLy
A00,28.0,I,SuPhamVatLy
C02,21.75,R,NongNghiep_MoiTruong_ThuySan
A00,27.75,I,SuPhamToanHoc
B00,27.75,I,SuPhamHoaHoc
A01,26.5,I,SuPhamKhoaHocTuNhien
C01,26.5,S,GiaoDucTieuHoc
C01,24.0,C,Luat_KinhTe
D01,26.25,S,GiaoDucTieuHoc
D01,25.75,A,NgoaiNgu
A00,27.0,S,GiaoDucTieuHoc
D01,21.75,R,CongNgheThongTin_TruyenThong
B00,26.0,I,SuPhamKhoaHocTuNhien
D01,23.1,A,NgoaiNgu
C01,19.85,C,KyThuat_CongNghe
A00,28.25,I,SuPhamToanHoc
D14,23.75,A,NgoaiNgu
C01,19.0,R,KyThuat_CongNghe
A00,24.35,R,KyThuat_CongNghe
B00,28.5,I,SuPhamSinhHoc
A00,27.0,S,GiaoDucTieuHoc
C01,23.25,I,KyThuat_CongNghe
A01,27.25,I,SuPhamKhoaHocTuNhien
D01,26.75,I,SuPhamTinHoc
D01,24.5,I,SuPhamTinHoc
A01,28.0,I,CongNgheThongTin_TruyenThong
B03,21.6,I,KhoaHocTuNhien
B00,17.5,I,NongNghiep_MoiTruong_ThuySan
D14,25.75,A,SuPhamTiengPhap
A01,20.85,I,KhoaHocTuNhien
D01,24.0,S,SuPhamTiengPhap
C00,22.25,C,Luat_KinhTe
D01,21.25,R,NongNghiep_MoiTruong_ThuySan
D01,25.5,I,SuPhamTinHoc
D01,23.25,A,SuPhamTiengPhap
C01,27.5,S,GiaoDucTieuHoc
D01,24.75,S,SuPhamTiengPhap
B00,26.75,I,SuPhamSinhHoc
D14,24.75,A,NgoaiNgu
D01,22.75,C,CongNgheThongTin_TruyenThong
D01,19.75,R,CongNgheThongTin_TruyenThong
D01,25.0,I,SuPhamTinHoc
A01,19.5,I,KhoaHocTuNhien
B00,27.0,I,SuPhamKhoaHocTuNhien
A00,26.25,I,SuPhamTinHoc
B00,26.5,I,SuPhamSinhHoc
D01,18.0,I,NongNghiep_MoiTruong_ThuySan
A00,25.5,I,KhoaHocTuNhien
D01,26.0,E,Luat_KinhTe
C01,22.35,S,XaHoiNhanVan
A01,18.25,C,KyThuat_CongNghe
D07,23.75,A,XaHoiNhanVan
A01,21.0,C,Luat_KinhTe
B00,27.0,I,SuPhamSinhHoc
A01,28.5,I,SuPhamToanHoc
C01,26.25,S,GiaoDucTieuHoc
C01,25.25,S,XaHoiNhanVan
D01,23.5,A,NgoaiNgu
B00,27.5,I,SuPhamSinhHoc
D01,26.75,S,GiaoDucTieuHoc
D14,23.0,S,SuPhamTiengPhap
A01,20.75,I,CongNgheThongTin_TruyenThong
X25,17.85,R,NongNghiep_MoiTruong_ThuySan
B03,25.75,I,SuPhamSinhHoc
C02,20.0,R,NongNghiep_MoiTruong_ThuySan
C01,19.75,C,KyThuat_CongNghe
B00,26.0,I,SuPhamSinhHoc
A00,28.25,I,SuPhamVatLy
B03,20.1,I,KhoaHocTuNhien
A00,27.25,I,SuPhamHoaHoc
A00,26.75,I,SuPhamKhoaHocTuNhien
A01,26.75,I,SuPhamTinHoc
A01,20.75,I,NongNghiep_MoiTruong_ThuySan
B00,18.1,R,NongNghiep_MoiTruong_ThuySan
D14,23.5,A,NgoaiNgu
A00,28.0,I,SuPhamHoaHoc
D14,27.0,A,NgoaiNgu
B00,27.5,I,SuPhamHoaHoc
D01,24.0,A,NgoaiNgu
C02,18.5,I,KhoaHocTuNhien
X74,23.6,S,XaHoiNhanVan
D01,26.25,S,GiaoDucTieuHoc
A00,27.5,I,SuPhamHoaHoc
D15,27.0,S,SuPhamTiengAnh
B00,27.75,I,SuPhamSinhHoc
A00,28.0,I,SuPhamToanHoc
D01,29.0,S,SuPhamTiengAnh
D01,23.25,A,NgoaiNgu
A01,28.25,I,SuPhamToanHoc
C01,25.0,A,XaHoiNhanVan
A00,28.75,I,SuPhamToanHoc
D01,21.25,I,NongNghiep_MoiTruong_ThuySan
C01,20.6,E,Luat_KinhTe
A00,26.25,S,GiaoDucTieuHoc
B00,27.0,I,SuPhamSinhHoc
D01,23.5,A,NgoaiNgu
C01,18.1,I,KyThuat_CongNghe
A00,20.5,C,CongNgheThongTin_TruyenThong
D15,28.75,S,SuPhamTiengAnh
D15,23.75,A,NgoaiNgu
B00,26.75,I,SuPhamSinhHoc
B00,28.5,I,SuPhamSinhHoc
A00,27.25,I,SuPhamKhoaHocTuNhien
B00,27.0,I,SuPhamSinhHoc
A00,27.0,I,SuPhamTinHoc
A00,28.0,I,SuPhamVatLy
A00,27.5,I,SuPhamHoaHoc
D07,17.35,R,NongNghiep_MoiTruong_ThuySan
C01,20.45,C,KyThuat_CongNghe
D01,23.75,S,SuPhamTiengPhap
C01,22.5,A,XaHoiNhanVan
C01,20.5,R,KyThuat_CongNghe
A00,25.6,I,SuPhamTinHoc
B00,25.75,I,SuPhamSinhHoc
D01,27.5,A,SuPhamTiengAnh
C01,20.35,R,KyThuat_CongNghe
C02,18.85,R,NongNghiep_MoiTruong_ThuySan
X01,19.5,E,Luat_KinhTe
A00,27.5,I,SuPhamVatLy
D07,28.25,I,SuPhamToanHoc
C01,22.0,C,KyThuat_CongNghe
C02,21.25,C,Luat_KinhTe
A01,17.85,R,NongNghiep_MoiTruong_ThuySan
B00,29.5,I,SuPhamHoaHoc
D01,18.5,R,CongNgheThongTin_TruyenThong
A00,28.75,I,SuPhamHoaHoc
A00,28.25,I,SuPhamKhoaHocTuNhien
D01,23.75,A,XaHoiNhanVan
B03,26.25,I,SuPhamSinhHoc
D15,27.5,A,SuPhamTiengAnh
C02,21.5,I,NongNghiep_MoiTruong_ThuySan
B03,26.0,I,SuPhamSinhHoc
D01,24.5,I,SuPhamTinHoc
D15,23.85,A,NgoaiNgu
A01,20.5,I,KyThuat_CongNghe
C01,20.5,R,KyThuat_CongNghe
A00,27.75,I,SuPhamVatLy
A01,27.0,I,SuPhamKhoaHocTuNhien
C01,18.1,R,KyThuat_CongNghe
D01,24.25,A,NgoaiNgu
A00,28.0,I,SuPhamToanHoc
C01,26.25,S,GiaoDucTieuHoc
D01,21.5,C,Luat_KinhTe
C02,17.35,R,NongNghiep_MoiTruong_ThuySan
A00,28.5,I,SuPhamKhoaHocTuNhien
D01,25.25,I,SuPhamTinHoc
A00,27.5,I,SuPhamVatLy
A01,27.5,I,SuPhamVatLy
B00,26.25,I,SuPhamSinhHoc
D01,21.25,C,Luat_KinhTe
A00,28.0,I,SuPhamHoaHoc
A00,28.5,I,SuPhamHoaHoc
D07,27.75,I,SuPhamHoaHoc
A00,27.5,I,SuPhamKhoaHocTuNhien
D15,26.0,A,NgoaiNgu
D01,18.75,I,CongNgheThongTin_TruyenThong
C01,26.5,S,GiaoDucTieuHoc
A00,27.0,I,SuPhamKhoaHocTuNhien
B00,26.75,I,SuPhamSinhHoc
A00,25.85,I,SuPhamTinHoc
C01,18.1,R,KyThuat_CongNghe
D15,25.5,A,NgoaiNgu
A01,27.25,I,SuPhamVatLy
A01,27.25,I,SuPhamVatLy
C01,25.25,S,XaHoiNhanVan
D01,20.25,C,CongNgheThongTin_TruyenThong
D14,26.0,A,NgoaiNgu
B00,26.25,I,SuPhamSinhHoc
D01,24.75,I,SuPhamTinHoc
A00,29.0,I,SuPhamToanHoc
A01,27.75,I,SuPhamVatLy
A01,24.5,I,SuPhamTinHoc
B00,25.75,I,SuPhamSinhHoc
D01,20.35,R,CongNgheThongTin_TruyenThong
A00,28.0,I,SuPhamToanHoc
C01,21.75,S,XaHoiNhanVan
D14,27.0,A,SuPhamTiengAnh
A00,28.25,I,SuPhamToanHoc
D14,27.25,A,SuPhamTiengAnh
D01,23.5,A,SuPhamTiengPhap
B03,26.0,I,SuPhamSinhHoc
C01,20.5,C,KyThuat_CongNghe
X25,19.0,I,NongNghiep_MoiTruong_ThuySan
B00,26.75,I,SuPhamKhoaHocTuNhien
D01,19.85,R,NongNghiep_MoiTruong_ThuySan
A01,21.5,A,XaHoiNhanVan
D01,23.0,S,SuPhamTiengPhap
A01,25.25,I,SuPhamTinHoc
C02,19.25,I,KhoaHocTuNhien
D01,23.0,A,NgoaiNgu
D01,26.75,I,KhoaHocTuNhien
A00,27.5,I,SuPhamHoaHoc
D01,23.5,S,XaHoiNhanVan
A00,26.25,S,GiaoDucTieuHoc
D14,27.75,S,SuPhamTiengAnh
B00,27.25,I,SuPhamHoaHoc
A01,26.75,I,SuPhamKhoaHocTuNhien
D01,21.5,I,KhoaHocTuNhien
C01,19.0,R,KyThuat_CongNghe
A01,25.0,I,SuPhamTinHoc
A00,28.5,I,SuPhamToanHoc
C01,19.1,R,KyThuat_CongNghe
C01,26.25,S,GiaoDucTieuHoc
C01,20.75,C,KyThuat_CongNghe
D01,24.0,A,NgoaiNgu
C02,23.25,R,NongNghiep_MoiTruong_ThuySan
C01,22.0,S,XaHoiNhanVan
B00,26.75,I,SuPhamSinhHoc
A00,27.0,I,SuPhamKhoaHocTuNhien
C01,20.35,C,Luat_KinhTe
A00,28.75,I,SuPhamKhoaHocTuNhien
D01,21.0,C,Luat_KinhTe
B00,23.5,I,KhoaHocTuNhien
B03,20.25,I,KhoaHocTuNhien
D01,25.0,A,SuPhamTiengPhap
C01,25.75,C,KyThuat_CongNghe
D15,27.5,A,SuPhamTiengAnh
D01,23.0,I,KhoaHocTuNhien
A00,27.75,I,SuPhamHoaHoc
A01,25.75,I,SuPhamTinHoc
D01,23.5,A,SuPhamTiengPhap
B00,26.25,I,SuPhamSinhHoc
D15,27.25,A,SuPhamTiengAnh
A00,19.25,I,KhoaHocTuNhien
A00,26.5,E,Luat_KinhTe
C01,23.35,E,Luat_KinhTe
D01,26.5,S,GiaoDucTieuHoc
C02,20.0,I,KhoaHocTuNhien
C02,24.5,A,XaHoiNhanVan
D01,25.75,I,SuPhamTinHoc
D01,25.75,S,SuPhamTiengPhap
A00,27.75,I,SuPhamHoaHoc
D01,25.0,A,NgoaiNgu
D01,26.75,S,GiaoDucTieuHoc
D01,23.75,A,NgoaiNgu
D01,24.0,A,NgoaiNgu
D14,23.0,A,NgoaiNgu
D14,24.75,A,XaHoiNhanVan
X01,22.75,A,XaHoiNhanVan
D14,24.0,A,NgoaiNgu
A00,28.5,S,GiaoDucTieuHoc
D01,25.5,R,NongNghiep_MoiTruong_ThuySan
B03,26.0,I,SuPhamSinhHoc
A00,27.25,I,SuPhamHoaHoc
B00,27.0,I,SuPhamKhoaHocTuNhien
C01,22.75,R,KyThuat_CongNghe
D14,23.75,S,SuPhamTiengPhap
A01,18.0,I,KhoaHocTuNhien
D01,22.75,S,SuPhamTiengPhap
A00,24.5,I,KhoaHocTuNhien
D01,20.5,C,CongNgheThongTin_TruyenThong
A00,28.0,I,SuPhamVatLy
A00,27.5,S,GiaoDucTieuHoc
D01,19.25,I,NongNghiep_MoiTruong_ThuySan
X01,20.25,C,Luat_KinhTe
A00,24.75,I,SuPhamTinHoc
A01,26.25,I,SuPhamKhoaHocTuNhien
C02,21.5,I,NongNghiep_MoiTruong_ThuySan
A01,26.75,I,SuPhamKhoaHocTuNhien
D01,24.75,A,NgoaiNgu
D01,21.75,E,Luat_KinhTe
A01,18.6,C,CongNgheThongTin_TruyenThong
D01,19.35,R,NongNghiep_MoiTruong_ThuySan
A01,21.5,C,Luat_KinhTe
B00,27.0,I,SuPhamKhoaHocTuNhien
A00,28.25,I,SuPhamHoaHoc
A01,27.75,I,SuPhamToanHoc
D01,23.75,S,SuPhamTiengPhap
A01,29.0,I,SuPhamToanHoc
A00,26.75,S,GiaoDucTieuHoc
D01,21.75,S,XaHoiNhanVan
A00,28.5,I,SuPhamToanHoc
A00,28.75,I,SuPhamVatLy
A00,27.0,S,GiaoDucTieuHoc
D01,21.75,I,CongNgheThongTin_TruyenThong
A00,27.75,I,SuPhamHoaHoc
A00,28.75,I,SuPhamHoaHoc
D01,28.0,A,SuPhamTiengAnh
D01,19.75,R,NongNghiep_MoiTruong_ThuySan
C01,26.5,S,GiaoDucTieuHoc
D01,17.85,I,KhoaHocTuNhien
A00,27.5,I,SuPhamHoaHoc
D07,21.5,I,KyThuat_CongNghe
D01,24.6,A,NgoaiNgu
D01,22.85,S,SuPhamTiengPhap
A01,28.5,I,SuPhamVatLy
A01,23.5,A,XaHoiNhanVan
D01,21.75,C,CongNgheThongTin_TruyenThong
D01,19.0,I,CongNgheThongTin_TruyenThong
B00,27.25,I,SuPhamHoaHoc
D01,17.5,R,NongNghiep_MoiTruong_ThuySan
D01,22.75,A,XaHoiNhanVan
C01,21.75,E,Luat_KinhTe
D01,23.85,R,CongNgheThongTin_TruyenThong
C01,26.25,S,GiaoDucTieuHoc
D01,24.0,A,NgoaiNgu
A01,18.75,C,CongNgheThongTin_TruyenThong
D01,23.5,A,NgoaiNgu
D01,22.75,I,CongNgheThongTin_TruyenThong
D01,27.5,A,SuPhamTiengAnh
D01,20.75,C,Luat_KinhTe
A00,26.25,R,CongNgheThongTin_TruyenThong
A00,26.25,I,SuPhamKhoaHocTuNhien
A01,22.5,I,CongNgheThongTin_TruyenThong
B03,25.75,I,SuPhamSinhHoc
A01,28.5,I,SuPhamToanHoc
D01,27.0,A,SuPhamTiengAnh
D14,23.75,S,SuPhamTiengPhap
D01,20.1,I,KhoaHocTuNhien
D01,24.5,I,KhoaHocTuNhien
D01,21.0,I,KhoaHocTuNhien
B03,26.25,I,SuPhamSinhHoc
A01,23.0,R,CongNgheThongTin_TruyenThong
A00,19.35,R,KyThuat_CongNghe
A01,21.0,I,NongNghiep_MoiTruong_ThuySan
D01,19.0,I,NongNghiep_MoiTruong_ThuySan
A00,28.75,I,SuPhamVatLy
D15,27.75,S,SuPhamTiengAnh
A01,18.85,I,NongNghiep_MoiTruong_ThuySan
A00,28.0,I,SuPhamVatLy
D14,25.75,S,SuPhamTiengPhap
D14,24.5,A,SuPhamTiengPhap
D01,21.25,R,CongNgheThongTin_TruyenThong
D07,20.25,E,Luat_KinhTe
D01,19.35,R,NongNghiep_MoiTruong_ThuySan
C00,23.25,A,XaHoiNhanVan
B00,27.75,I,SuPhamKhoaHocTuNhien
A00,22.5,R,CongNgheThongTin_TruyenThong
D09,23.5,A,NgoaiNgu
A00,28.5,I,SuPhamHoaHoc
D14,24.0,A,SuPhamTiengPhap
D01,20.1,E,Luat_KinhTe
D15,27.0,S,SuPhamTiengAnh
D14,27.0,A,SuPhamTiengAnh
D01,24.0,A,NgoaiNgu
C00,24.25,A,XaHoiNhanVan
A00,28.25,I,SuPhamToanHoc
A01,26.5,I,SuPhamKhoaHocTuNhien
X01,23.0,C,Luat_KinhTe
A01,22.75,A,XaHoiNhanVan
A00,26.5,S,GiaoDucTieuHoc
A01,23.5,R,CongNgheThongTin_TruyenThong
A00,27.25,I,SuPhamVatLy
D01,27.5,S,SuPhamTiengAnh
D01,24.5,I,SuPhamTinHoc
A01,28.0,I,SuPhamVatLy
A01,26.0,R,CongNgheThongTin_TruyenThong
D01,23.5,E,Luat_KinhTe
A00,27.0,I,SuPhamKhoaHocTuNhien
D01,18.5,R,NongNghiep_MoiTruong_ThuySan
B00,27.5,I,SuPhamHoaHoc
D01,18.0,I,NongNghiep_MoiTruong_ThuySan
C01,21.25,I,KyThuat_CongNghe
A00,27.25,I,SuPhamVatLy
D01,23.25,A,NgoaiNgu
A00,28.5,I,SuPhamToanHoc
A00,24.5,I,SuPhamTinHoc
D01,24.75,S,SuPhamTiengPhap
D01,22.0,R,CongNgheThongTin_TruyenThong
A00,28.0,I,SuPhamToanHoc
A00,27.5,I,SuPhamHoaHoc
X01,22.75,A,XaHoiNhanVan
D01,26.0,A,XaHoiNhanVan
D01,22.75,S,SuPhamTiengPhap
C01,21.5,R,KyThuat_CongNghe
C01,22.1,S,XaHoiNhanVan
D07,28.5,I,SuPhamToanHoc
A01,27.75,I,SuPhamVatLy
A01,24.0,S,XaHoiNhanVan
A00,28.25,I,SuPhamToanHoc
A00,28.25,I,SuPhamHoaHoc
A01,27.75,I,SuPhamVatLy
A00,26.25,I,SuPhamKhoaHocTuNhien
C01,23.75,A,XaHoiNhanVan
A01,26.0,I,SuPhamKhoaHocTuNhien
A01,16.5,I,KyThuat_CongNghe
C02,18.35,R,NongNghiep_MoiTruong_ThuySan
A01,17.5,I,KhoaHocTuNhien
A01,27.25,I,SuPhamKhoaHocTuNhien
D01,24.6,I,SuPhamTinHoc
D01,23.0,A,SuPhamTiengPhap
A00,28.0,I,SuPhamHoaHoc
D01,27.25,A,SuPhamTiengAnh
C01,20.1,E,Luat_KinhTe
A01,26.75,I,SuPhamKhoaHocTuNhien
C02,19.75,I,NongNghiep_MoiTruong_ThuySan
D01,20.5,C,CongNgheThongTin_TruyenThong
D14,25.75,A,NgoaiNgu
D01,23.75,I,KhoaHocTuNhien
D14,23.5,A,XaHoiNhanVan
A00,27.5,I,SuPhamVatLy
A00,27.25,I,SuPhamHoaHoc
B00,28.5,I,SuPhamHoaHoc
D01,19.0,R,NongNghiep_MoiTruong_ThuySan
A00,27.25,I,SuPhamVatLy
C01,27.0,S,GiaoDucTieuHoc
A00,28.5,I,SuPhamToanHoc
D15,28.5,A,SuPhamTiengAnh
C01,22.0,I,KyThuat_CongNghe
A00,26.75,I,SuPhamKhoaHocTuNhien
A00,28.0,I,SuPhamVatLy
B03,21.5,I,KhoaHocTuNhien
C01,22.0,R,KyThuat_CongNghe
B00,27.5,I,SuPhamSinhHoc
D14,25.5,A,SuPhamTiengPhap
A01,21.75,I,NongNghiep_MoiTruong_ThuySan
D01,24.0,A,NgoaiNgu
B00,28.0,I,SuPhamHoaHoc
D01,20.75,I,KhoaHocTuNhien
B00,27.75,I,SuPhamHoaHoc
D01,23.5,I,KhoaHocTuNhien
D14,23.0,A,XaHoiNhanVan
A01,17.75,R,KyThuat_CongNghe
C01,26.5,S,GiaoDucTieuHoc
C01,21.75,S,XaHoiNhanVan
D01,26.75,S,GiaoDucTieuHoc
D01,24.25,C,CongNgheThongTin_TruyenThong
X01,24.0,E,Luat_KinhTe
A00,29.75,I,SuPhamToanHoc
B00,27.0,I,SuPhamKhoaHocTuNhien
A01,20.0,C,CongNgheThongTin_TruyenThong
D01,23.25,I,KhoaHocTuNhien
A00,28.0,I,SuPhamToanHoc
C01,26.25,S,GiaoDucTieuHoc
D01,25.75,I,SuPhamTinHoc
D15,27.0,A,SuPhamTiengAnh
D14,27.0,A,SuPhamTiengAnh
D01,27.0,A,SuPhamTiengAnh
C02,22.75,A,XaHoiNhanVan
A00,27.0,S,GiaoDucTieuHoc
D01,23.1,S,SuPhamTiengPhap
A00,26.75,I,SuPhamKhoaHocTuNhien
A00,27.25,I,SuPhamKhoaHocTuNhien
A00,26.0,I,SuPhamKhoaHocTuNhien
A00,27.0,S,GiaoDucTieuHoc
A01,27.5,I,SuPhamVatLy
B03,26.5,I,SuPhamSinhHoc
D01,27.0,S,SuPhamTiengAnh
D01,23.25,A,SuPhamTiengPhap
C02,18.0,I,NongNghiep_MoiTruong_ThuySan
D01,25.0,I,SuPhamTinHoc
D01,17.0,R,NongNghiep_MoiTruong_ThuySan
D01,24.0,S,SuPhamTiengPhap
A00,26.5,I,SuPhamTinHoc
D14,22.75,S,SuPhamTiengPhap
A00,27.5,I,SuPhamKhoaHocTuNhien
A00,27.25,I,SuPhamKhoaHocTuNhien
C02,20.5,I,KhoaHocTuNhien
A01,27.75,I,SuPhamToanHoc
A01,27.25,I,SuPhamVatLy
D14,25.25,A,SuPhamTiengPhap
D01,18.5,R,NongNghiep_MoiTruong_ThuySan
D01,24.6,I,SuPhamTinHoc
C01,24.5,E,Luat_KinhTe
D01,20.0,I,NongNghiep_MoiTruong_ThuySan
A00,24.75,I,CongNgheThongTin_TruyenThong
D01,20.5,C,CongNgheThongTin_TruyenThong
D01,25.5,A,SuPhamTiengPhap
B00,27.25,I,SuPhamHoaHoc
X01,23.75,A,XaHoiNhanVan
A00,26.75,I,SuPhamTinHoc
A01,27.25,I,SuPhamVatLy
C01,25.5,C,KyThuat_CongNghe
D01,21.25,C,CongNgheThongTin_TruyenThong
A00,24.75,I,SuPhamTinHoc
A01,25.75,I,SuPhamTinHoc
D01,24.75,A,XaHoiNhanVan
C02,18.35,R,NongNghiep_MoiTruong_ThuySan
A00,27.5,I,SuPhamHoaHoc
A00,27.75,I,SuPhamHoaHoc
A00,28.0,I,SuPhamKhoaHocTuNhien
C02,24.0,E,Luat_KinhTe
A00,27.25,I,SuPhamVatLy
D15,24.5,A,NgoaiNgu
A00,26.0,I,SuPhamKhoaHocTuNhien
A01,24.25,I,KhoaHocTuNhien
X01,23.25,S,XaHoiNhanVan
A00,27.35,I,SuPhamKhoaHocTuNhien
D01,26.0,E,Luat_KinhTe
A00,29.0,I,SuPhamToanHoc
X02,20.75,S,XaHoiNhanVan
A01,26.75,I,SuPhamKhoaHocTuNhien
C01,22.25,C,KyThuat_CongNghe
D14,27.5,A,SuPhamTiengAnh
A01,27.25,I,SuPhamVatLy
D01,20.5,R,CongNgheThongTin_TruyenThong
D01,19.0,E,Luat_KinhTe
D07,19.75,E,Luat_KinhTe
D01,25.75,I,SuPhamTinHoc
D01,23.0,R,CongNgheThongTin_TruyenThong
A00,21.0,R,CongNgheThongTin_TruyenThong
C02,23.5,C,Luat_KinhTe
D01,19.5,I,NongNghiep_MoiTruong_ThuySan
C01,21.35,I,KyThuat_CongNghe
D15,28.5,S,SuPhamTiengAnh
A01,23.35,I,NongNghiep_MoiTruong_ThuySan
A00,27.25,I,SuPhamVatLy
D01,18.0,I,NongNghiep_MoiTruong_ThuySan
A00,27.5,I,SuPhamVatLy
A00,29.0,I,SuPhamHoaHoc
A00,26.0,I,SuPhamTinHoc
A00,26.75,S,GiaoDucTieuHoc
A00,27.75,I,SuPhamVatLy
C01,24.5,S,XaHoiNhanVan
D01,25.0,I,SuPhamTinHoc
D14,25.0,A,SuPhamTiengPhap
A00,24.75,E,Luat_KinhTe
D01,23.25,A,NgoaiNgu
C00,22.75,E,Luat_KinhTe
A01,26.5,I,SuPhamKhoaHocTuNhien
A00,28.5,I,SuPhamVatLy
A00,20.25,R,NongNghiep_MoiTruong_ThuySan
D01,18.0,R,CongNgheThongTin_TruyenThong
A01,17.25,R,NongNghiep_MoiTruong_ThuySan
C02,23.5,E,Luat_KinhTe
A00,27.25,I,SuPhamVatLy
B00,26.25,I,SuPhamSinhHoc
D01,23.25,S,SuPhamTiengPhap
D01,26.25,S,GiaoDucTieuHoc
A00,24.5,I,SuPhamTinHoc
A00,27.25,I,SuPhamVatLy
D01,25.75,I,SuPhamTinHoc
D01,17.75,R,NongNghiep_MoiTruong_ThuySan
D15,28.25,A,SuPhamTiengAnh
D01,22.25,I,KhoaHocTuNhien
D01,26.25,I,SuPhamTinHoc
D01,21.85,I,KhoaHocTuNhien
C01,26.75,S,GiaoDucTieuHoc
D01,24.5,I,SuPhamTinHoc
A00,28.5,I,SuPhamVatLy
A00,24.5,I,SuPhamTinHoc
D15,27.5,A,SuPhamTiengAnh
C01,24.0,A,XaHoiNhanVan
A00,28.75,I,SuPhamHoaHoc
D01,21.0,I,KhoaHocTuNhien
A00,28.0,I,SuPhamVatLy
A00,29.0,I,SuPhamToanHoc
A01,23.25,I,KhoaHocTuNhien
A00,27.5,I,SuPhamHoaHoc
A00,27.75,I,SuPhamVatLy
D09,24.75,A,NgoaiNgu
A00,28.0,I,SuPhamHoaHoc
A00,28.0,I,SuPhamHoaHoc
A00,22.75,I,KyThuat_CongNghe
D14,27.0,A,SuPhamTiengAnh
B00,27.25,I,SuPhamSinhHoc
D15,23.25,A,NgoaiNgu
B00,26.75,I,SuPhamKhoaHocTuNhien
A00,27.0,I,SuPhamKhoaHocTuNhien
A00,28.5,I,SuPhamVatLy
A00,28.0,I,SuPhamToanHoc
D14,27.0,S,SuPhamTiengAnh
A00,27.75,I,SuPhamVatLy
X01,21.0,E,Luat_KinhTe
A00,23.85,C,Luat_KinhTe
B03,25.75,I,SuPhamSinhHoc
D01,23.75,A,SuPhamTiengPhap
C01,26.5,S,GiaoDucTieuHoc
A00,28.75,I,SuPhamToanHoc
C02,26.0,I,KhoaHocTuNhien
B00,26.5,I,SuPhamKhoaHocTuNhien
X26,25.85,C,KyThuat_CongNghe
D01,23.5,R,CongNgheThongTin_TruyenThong
D07,22.0,R,NongNghiep_MoiTruong_ThuySan
B03,26.25,I,SuPhamSinhHoc
D01,24.25,I,KhoaHocTuNhien
C02,21.75,S,XaHoiNhanVan
B00,26.85,I,SuPhamSinhHoc
C01,26.5,S,GiaoDucTieuHoc
B00,26.5,I,SuPhamSinhHoc
A00,18.6,R,NongNghiep_MoiTruong_ThuySan
D14,24.25,A,NgoaiNgu
A01,26.25,I,SuPhamKhoaHocTuNhien
C02,21.25,I,NongNghiep_MoiTruong_ThuySan
D01,27.0,S,GiaoDucTieuHoc
D01,23.25,A,NgoaiNgu
D01,23.95,A,NgoaiNgu
C01,27.0,S,GiaoDucTieuHoc
D01,20.25,R,CongNgheThongTin_TruyenThong
A00,27.5,I,SuPhamVatLy
D01,27.0,A,SuPhamTiengAnh
A01,27.75,I,SuPhamKhoaHocTuNhien
D01,23.25,R,NongNghiep_MoiTruong_ThuySan
D01,27.25,A,SuPhamTiengAnh
C01,26.25,S,GiaoDucTieuHoc
A01,20.5,I,KhoaHocTuNhien
C01,24.0,E,Luat_KinhTe
A01,25.75,I,SuPhamTinHoc
D14,23.35,A,NgoaiNgu
B03,26.6,I,SuPhamSinhHoc
A01,18.0,C,KyThuat_CongNghe
D01,24.5,C,CongNgheThongTin_TruyenThong
C02,21.75,E,Luat_KinhTe
C01,21.75,I,KyThuat_CongNghe
A01,27.75,I,SuPhamToanHoc
C01,20.75,R,KyThuat_CongNghe
A00,27.5,I,SuPhamVatLy
D01,24.25,I,KhoaHocTuNhien
A00,27.75,I,SuPhamVatLy
D01,18.25,I,NongNghiep_MoiTruong_ThuySan
A00,23.25,I,KhoaHocTuNhien
A00,29.0,I,SuPhamHoaHoc
D01,23.5,A,SuPhamTiengPhap
A00,28.25,I,SuPhamVatLy
C01,26.25,A,XaHoiNhanVan
D01,23.75,A,NgoaiNgu
A01,16.75,R,NongNghiep_MoiTruong_ThuySan
A01,27.25,I,SuPhamVatLy
A00,27.25,I,SuPhamHoaHoc
A00,25.0,I,SuPhamTinHoc
C02,22.75,I,KhoaHocTuNhien
C01,24.25,S,XaHoiNhanVan
D01,18.25,I,CongNgheThongTin_TruyenThong
A00,28.5,I,SuPhamToanHoc
B00,25.75,I,SuPhamSinhHoc
D15,26.1,A,NgoaiNgu
B03,26.0,I,SuPhamSinhHoc
A00,26.5,S,GiaoDucTieuHoc
A01,19.5,I,NongNghiep_MoiTruong_ThuySan
A00,25.0,I,SuPhamTinHoc
C01,26.75,S,GiaoDucTieuHoc
D01,23.0,I,NongNghiep_MoiTruong_ThuySan
D07,24.5,I,SuPhamTinHoc
D14,22.75,A,SuPhamTiengPhap
D01,23.75,A,NgoaiNgu
D01,24.75,S,SuPhamTiengPhap
C01,26.25,S,GiaoDucTieuHoc
A00,28.5,I,SuPhamToanHoc
B00,28.5,I,SuPhamSinhHoc
C01,23.0,I,KyThuat_CongNghe
D01,26.25,S,GiaoDucTieuHoc
B00,27.5,I,SuPhamSinhHoc
D01,28.0,A,SuPhamTiengAnh
C01,17.1,R,KyThuat_CongNghe
C01,17.75,I,KyThuat_CongNghe
B00,28.25,I,SuPhamHoaHoc
A01,18.25,C,KyThuat_CongNghe
A00,25.0,I,SuPhamTinHoc
D07,16.35,I,KyThuat_CongNghe
A00,23.25,I,KhoaHocTuNhien
A00,27.25,I,SuPhamVatLy
C02,22.75,A,XaHoiNhanVan
D01,17.75,I,CongNgheThongTin_TruyenThong
C01,20.1,I,KyThuat_CongNghe
B00,26.25,I,SuPhamSinhHoc
D07,20.75,I,NongNghiep_MoiTruong_ThuySan
A00,28.0,I,SuPhamToanHoc
D01,19.6,C,CongNgheThongTin_TruyenThong
A00,27.75,I,SuPhamToanHoc
D01,19.75,E,Luat_KinhTe
D01,24.5,A,NgoaiNgu
D01,26.5,A,NgoaiNgu
D01,19.35,C,Luat_KinhTe
A00,26.5,S,GiaoDucTieuHoc
A00,28.0,I,SuPhamToanHoc
B00,27.0,I,SuPhamSinhHoc
D14,27.5,A,SuPhamTiengAnh
A00,26.25,S,GiaoDucTieuHoc
C01,22.75,E,Luat_KinhTe
D01,24.5,I,SuPhamTinHoc
C02,24.25,E,Luat_KinhTe
A00,28.0,I,SuPhamHoaHoc
A00,16.25,R,NongNghiep_MoiTruong_ThuySan
A00,28.0,I,SuPhamToanHoc
A01,27.75,I,SuPhamToanHoc
A01,28.5,I,SuPhamVatLy
B00,26.5,I,SuPhamSinhHoc
A01,28.25,I,SuPhamKhoaHocTuNhien
D01,23.25,A,NgoaiNgu
A00,27.25,I,SuPhamHoaHoc
A00,28.25,I,SuPhamToanHoc
C01,27.5,S,GiaoDucTieuHoc
D01,24.5,A,NgoaiNgu
A00,28.25,I,SuPhamToanHoc
D01,23.0,I,KhoaHocTuNhien
A00,26.25,S,GiaoDucTieuHoc
A01,26.75,I,SuPhamKhoaHocTuNhien
D01,22.5,I,KhoaHocTuNhien
B03,26.75,I,SuPhamSinhHoc
A00,27.25,I,SuPhamHoaHoc
C01,26.5,S,GiaoDucTieuHoc
B03,26.0,I,SuPhamSinhHoc
A00,27.0,I,SuPhamKhoaHocTuNhien
C02,22.5,A,XaHoiNhanVan
B03,25.75,I,SuPhamSinhHoc
C02,19.0,R,NongNghiep_MoiTruong_ThuySan
D01,25.5,S,SuPhamTiengPhap
C01,26.5,S,GiaoDucTieuHoc
D01,24.75,I,KhoaHocTuNhien
A01,25.0,I,SuPhamTinHoc
D01,21.5,E,Luat_KinhTe
D01,24.0,A,SuPhamTiengPhap
A00,27.75,I,SuPhamToanHoc
X01,23.35,A,XaHoiNhanVan
D01,23.75,S,SuPhamTiengPhap
D01,27.0,A,SuPhamTiengAnh
A00,27.25,I,SuPhamHoaHoc
C02,20.1,C,Luat_KinhTe
C01,27.0,S,GiaoDucTieuHoc
D01,26.25,I,SuPhamTinHoc
A01,19.0,I,KyThuat_CongNghe
D14,21.25,S,XaHoiNhanVan
B00,25.75,I,SuPhamSinhHoc
D01,21.5,R,CongNgheThongTin_TruyenThong
B00,29.5,I,SuPhamHoaHoc
C01,27.25,S,GiaoDucTieuHoc
C01,21.75,R,KyThuat_CongNghe
C01,25.5,C,Luat_KinhTe
D09,25.75,A,NgoaiNgu
B00,25.75,I,SuPhamSinhHoc
A00,26.5,S,GiaoDucTieuHoc
D01,17.25,R,NongNghiep_MoiTruong_ThuySan
C02,20.75,R,NongNghiep_MoiTruong_ThuySan
C01,25.0,A,XaHoiNhanVan
C01,20.75,R,KyThuat_CongNghe
C01,26.25,S,GiaoDucTieuHoc
A00,28.5,I,SuPhamToanHoc
D15,24.25,A,NgoaiNgu
A01,21.25,I,CongNgheThongTin_TruyenThong
D01,24.0,A,NgoaiNgu
A00,28.25,I,SuPhamToanHoc
B00,27.75,I,SuPhamHoaHoc
A00,28.5,I,SuPhamHoaHoc
C02,19.25,I,NongNghiep_MoiTruong_ThuySan
A00,26.5,I,SuPhamKhoaHocTuNhien
B00,27.0,I,SuPhamSinhHoc
A00,26.5,I,SuPhamKhoaHocTuNhien
A00,28.5,I,SuPhamToanHoc
D01,23.25,S,SuPhamTiengPhap
B00,23.1,I,KhoaHocTuNhien
A01,21.5,I,NongNghiep_MoiTruong_ThuySan
A00,29.25,I,SuPhamToanHoc
D01,23.25,A,NgoaiNgu
A00,19.6,I,KhoaHocTuNhien
C01,20.25,C,KyThuat_CongNghe
A01,25.0,I,SuPhamTinHoc
A00,27.75,I,SuPhamToanHoc
A00,28.75,I,SuPhamToanHoc
A01,27.75,I,SuPhamKhoaHocTuNhien
B00,17.75,I,KyThuat_CongNghe
A01,20.85,C,Luat_KinhTe
A00,28.25,I,SuPhamHoaHoc
C01,16.25,C,KyThuat_CongNghe
D14,24.25,A,NgoaiNgu
A00,28.0,I,SuPhamHoaHoc
D01,25.75,I,SuPhamTinHoc
A01,24.75,I,SuPhamTinHoc
A01,19.5,E,Luat_KinhTe
A00,28.0,I,SuPhamHoaHoc
B03,26.0,I,SuPhamSinhHoc
B00,27.25,I,SuPhamKhoaHocTuNhien
C01,25.5,R,KyThuat_CongNghe
A01,25.25,I,SuPhamTinHoc
C02,18.75,R,NongNghiep_MoiTruong_ThuySan
D01,19.35,R,CongNgheThongTin_TruyenThong
C02,19.75,R,NongNghiep_MoiTruong_ThuySan
C02,20.5,R,NongNghiep_MoiTruong_ThuySan
D01,17.0,I,NongNghiep_MoiTruong_ThuySan
A01,26.5,I,SuPhamTinHoc
A01,22.0,E,Luat_KinhTe
C01,23.1,C,KyThuat_CongNghe
A01,18.5,C,CongNgheThongTin_TruyenThong
B00,24.1,R,KyThuat_CongNghe
C01,20.85,C,Luat_KinhTe
A00,27.0,I,SuPhamKhoaHocTuNhien
B00,26.5,I,SuPhamKhoaHocTuNhien
B00,27.25,I,SuPhamKhoaHocTuNhien
A00,23.5,S,XaHoiNhanVan
A00,26.75,I,SuPhamTinHoc
C00,22.25,E,Luat_KinhTe
D01,24.35,S,SuPhamTiengPhap
A00,26.5,I,SuPhamTinHoc
D01,23.5,A,NgoaiNgu
A01,22.6,S,XaHoiNhanVan
A01,28.0,I,SuPhamToanHoc
D01,24.0,A,NgoaiNgu
A00,27.25,I,SuPhamVatLy
C01,22.0,R,KyThuat_CongNghe
C01,22.75,C,KyThuat_CongNghe
D01,27.5,S,SuPhamTiengAnh
D01,23.25,S,SuPhamTiengPhap
D01,18.25,I,NongNghiep_MoiTruong_ThuySan
D09,23.6,A,NgoaiNgu
D01,25.5,I,SuPhamTinHoc
C01,27.0,S,GiaoDucTieuHoc
D15,28.75,A,SuPhamTiengAnh
D01,28.0,A,SuPhamTiengAnh
D01,26.25,I,SuPhamTinHoc
A01,18.25,C,KyThuat_CongNghe
D01,26.5,S,GiaoDucTieuHoc
A00,29.0,I,SuPhamToanHoc
D15,27.0,S,SuPhamTiengAnh
D01,25.25,A,XaHoiNhanVan
D01,20.75,C,Luat_KinhTe
C01,27.25,S,GiaoDucTieuHoc
D01,23.0,S,SuPhamTiengPhap
A00,27.0,I,SuPhamTinHoc
D01,24.5,I,SuPhamTinHoc
A00,25.0,I,SuPhamTinHoc
A01,28.0,I,SuPhamVatLy
A00,25.25,I,KhoaHocTuNhien
C02,23.5,E,Luat_KinhTe
A00,26.75,S,GiaoDucTieuHoc
B03,26.0,I,SuPhamSinhHoc
A00,27.25,I,SuPhamVatLy
D01,27.25,A,SuPhamTiengAnh
A01,28.75,I,SuPhamToanHoc
A00,28.0,I,SuPhamVatLy
D01,17.25,R,NongNghiep_MoiTruong_ThuySan
A00,27.5,I,SuPhamVatLy
C01,20.25,C,KyThuat_CongNghe
D14,27.25,A,SuPhamTiengAnh
A00,24.85,I,SuPhamTinHoc
B03,23.0,I,KhoaHocTuNhien
C02,18.75,C,Luat_KinhTe
B00,27.25,I,SuPhamSinhHoc
X01,24.75,S,XaHoiNhanVan
A00,27.75,I,SuPhamHoaHoc
A01,25.25,E,Luat_KinhTe
B00,26.5,I,SuPhamSinhHoc
C01,26.75,S,GiaoDucTieuHoc
A00,28.5,I,SuPhamHoaHoc
B03,26.25,I,SuPhamSinhHoc
A00,28.5,I,SuPhamToanHoc
B00,26.25,I,SuPhamKhoaHocTuNhien
D15,27.0,A,SuPhamTiengAnh
B03,25.75,I,SuPhamSinhHoc
C02,20.75,R,NongNghiep_MoiTruong_ThuySan
D01,21.75,C,CongNgheThongTin_TruyenThong
C01,15.6,C,KyThuat_CongNghe
A00,21.6,I,KyThuat_CongNghe
D14,23.5,S,SuPhamTiengPhap
C02,23.0,I,KhoaHocTuNhien
A00,26.25,I,CongNgheThongTin_TruyenThong
D01,25.5,C,CongNgheThongTin_TruyenThong
A01,27.75,I,SuPhamToanHoc
D15,27.25,A,SuPhamTiengAnh
C01,19.75,I,KyThuat_CongNghe
D01,22.25,I,KhoaHocTuNhien
C02,24.75,C,Luat_KinhTe
B00,27.25,I,SuPhamHoaHoc
D15,28.0,A,SuPhamTiengAnh
D01,19.0,C,Luat_KinhTe
A00,27.75,I,SuPhamHoaHoc
B03,25.75,I,SuPhamSinhHoc
A00,26.5,I,SuPhamKhoaHocTuNhien
D15,27.0,S,SuPhamTiengAnh
A00,22.95,I,KhoaHocTuNhien
A01,27.25,I,SuPhamVatLy
X01,19.1,E,Luat_KinhTe
A01,23.6,C,CongNgheThongTin_TruyenThong
A01,17.6,I,NongNghiep_MoiTruong_ThuySan
X25,24.75,A,XaHoiNhanVan
B00,27.25,I,SuPhamHoaHoc
D01,19.25,I,CongNgheThongTin_TruyenThong
B03,26.25,I,SuPhamSinhHoc
D01,27.25,S,SuPhamTiengAnh
C01,26.75,S,GiaoDucTieuHoc
A00,24.6,C,CongNgheThongTin_TruyenThong
A00,26.0,I,SuPhamKhoaHocTuNhien
C02,24.25,A,XaHoiNhanVan
D07,20.25,I,NongNghiep_MoiTruong_ThuySan
A01,25.5,I,SuPhamTinHoc
A00,26.35,I,SuPhamKhoaHocTuNhien
A00,28.5,I,SuPhamHoaHoc
A00,26.0,I,SuPhamKhoaHocTuNhien
A00,26.25,S,GiaoDucTieuHoc
A00,17.35,I,KhoaHocTuNhien
D01,24.5,I,SuPhamTinHoc
C02,19.5,I,NongNghiep_MoiTruong_ThuySan
D01,22.0,I,NongNghiep_MoiTruong_ThuySan
A01,24.75,I,SuPhamTinHoc
A01,24.75,I,SuPhamTinHoc
A01,25.0,E,Luat_KinhTe
A01,27.25,I,SuPhamVatLy
B00,28.1,I,SuPhamHoaHoc
D01,18.75,R,NongNghiep_MoiTruong_ThuySan
C01,22.0,A,XaHoiNhanVan
D01,19.25,I,KhoaHocTuNhien
A01,27.25,I,SuPhamVatLy
D14,23.25,A,NgoaiNgu
A01,27.0,I,SuPhamTinHoc
D01,23.5,S,SuPhamTiengPhap
A00,28.25,I,SuPhamHoaHoc
A00,27.75,I,SuPhamVatLy
C01,24.5,R,KyThuat_CongNghe
A00,27.25,I,SuPhamVatLy
A00,27.25,I,SuPhamHoaHoc
X25,22.0,S,XaHoiNhanVan
A00,24.25,C,CongNgheThongTin_TruyenThong
B00,28.5,I,SuPhamKhoaHocTuNhien
B00,27.0,I,SuPhamSinhHoc
A01,25.5,I,SuPhamTinHoc
D01,20.75,R,NongNghiep_MoiTruong_ThuySan
D01,22.6,I,KhoaHocTuNhien
C01,27.0,S,GiaoDucTieuHoc
B00,28.25,I,SuPhamSinhHoc
A01,25.5,I,SuPhamTinHoc
D01,25.5,A,SuPhamTiengPhap
D15,28.5,A,SuPhamTiengAnh
A00,28.5,I,SuPhamHoaHoc
B00,28.75,I,SuPhamHoaHoc
A00,27.25,I,SuPhamHoaHoc
D01,23.5,A,NgoaiNgu
D01,23.0,A,SuPhamTiengPhap
A00,28.0,I,SuPhamToanHoc
C01,26.25,S,GiaoDucTieuHoc
A00,28.25,I,SuPhamHoaHoc
C02,20.75,R,NongNghiep_MoiTruong_ThuySan
D01,27.25,A,SuPhamTiengAnh
D01,25.5,S,SuPhamTiengPhap
D01,25.0,I,SuPhamTinHoc
C01,23.35,C,Luat_KinhTe
A00,26.5,I,SuPhamTinHoc
D01,21.25,I,KhoaHocTuNhien
A00,27.25,I,SuPhamKhoaHocTuNhien
A00,27.75,I,SuPhamVatLy
C01,21.25,R,KyThuat_CongNghe
A01,25.75,I,SuPhamTinHoc
A00,28.0,I,SuPhamHoaHoc
A00,26.75,S,GiaoDucTieuHoc
C01,20.75,R,KyThuat_CongNghe
A00,28.0,I,SuPhamVatLy
A00,25.75,I,SuPhamTinHoc
C01,24.5,A,XaHoiNhanVan
C02,22.75,I,NongNghiep_MoiTruong_ThuySan
B00,27.25,I,SuPhamSinhHoc
C02,22.25,E,Luat_KinhTe
D01,23.0,A,NgoaiNgu
B00,25.75,I,SuPhamSinhHoc
A00,25.75,I,SuPhamTinHoc
A00,17.25,I,KhoaHocTuNhien
D01,23.25,A,SuPhamTiengPhap
A00,27.75,I,SuPhamToanHoc
A00,28.35,I,SuPhamToanHoc
D01,24.25,I,KhoaHocTuNhien
A00,27.25,S,GiaoDucTieuHoc
B00,26.75,I,SuPhamSinhHoc
C01,23.25,E,Luat_KinhTe
A01,27.25,I,SuPhamVatLy
A00,19.35,I,KyThuat_CongNghe
B00,25.6,I,SuPhamSinhHoc
C01,21.1,I,KyThuat_CongNghe
D01,24.0,A,SuPhamTiengPhap
D01,20.0,I,KhoaHocTuNhien
A00,20.85,I,KhoaHocTuNhien
C02,22.75,C,Luat_KinhTe
C00,22.6,C,Luat_KinhTe
D01,18.35,I,KhoaHocTuNhien
D01,27.5,S,SuPhamTiengAnh
A01,27.25,I,SuPhamVatLy
A00,28.5,I,SuPhamHoaHoc
A01,18.7,I,KyThuat_CongNghe
C01,28.75,S,GiaoDucTieuHoc
C01,26.25,S,GiaoDucTieuHoc
D01,23.0,A,NgoaiNgu
D01,18.75,I,KhoaHocTuNhien
B00,25.75,I,SuPhamSinhHoc
D01,21.6,S,XaHoiNhanVan
A00,26.0,I,SuPhamTinHoc
A00,20.5,R,NongNghiep_MoiTruong_ThuySan
C00,18.95,E,Luat_KinhTe
B00,27.25,I,SuPhamHoaHoc
A00,27.0,I,KhoaHocTuNhien
D15,27.6,S,SuPhamTiengAnh
A00,28.0,I,SuPhamToanHoc
A00,26.0,I,SuPhamKhoaHocTuNhien
A00,29.5,I,SuPhamToanHoc
C01,26.75,S,GiaoDucTieuHoc
C01,17.85,I,KyThuat_CongNghe
D01,26.25,I,SuPhamTinHoc
D14,24.6,A,NgoaiNgu
D01,19.0,I,NongNghiep_MoiTruong_ThuySan
D01,24.0,A,SuPhamTiengPhap
A00,24.75,I,SuPhamTinHoc
C01,23.25,I,KyThuat_CongNghe
C02,16.95,I,NongNghiep_MoiTruong_ThuySan
A00,27.0,S,GiaoDucTieuHoc
C02,23.0,I,KhoaHocTuNhien
D01,21.5,I,KhoaHocTuNhien
D01,23.5,S,SuPhamTiengPhap
D14,24.25,A,NgoaiNgu
D01,24.0,S,SuPhamTiengPhap
A00,26.5,I,SuPhamKhoaHocTuNhien
A00,29.5,I,SuPhamVatLy
A00,28.75,I,SuPhamToanHoc
D01,23.75,A,NgoaiNgu
A00,27.5,I,SuPhamVatLy
B00,22.75,I,KhoaHocTuNhien
A00,26.75,I,SuPhamKhoaHocTuNhien
A00,24.75,I,SuPhamTinHoc
D15,27.5,A,SuPhamTiengAnh
D09,23.25,A,NgoaiNgu
D01,23.25,E,Luat_KinhTe
C01,22.75,S,XaHoiNhanVan
A00,26.25,I,SuPhamTinHoc
A00,27.75,I,SuPhamVatLy
D01,24.25,S,SuPhamTiengPhap
D01,19.25,I,KhoaHocTuNhien
A00,27.75,I,SuPhamToanHoc
A01,20.75,I,KhoaHocTuNhien
D01,21.25,R,NongNghiep_MoiTruong_ThuySan
A00,27.25,S,GiaoDucTieuHoc
C02,23.75,I,KhoaHocTuNhien
D15,23.5,A,NgoaiNgu
C02,15.5,I,NongNghiep_MoiTruong_ThuySan
A01,27.75,I,SuPhamToanHoc
D14,25.25,S,XaHoiNhanVan
A01,27.25,I,SuPhamKhoaHocTuNhien
C01,27.25,S,GiaoDucTieuHoc
D01,24.75,A,NgoaiNgu
D01,24.0,A,NgoaiNgu
C01,18.5,I,KyThuat_CongNghe
B00,15.35,R,KyThuat_CongNghe
D01,24.0,A,NgoaiNgu
D14,27.5,S,SuPhamTiengAnh
A00,27.35,I,SuPhamHoaHoc
D01,25.0,A,NgoaiNgu
C01,18.95,C,Luat_KinhTe
C02,19.35,I,NongNghiep_MoiTruong_ThuySan
A00,27.0,S,GiaoDucTieuHoc
A00,26.75,S,GiaoDucTieuHoc
C01,17.95,I,KyThuat_CongNghe
A00,28.0,I,SuPhamVatLy
D01,24.5,A,NgoaiNgu
D01,19.5,R,NongNghiep_MoiTruong_ThuySan
C01,21.25,R,KyThuat_CongNghe
A00,26.25,S,GiaoDucTieuHoc
D01,23.25,S,SuPhamTiengPhap
D15,24.75,A,NgoaiNgu
A01,27.25,I,SuPhamKhoaHocTuNhien
D09,24.75,A,NgoaiNgu
B03,27.0,I,SuPhamSinhHoc
D01,20.0,R,NongNghiep_MoiTruong_ThuySan
A00,26.5,C,KyThuat_CongNghe
A00,27.25,I,SuPhamVatLy
C01,26.25,S,GiaoDucTieuHoc
C02,17.25,I,NongNghiep_MoiTruong_ThuySan
X01,23.0,E,Luat_KinhTe
C01,17.5,I,KyThuat_CongNghe
A01,17.25,I,KhoaHocTuNhien
A00,26.75,C,Luat_KinhTe
X01,18.75,C,Luat_KinhTe
A00,26.0,I,SuPhamTinHoc
D01,26.25,S,GiaoDucTieuHoc
A00,28.25,I,SuPhamVatLy
C02,21.5,C,Luat_KinhTe
B03,26.25,I,SuPhamSinhHoc
A01,27.5,I,SuPhamVatLy
C01,26.25,S,GiaoDucTieuHoc
A00,28.0,I,SuPhamToanHoc
A00,20.0,I,KhoaHocTuNhien
A01,23.75,I,NongNghiep_MoiTruong_ThuySan
A00,27.25,I,SuPhamHoaHoc
A00,24.75,I,SuPhamTinHoc
B00,28.5,I,SuPhamHoaHoc
D01,19.0,I,KhoaHocTuNhien
C01,23.25,A,XaHoiNhanVan
D01,26.25,A,SuPhamTiengPhap
C01,22.25,C,Luat_KinhTe
C02,16.25,I,NongNghiep_MoiTruong_ThuySan
A00,27.5,I,SuPhamVatLy
D01,22.5,I,CongNgheThongTin_TruyenThong
D01,25.25,S,SuPhamTiengPhap
A00,28.0,S,GiaoDucTieuHoc
A00,25.25,I,SuPhamTinHoc
B03,26.0,I,SuPhamSinhHoc
D07,21.0,E,Luat_KinhTe
A00,26.75,S,GiaoDucTieuHoc
D01,17.85,R,NongNghiep_MoiTruong_ThuySan
D01,24.75,S,XaHoiNhanVan
A00,26.25,I,SuPhamKhoaHocTuNhien
C01,23.25,S,XaHoiNhanVan
D01,22.75,S,SuPhamTiengPhap
A00,23.5,C,KyThuat_CongNghe
A00,28.25,I,SuPhamVatLy
D01,23.25,A,NgoaiNgu
X01,22.5,E,Luat_KinhTe
C01,21.25,I,KyThuat_CongNghe
D01,18.5,R,CongNgheThongTin_TruyenThong
D01,25.75,A,XaHoiNhanVan
A00,26.0,I,SuPhamKhoaHocTuNhien
D01,23.25,A,SuPhamTiengPhap
D01,22.75,E,Luat_KinhTe
B00,28.5,I,SuPhamHoaHoc
D14,24.0,A,SuPhamTiengPhap
A00,27.75,I,SuPhamToanHoc
A01,28.0,I,SuPhamToanHoc
D01,17.6,I,KhoaHocTuNhien
X25,20.75,S,XaHoiNhanVan
D01,23.0,A,NgoaiNgu
B03,26.5,I,SuPhamSinhHoc
D01,20.0,I,NongNghiep_MoiTruong_ThuySan
D01,21.35,E,Luat_KinhTe
D07,27.25,I,SuPhamHoaHoc
A00,23.35,S,XaHoiNhanVan
D01,22.5,I,CongNgheThongTin_TruyenThong
A00,26.75,S,GiaoDucTieuHoc
B00,25.6,I,SuPhamSinhHoc
D01,19.35,R,NongNghiep_MoiTruong_ThuySan
B03,26.25,I,SuPhamSinhHoc
A00,26.25,S,GiaoDucTieuHoc
C01,23.5,S,XaHoiNhanVan
D01,23.0,A,NgoaiNgu
D01,23.75,A,SuPhamTiengPhap
B00,26.75,I,SuPhamKhoaHocTuNhien
B03,26.75,I,SuPhamSinhHoc
A00,28.0,I,SuPhamToanHoc
B00,26.5,I,SuPhamSinhHoc
D14,27.5,A,SuPhamTiengAnh
A00,27.5,I,SuPhamVatLy
C01,23.25,C,KyThuat_CongNghe
A00,27.5,I,SuPhamVatLy
C01,26.25,S,GiaoDucTieuHoc
D01,21.25,C,Luat_KinhTe
D01,27.0,A,SuPhamTiengAnh
C01,22.5,A,XaHoiNhanVan
D01,27.25,S,SuPhamTiengAnh
A00,26.75,I,SuPhamKhoaHocTuNhien
A00,27.25,I,SuPhamKhoaHocTuNhien
D01,19.1,R,NongNghiep_MoiTruong_ThuySan
D14,24.0,A,SuPhamTiengPhap
C01,23.25,A,XaHoiNhanVan
D01,18.6,I,KhoaHocTuNhien
B00,25.75,I,SuPhamSinhHoc
D01,23.25,A,SuPhamTiengPhap
D01,23.0,A,SuPhamTiengPhap
C02,22.0,S,XaHoiNhanVan
A00,29.0,I,SuPhamVatLy
D01,25.0,A,NgoaiNgu
D01,24.0,C,CongNgheThongTin_TruyenThong
A00,28.0,I,SuPhamVatLy
D15,24.5,A,NgoaiNgu
B00,28.25,I,SuPhamHoaHoc
D01,19.1,C,CongNgheThongTin_TruyenThong
A01,27.75,I,SuPhamKhoaHocTuNhien
A00,18.75,I,KhoaHocTuNhien
A00,21.75,S,XaHoiNhanVan
D01,23.5,A,NgoaiNgu
C02,22.25,S,XaHoiNhanVan
C01,16.1,I,KyThuat_CongNghe
B00,27.5,I,SuPhamHoaHoc
A00,28.0,I,SuPhamToanHoc
C02,19.0,I,NongNghiep_MoiTruong_ThuySan
A00,27.5,I,SuPhamVatLy
A01,25.0,I,SuPhamTinHoc
C01,23.25,I,KyThuat_CongNghe
C01,18.5,I,KyThuat_CongNghe
B00,23.1,I,KhoaHocTuNhien
A00,26.85,I,SuPhamKhoaHocTuNhien
B00,28.25,I,SuPhamSinhHoc
D01,24.5,I,SuPhamTinHoc
A00,22.6,I,KhoaHocTuNhien
A00,25.75,I,SuPhamTinHoc
A00,25.0,I,SuPhamTinHoc
C02,24.25,I,KhoaHocTuNhien
C01,27.5,S,GiaoDucTieuHoc
B00,23.0,I,KhoaHocTuNhien
C02,18.7,I,NongNghiep_MoiTruong_ThuySan
D15,27.0,A,SuPhamTiengAnh
D01,24.25,A,NgoaiNgu
A00,28.5,I,SuPhamVatLy
D01,19.5,R,CongNgheThongTin_TruyenThong
D01,18.75,I,CongNgheThongTin_TruyenThong
D01,23.75,C,CongNgheThongTin_TruyenThong
A00,26.5,I,SuPhamKhoaHocTuNhien
A00,26.75,I,SuPhamKhoaHocTuNhien
C01,26.25,S,GiaoDucTieuHoc
D01,27.0,A,SuPhamTiengAnh
D14,24.25,A,NgoaiNgu
D01,18.75,I,KhoaHocTuNhien
D01,25.25,I,SuPhamTinHoc
B00,26.25,I,SuPhamKhoaHocTuNhien
C01,20.75,I,KyThuat_CongNghe
D01,23.5,C,CongNgheThongTin_TruyenThong
C01,27.5,S,GiaoDucTieuHoc
A00,19.75,I,NongNghiep_MoiTruong_ThuySan
A00,26.5,R,KyThuat_CongNghe
A00,28.25,I,SuPhamHoaHoc
A00,27.35,I,SuPhamVatLy
C01,22.5,A,XaHoiNhanVan
A00,21.1,A,XaHoiNhanVan
D01,18.5,I,NongNghiep_MoiTruong_ThuySan
A00,27.75,I,SuPhamKhoaHocTuNhien
D15,25.25,S,XaHoiNhanVan
A00,24.5,I,SuPhamTinHoc
A01,28.0,I,SuPhamKhoaHocTuNhien
B00,27.25,I,SuPhamSinhHoc
C01,20.1,C,Luat_KinhTe
A01,26.5,I,SuPhamKhoaHocTuNhien
A00,26.75,I,SuPhamTinHoc
D14,24.25,A,NgoaiNgu
C01,24.0,R,KyThuat_CongNghe
D01,27.0,S,GiaoDucTieuHoc
D14,24.5,A,NgoaiNgu
C02,23.5,I,KhoaHocTuNhien
D07,21.25,I,CongNgheThongTin_TruyenThong
B00,26.5,I,SuPhamSinhHoc
D01,23.0,A,SuPhamTiengPhap
B03,27.75,I,SuPhamSinhHoc
A01,26.75,I,SuPhamKhoaHocTuNhien
A00,28.5,I,SuPhamToanHoc
D01,25.25,I,SuPhamTinHoc
X01,18.75,E,Luat_KinhTe
B00,26.5,I,SuPhamSinhHoc
D01,25.0,I,SuPhamTinHoc
A00,26.5,I,SuPhamKhoaHocTuNhien
A00,28.0,I,SuPhamHoaHoc
C01,25.0,E,Luat_KinhTe
A01,22.5,I,KhoaHocTuNhien
A00,27.5,I,SuPhamHoaHoc
C01,26.75,S,GiaoDucTieuHoc
A01,16.85,C,KyThuat_CongNghe
C02,20.5,I,KhoaHocTuNhien
A00,28.0,I,SuPhamToanHoc
A01,18.5,R,KyThuat_CongNghe
C01,23.5,A,XaHoiNhanVan
D01,25.0,I,SuPhamTinHoc
D01,24.25,A,NgoaiNgu
B00,26.5,I,SuPhamSinhHoc
D01,23.5,S,SuPhamTiengPhap
C01,20.5,A,XaHoiNhanVan
A00,21.75,C,CongNgheThongTin_TruyenThong
A01,26.75,C,CongNgheThongTin_TruyenThong
C01,19.0,C,KyThuat_CongNghe
X25,23.0,S,XaHoiNhanVan
B00,27.0,I,SuPhamSinhHoc
D01,18.6,I,NongNghiep_MoiTruong_ThuySan
C01,24.25,A,XaHoiNhanVan
C01,22.75,C,Luat_KinhTe
D01,21.75,C,CongNgheThongTin_TruyenThong
A01,23.0,S,XaHoiNhanVan
D01,24.5,A,NgoaiNgu
D01,20.25,C,Luat_KinhTe
C01,21.1,R,KyThuat_CongNghe
A01,22.5,C,CongNgheThongTin_TruyenThong
D01,23.1,A,NgoaiNgu
C01,24.75,C,Luat_KinhTe
C01,26.35,S,GiaoDucTieuHoc
D01,21.0,R,CongNgheThongTin_TruyenThong
D01,19.5,I,CongNgheThongTin_TruyenThong
A00,29.25,I,SuPhamToanHoc
D01,19.1,C,CongNgheThongTin_TruyenThong
C00,20.35,C,Luat_KinhTe
X06,20.25,I,KhoaHocTuNhien
C01,21.25,I,KyThuat_CongNghe
D01,26.75,S,GiaoDucTieuHoc
A01,29.0,I,SuPhamVatLy
C01,18.75,I,KyThuat_CongNghe
D01,24.5,S,SuPhamTiengPhap
D01,20.75,E,Luat_KinhTe
C01,22.75,S,XaHoiNhanVan
D01,19.75,R,NongNghiep_MoiTruong_ThuySan
B00,27.25,I,SuPhamHoaHoc
D01,22.5,I,CongNgheThongTin_TruyenThong
D01,23.75,S,SuPhamTiengPhap
A01,27.75,I,SuPhamKhoaHocTuNhien
A01,27.25,I,SuPhamVatLy
A00,27.5,I,SuPhamHoaHoc
A01,19.5,I,KyThuat_CongNghe
C01,22.35,I,KyThuat_CongNghe
D01,26.0,A,SuPhamTiengPhap
A00,29.5,I,SuPhamHoaHoc
C01,18.75,R,KyThuat_CongNghe
A00,26.75,I,SuPhamKhoaHocTuNhien
A01,28.75,I,SuPhamKhoaHocTuNhien
A00,19.45,I,KyThuat_CongNghe
D01,22.25,C,CongNgheThongTin_TruyenThong
A00,20.25,C,KyThuat_CongNghe
A00,28.25,I,SuPhamToanHoc
B00,26.0,I,SuPhamKhoaHocTuNhien
D01,24.25,A,NgoaiNgu
C01,26.25,S,GiaoDucTieuHoc
C02,23.25,R,NongNghiep_MoiTruong_ThuySan
D14,23.0,A,SuPhamTiengPhap
C02,21.75,I,KhoaHocTuNhien
A01,21.5,R,KyThuat_CongNghe
D01,23.25,A,SuPhamTiengPhap
A00,26.0,I,SuPhamTinHoc
A00,27.75,I,SuPhamHoaHoc
D01,25.25,I,SuPhamTinHoc
A00,27.25,I,SuPhamKhoaHocTuNhien
D01,24.25,A,NgoaiNgu
B00,26.0,I,SuPhamSinhHoc
D01,19.75,R,CongNgheThongTin_TruyenThong
D01,27.5,A,SuPhamTiengAnh
D01,27.25,S,GiaoDucTieuHoc
D14,28.0,A,SuPhamTiengAnh
C01,26.83,S,GiaoDucTieuHoc
D01,25.75,I,SuPhamTinHoc
C01,24.0,A,XaHoiNhanVan
A01,26.0,I,SuPhamKhoaHocTuNhien
C00,24.25,C,Luat_KinhTe
D01,23.5,A,NgoaiNgu
A00,26.5,I,SuPhamKhoaHocTuNhien
D01,19.25,I,NongNghiep_MoiTruong_ThuySan
B00,27.0,I,SuPhamSinhHoc
B00,27.25,I,SuPhamHoaHoc
A01,24.75,I,SuPhamTinHoc
D14,24.75,A,NgoaiNgu
D01,25.5,A,SuPhamTiengPhap
C01,27.75,S,GiaoDucTieuHoc
C02,23.25,I,KhoaHocTuNhien
C01,22.0,R,KyThuat_CongNghe
D01,23.0,S,SuPhamTiengPhap
D01,27.0,A,SuPhamTiengAnh
X01,18.85,E,Luat_KinhTe
D15,23.0,A,NgoaiNgu
A01,26.5,I,SuPhamKhoaHocTuNhien
A00,21.5,C,CongNgheThongTin_TruyenThong
D01,23.25,S,SuPhamTiengPhap
D01,23.5,S,SuPhamTiengPhap
B00,27.25,I,SuPhamHoaHoc
C00,21.0,S,XaHoiNhanVan
B00,27.5,I,SuPhamHoaHoc
D01,24.75,A,SuPhamTiengPhap
B00,26.0,I,SuPhamSinhHoc
B00,28.0,I,SuPhamSinhHoc
D01,25.0,I,SuPhamTinHoc
A01,27.25,I,SuPhamKhoaHocTuNhien
A00,27.5,I,SuPhamTinHoc
D01,27.5,A,SuPhamTiengAnh
B03,26.0,I,SuPhamSinhHoc
A00,28.5,I,SuPhamToanHoc
A01,24.5,I,SuPhamTinHoc
A00,28.0,I,SuPhamVatLy
A00,28.5,I,SuPhamToanHoc
B03,25.6,I,SuPhamSinhHoc
A00,27.75,I,SuPhamVatLy
D01,23.5,A,SuPhamTiengPhap
D01,27.25,A,NgoaiNgu
B00,26.0,I,SuPhamSinhHoc
A00,29.25,I,SuPhamKhoaHocTuNhien
D01,19.75,R,NongNghiep_MoiTruong_ThuySan
B03,26.0,I,SuPhamSinhHoc
C01,20.75,R,KyThuat_CongNghe
A00,22.25,S,XaHoiNhanVan
B00,26.0,I,SuPhamSinhHoc
C02,18.75,R,NongNghiep_MoiTruong_ThuySan
D15,24.5,A,NgoaiNgu
A01,26.0,I,SuPhamKhoaHocTuNhien
A01,27.5,I,SuPhamVatLy
B00,26.75,I,SuPhamSinhHoc
D14,24.25,S,SuPhamTiengPhap
A00,25.25,I,SuPhamTinHoc
B03,25.75,I,SuPhamSinhHoc
C01,24.75,A,XaHoiNhanVan
C01,20.25,C,Luat_KinhTe
A01,17.25,R,KyThuat_CongNghe
C01,21.0,I,KyThuat_CongNghe
D14,23.25,S,XaHoiNhanVan
A00,28.25,I,SuPhamVatLy
A00,27.5,I,SuPhamHoaHoc
D14,27.0,S,SuPhamTiengAnh
D14,27.25,S,SuPhamTiengAnh
B00,26.0,I,SuPhamSinhHoc
D07,24.5,I,SuPhamTinHoc
D01,24.25,A,NgoaiNgu
A00,20.85,I,KhoaHocTuNhien
D01,23.5,S,SuPhamTiengPhap
C01,26.5,S,GiaoDucTieuHoc
D01,23.25,S,SuPhamTiengPhap
A01,24.0,S,XaHoiNhanVan
A00,28.75,I,SuPhamVatLy
D01,21.0,C,CongNgheThongTin_TruyenThong
A00,25.25,I,SuPhamTinHoc
B00,18.55,R,NongNghiep_MoiTruong_ThuySan
D15,24.1,A,NgoaiNgu
D01,23.75,S,SuPhamTiengPhap
B00,26.85,I,SuPhamKhoaHocTuNhien
D14,27.75,S,SuPhamTiengAnh
D01,25.0,A,NgoaiNgu
D14,22.75,A,SuPhamTiengPhap
C01,24.75,I,KyThuat_CongNghe
D01,27.0,S,GiaoDucTieuHoc
A00,27.25,I,SuPhamHoaHoc
C02,18.45,I,KhoaHocTuNhien
X01,26.75,E,Luat_KinhTe
D01,22.25,I,CongNgheThongTin_TruyenThong
C02,17.0,R,NongNghiep_MoiTruong_ThuySan
A00,28.75,I,SuPhamHoaHoc
A01,25.25,I,SuPhamTinHoc
C01,22.5,C,KyThuat_CongNghe
C01,18.0,I,KyThuat_CongNghe
D14,23.0,A,NgoaiNgu
D01,23.0,S,SuPhamTiengPhap
B00,27.0,I,SuPhamSinhHoc
D15,25.25,A,NgoaiNgu
D01,23.75,C,CongNgheThongTin_TruyenThong
D15,27.0,S,SuPhamTiengAnh
A00,27.75,I,SuPhamVatLy
D01,26.75,S,GiaoDucTieuHoc
A00,28.5,I,SuPhamHoaHoc
B00,19.0,I,KyThuat_CongNghe
B00,26.25,I,SuPhamSinhHoc
B03,26.25,I,SuPhamSinhHoc
A00,27.75,I,SuPhamHoaHoc
A00,28.5,S,GiaoDucTieuHoc
X06,22.5,C,CongNgheThongTin_TruyenThong
B00,26.25,I,SuPhamSinhHoc
X70,23.75,A,XaHoiNhanVan
A00,24.75,I,SuPhamTinHoc
C01,19.6,R,KyThuat_CongNghe
B00,27.75,I,SuPhamSinhHoc
D07,19.25,I,KhoaHocTuNhien
A00,27.5,I,SuPhamHoaHoc
B00,29.0,I,SuPhamHoaHoc
A00,28.0,I,SuPhamHoaHoc
A01,21.25,I,KhoaHocTuNhien
C00,23.75,A,XaHoiNhanVan
D01,20.35,I,CongNgheThongTin_TruyenThong
A00,24.5,S,XaHoiNhanVan
D01,21.5,I,KhoaHocTuNhien
C01,20.75,S,XaHoiNhanVan
C01,27.25,S,GiaoDucTieuHoc
A00,28.0,I,SuPhamToanHoc
A01,19.0,C,CongNgheThongTin_TruyenThong
A00,28.0,I,SuPhamVatLy
D14,23.0,S,SuPhamTiengPhap
A00,28.75,I,SuPhamTinHoc
D01,18.75,I,KhoaHocTuNhien
C02,22.0,C,Luat_KinhTe
D01,27.75,A,SuPhamTiengAnh
D14,23.5,A,SuPhamTiengPhap
A00,27.0,S,GiaoDucTieuHoc
A00,28.5,I,SuPhamToanHoc
A00,28.75,S,GiaoDucTieuHoc
D01,15.0,R,NongNghiep_MoiTruong_ThuySan
A00,28.5,I,SuPhamToanHoc
C01,26.25,S,GiaoDucTieuHoc
A00,25.0,I,SuPhamTinHoc
D15,27.5,A,SuPhamTiengAnh
C02,23.35,I,KhoaHocTuNhien
A01,25.5,I,SuPhamTinHoc
D01,27.0,A,SuPhamTiengAnh
C01,28.5,S,GiaoDucTieuHoc
D01,19.85,C,Luat_KinhTe
A00,28.5,I,SuPhamVatLy
D14,24.25,S,SuPhamTiengPhap
C01,21.5,I,KyThuat_CongNghe
D15,27.0,A,SuPhamTiengAnh
C01,18.25,R,KyThuat_CongNghe
A01,24.25,I,KyThuat_CongNghe
D15,27.0,S,SuPhamTiengAnh
B00,28.25,I,SuPhamHoaHoc
D14,26.5,A,NgoaiNgu
B00,25.6,I,SuPhamSinhHoc
D01,23.0,A,SuPhamTiengPhap
D01,22.5,I,CongNgheThongTin_TruyenThong
A00,28.0,I,SuPhamVatLy
A01,18.0,R,KyThuat_CongNghe
A01,20.75,I,NongNghiep_MoiTruong_ThuySan
D01,19.75,I,CongNgheThongTin_TruyenThong
D14,27.75,S,SuPhamTiengAnh
B00,26.75,I,SuPhamSinhHoc
A00,24.5,C,KyThuat_CongNghe
A00,27.5,I,SuPhamHoaHoc
D01,23.0,S,SuPhamTiengPhap
A01,23.5,C,CongNgheThongTin_TruyenThong
D14,27.25,S,SuPhamTiengAnh
D01,19.25,I,NongNghiep_MoiTruong_ThuySan
X26,24.5,A,XaHoiNhanVan
A00,27.5,I,SuPhamVatLy
C02,15.85,I,NongNghiep_MoiTruong_ThuySan
B00,27.75,I,SuPhamSinhHoc
A00,27.25,I,SuPhamVatLy
D01,20.35,I,CongNgheThongTin_TruyenThong
A00,29.0,S,GiaoDucTieuHoc
C01,27.5,S,GiaoDucTieuHoc
A00,27.5,I,SuPhamHoaHoc
A01,26.25,I,SuPhamKhoaHocTuNhien
A00,19.1,R,KyThuat_CongNghe
D01,21.75,A,XaHoiNhanVan
A00,27.25,S,GiaoDucTieuHoc
A00,27.75,I,SuPhamVatLy
B03,27.5,I,SuPhamSinhHoc
A01,19.85,R,CongNgheThongTin_TruyenThong
D01,22.0,C,CongNgheThongTin_TruyenThong
B03,26.0,I,SuPhamSinhHoc
D01,21.5,I,KhoaHocTuNhien
D14,25.75,A,NgoaiNgu
B00,27.25,I,SuPhamKhoaHocTuNhien
X01,23.0,C,Luat_KinhTe
A00,26.5,I,SuPhamKhoaHocTuNhien
D01,19.25,R,CongNgheThongTin_TruyenThong
D14,23.75,S,SuPhamTiengPhap
A00,25.5,I,SuPhamTinHoc
A00,27.25,I,SuPhamHoaHoc
D01,22.75,C,Luat_KinhTe
C01,23.25,E,Luat_KinhTe
D07,21.0,S,XaHoiNhanVan
X25,21.5,A,XaHoiNhanVan
A00,28.75,S,GiaoDucTieuHoc
A00,27.0,I,SuPhamKhoaHocTuNhien
B03,26.75,I,SuPhamSinhHoc
D01,16.1,R,NongNghiep_MoiTruong_ThuySan
D01,17.25,I,KhoaHocTuNhien
A01,27.75,I,SuPhamToanHoc
X01,20.25,S,XaHoiNhanVan
A00,28.0,S,GiaoDucTieuHoc
A00,28.0,I,SuPhamToanHoc
A00,26.25,S,GiaoDucTieuHoc
D01,23.25,S,SuPhamTiengPhap
A01,27.5,I,SuPhamVatLy
C01,24.5,A,XaHoiNhanVan
B00,26.25,I,SuPhamSinhHoc
D01,25.0,C,Luat_KinhTe
B03,21.5,I,KhoaHocTuNhien
C01,17.25,I,KyThuat_CongNghe
X25,18.0,I,NongNghiep_MoiTruong_ThuySan
D01,23.75,S,SuPhamTiengPhap
A00,25.5,R,NongNghiep_MoiTruong_ThuySan
D01,22.35,C,Luat_KinhTe
B00,25.6,I,SuPhamSinhHoc
B03,25.75,I,SuPhamSinhHoc
C00,19.6,C,Luat_KinhTe
B00,25.75,I,SuPhamSinhHoc
A00,28.0,I,SuPhamHoaHoc
C02,22.25,C,Luat_KinhTe
B03,26.25,I,SuPhamSinhHoc
C01,21.75,C,Luat_KinhTe
B00,27.5,I,SuPhamKhoaHocTuNhien
D15,27.1,S,SuPhamTiengAnh
A00,28.0,I,SuPhamToanHoc
A01,16.85,I,NongNghiep_MoiTruong_ThuySan
D01,19.75,C,CongNgheThongTin_TruyenThong
D14,25.0,A,XaHoiNhanVan
A01,20.5,I,CongNgheThongTin_TruyenThong
A00,26.0,I,SuPhamKhoaHocTuNhien
D01,20.5,R,NongNghiep_MoiTruong_ThuySan
B00,26.5,I,SuPhamSinhHoc
A00,28.0,I,SuPhamToanHoc
A00,17.85,R,NongNghiep_MoiTruong_ThuySan
A01,27.75,I,SuPhamToanHoc
C01,23.75,C,Luat_KinhTe
D07,28.0,I,SuPhamHoaHoc
A01,27.25,I,SuPhamKhoaHocTuNhien
A00,26.75,S,GiaoDucTieuHoc
A00,27.25,I,SuPhamHoaHoc
D01,23.0,A,SuPhamTiengPhap
B03,20.85,I,KhoaHocTuNhien
A00,24.5,I,SuPhamTinHoc
D14,27.75,A,NgoaiNgu
D01,25.75,I,SuPhamTinHoc
A00,29.5,I,SuPhamHoaHoc
A00,17.1,I,NongNghiep_MoiTruong_ThuySan
A01,16.6,R,NongNghiep_MoiTruong_ThuySan
D01,19.0,R,NongNghiep_MoiTruong_ThuySan
A00,16.25,I,NongNghiep_MoiTruong_ThuySan
C02,19.0,I,KhoaHocTuNhien
D14,27.0,S,SuPhamTiengAnh
D01,16.35,I,NongNghiep_MoiTruong_ThuySan
A01,26.5,I,SuPhamKhoaHocTuNhien
C01,17.5,I,KyThuat_CongNghe
D01,24.5,A,SuPhamTiengPhap
C01,17.25,R,KyThuat_CongNghe
A00,27.5,S,GiaoDucTieuHoc
C01,24.5,S,XaHoiNhanVan
B00,27.0,I,SuPhamSinhHoc
B00,27.0,I,SuPhamSinhHoc
B00,26.5,I,SuPhamKhoaHocTuNhien
C02,22.25,A,XaHoiNhanVan
C00,20.75,S,XaHoiNhanVan
C00,21.5,C,Luat_KinhTe
D01,18.75,E,Luat_KinhTe
D01,24.0,I,KhoaHocTuNhien
A00,22.1,I,KhoaHocTuNhien
A00,28.0,I,SuPhamVatLy
B00,27.25,I,SuPhamSinhHoc
D01,18.5,I,KhoaHocTuNhien
D14,27.5,S,SuPhamTiengAnh
A00,27.5,I,SuPhamVatLy
A01,29.0,I,SuPhamVatLy
D01,24.5,A,NgoaiNgu
B00,26.0,I,SuPhamSinhHoc
D01,21.5,I,KhoaHocTuNhien
B00,26.5,I,SuPhamSinhHoc
X25,22.25,S,XaHoiNhanVan
D01,19.35,I,NongNghiep_MoiTruong_ThuySan
A00,27.25,I,SuPhamVatLy
A00,28.75,I,SuPhamKhoaHocTuNhien
A00,27.0,I,SuPhamKhoaHocTuNhien
D14,22.75,A,SuPhamTiengPhap
D01,21.5,S,XaHoiNhanVan
A00,28.0,I,SuPhamHoaHoc
D01,25.75,S,XaHoiNhanVan
B00,27.0,I,SuPhamKhoaHocTuNhien
A00,27.0,S,GiaoDucTieuHoc
C01,27.0,S,GiaoDucTieuHoc
D01,24.5,I,SuPhamTinHoc
B00,27.0,I,SuPhamSinhHoc
A01,20.5,I,KhoaHocTuNhien
D01,18.95,I,NongNghiep_MoiTruong_ThuySan
A00,26.0,I,SuPhamTinHoc
B00,28.25,I,SuPhamSinhHoc
D01,25.5,I,KhoaHocTuNhien
A00,28.5,I,SuPhamToanHoc
C01,27.25,S,GiaoDucTieuHoc
A00,28.5,I,SuPhamHoaHoc
C01,16.5,R,KyThuat_CongNghe
B00,26.1,I,SuPhamSinhHoc
A00,27.25,I,SuPhamHoaHoc
A00,21.85,C,CongNgheThongTin_TruyenThong
D09,25.75,A,NgoaiNgu
C02,20.0,I,KhoaHocTuNhien
A00,27.75,I,SuPhamToanHoc
A00,21.85,R,CongNgheThongTin_TruyenThong
D07,20.45,I,CongNgheThongTin_TruyenThong
B00,26.5,I,SuPhamSinhHoc
C01,21.1,C,Luat_KinhTe
C02,17.6,R,NongNghiep_MoiTruong_ThuySan
C02,22.6,A,XaHoiNhanVan
D01,22.85,A,SuPhamTiengPhap
A01,20.6,C,CongNgheThongTin_TruyenThong
A00,29.5,I,SuPhamVatLy
A00,28.0,I,SuPhamHoaHoc
D01,24.0,S,SuPhamTiengPhap
B00,29.0,I,SuPhamSinhHoc
B03,23.5,I,KhoaHocTuNhien
A00,27.25,S,XaHoiNhanVan
A00,28.0,I,SuPhamToanHoc
A00,27.25,S,GiaoDucTieuHoc
D01,23.0,C,CongNgheThongTin_TruyenThong
B03,26.0,I,SuPhamSinhHoc
A00,27.5,I,SuPhamHoaHoc
A00,19.5,C,CongNgheThongTin_TruyenThong
D01,26.0,S,XaHoiNhanVan
A00,20.25,R,NongNghiep_MoiTruong_ThuySan
C00,23.0,C,Luat_KinhTe
C02,22.0,R,NongNghiep_MoiTruong_ThuySan
D14,25.25,A,XaHoiNhanVan
C01,21.0,E,Luat_KinhTe
A00,27.25,S,GiaoDucTieuHoc
B00,26.0,I,SuPhamSinhHoc
B00,27.5,I,SuPhamKhoaHocTuNhien
D01,24.5,I,KhoaHocTuNhien
A00,28.5,I,SuPhamHoaHoc
A01,17.75,R,CongNgheThongTin_TruyenThong
C01,25.5,E,Luat_KinhTe
X25,24.1,S,XaHoiNhanVan
D01,25.25,I,SuPhamTinHoc
D14,24.5,A,SuPhamTiengPhap
D01,26.5,S,GiaoDucTieuHoc
B03,27.0,I,SuPhamSinhHoc
D07,27.5,I,SuPhamHoaHoc
D01,22.75,A,XaHoiNhanVan
D01,26.25,S,GiaoDucTieuHoc
D01,20.0,I,KhoaHocTuNhien
D07,23.1,C,CongNgheThongTin_TruyenThong
A00,27.25,I,SuPhamHoaHoc
D01,24.75,S,SuPhamTiengPhap
D01,24.75,I,SuPhamTinHoc
D07,24.5,R,CongNgheThongTin_TruyenThong
D15,27.0,A,SuPhamTiengAnh
X01,22.0,E,Luat_KinhTe
D01,20.5,E,Luat_KinhTe
X06,18.6,R,KyThuat_CongNghe
C02,21.25,A,XaHoiNhanVan
C02,18.1,R,NongNghiep_MoiTruong_ThuySan
C01,21.25,S,XaHoiNhanVan
D14,23.75,S,SuPhamTiengPhap
A01,28.0,I,SuPhamToanHoc
D01,23.5,S,SuPhamTiengPhap
D14,25.25,A,NgoaiNgu
D01,19.25,R,CongNgheThongTin_TruyenThong
D01,20.1,R,CongNgheThongTin_TruyenThong
A01,27.25,I,SuPhamVatLy
C02,23.0,E,Luat_KinhTe
B00,26.75,I,KhoaHocTuNhien
A00,29.75,I,SuPhamToanHoc
A00,26.0,I,SuPhamKhoaHocTuNhien
A00,26.25,S,GiaoDucTieuHoc
C02,25.75,E,Luat_KinhTe
D01,22.75,A,SuPhamTiengPhap
D14,22.75,A,SuPhamTiengPhap
A00,27.5,I,SuPhamVatLy
X01,19.25,C,Luat_KinhTe
A01,28.25,I,SuPhamToanHoc
D01,23.0,A,SuPhamTiengPhap
B00,26.75,I,SuPhamKhoaHocTuNhien
C01,22.25,I,KyThuat_CongNghe
A00,27.75,I,SuPhamVatLy
A01,17.25,R,KyThuat_CongNghe
A01,19.0,C,CongNgheThongTin_TruyenThong
A00,19.35,E,Luat_KinhTe
A01,27.0,I,SuPhamKhoaHocTuNhien
A00,27.75,I,SuPhamVatLy
C01,20.0,R,KyThuat_CongNghe
A00,28.0,I,SuPhamVatLy
D01,24.75,C,Luat_KinhTe
D01,23.25,A,NgoaiNgu
D07,21.1,I,KhoaHocTuNhien
A00,26.0,I,SuPhamKhoaHocTuNhien
D01,23.0,S,SuPhamTiengPhap
D01,23.5,I,NongNghiep_MoiTruong_ThuySan
C02,19.75,E,Luat_KinhTe
X25,21.75,S,XaHoiNhanVan
B00,27.5,I,SuPhamHoaHoc
A00,20.35,I,CongNgheThongTin_TruyenThong
D15,25.5,A,NgoaiNgu
B03,25.75,I,SuPhamSinhHoc
A00,28.0,S,GiaoDucTieuHoc
A00,22.6,C,Luat_KinhTe
D01,22.75,C,Luat_KinhTe
A00,24.85,I,SuPhamTinHoc
A01,24.75,I,SuPhamTinHoc
A01,23.0,R,CongNgheThongTin_TruyenThong
A00,28.0,I,SuPhamVatLy
A00,27.75,I,SuPhamVatLy
A01,28.0,I,SuPhamToanHoc
D01,22.0,I,KhoaHocTuNhien
B00,27.75,I,SuPhamSinhHoc
B00,27.25,I,SuPhamKhoaHocTuNhien
B00,25.75,I,SuPhamSinhHoc
A00,28.5,I,SuPhamVatLy
D01,25.75,I,SuPhamTinHoc
C01,22.25,A,XaHoiNhanVan
A00,27.75,I,SuPhamToanHoc
A00,23.5,I,CongNgheThongTin_TruyenThong
C01,18.0,R,KyThuat_CongNghe
D01,24.75,C,CongNgheThongTin_TruyenThong
C01,22.25,S,XaHoiNhanVan
X01,20.75,S,XaHoiNhanVan
C02,24.25,I,KhoaHocTuNhien
A00,16.0,C,KyThuat_CongNghe
X25,20.25,R,NongNghiep_MoiTruong_ThuySan
C01,17.35,I,KyThuat_CongNghe
A00,28.75,I,SuPhamToanHoc
D01,18.6,I,NongNghiep_MoiTruong_ThuySan
B03,26.5,I,SuPhamSinhHoc
C01,23.25,E,Luat_KinhTe
D01,25.5,A,SuPhamTiengPhap
A00,27.6,I,SuPhamHoaHoc
B00,19.1,I,KyThuat_CongNghe
A00,27.5,I,SuPhamKhoaHocTuNhien
A00,27.5,I,SuPhamHoaHoc
A00,27.75,I,SuPhamVatLy
A00,27.25,I,SuPhamVatLy
C02,21.25,I,KhoaHocTuNhien
A00,27.75,I,SuPhamToanHoc
A00,28.75,I,SuPhamHoaHoc
A00,28.5,I,SuPhamToanHoc
D01,24.0,C,CongNgheThongTin_TruyenThong
A00,27.25,I,SuPhamHoaHoc
A00,28.25,I,SuPhamVatLy
A01,20.25,C,KyThuat_CongNghe
D15,27.0,S,SuPhamTiengAnh
D01,23.25,I,CongNgheThongTin_TruyenThong
B00,27.75,I,SuPhamKhoaHocTuNhien
B00,27.25,I,SuPhamHoaHoc
A00,28.0,I,SuPhamVatLy
D14,23.75,S,SuPhamTiengPhap
D01,24.5,A,SuPhamTiengPhap
D01,22.25,R,CongNgheThongTin_TruyenThong
A00,28.25,I,SuPhamVatLy
D01,21.25,C,Luat_KinhTe
A00,27.25,I,SuPhamHoaHoc
A00,27.75,I,SuPhamKhoaHocTuNhien
A01,26.75,I,SuPhamKhoaHocTuNhien
D01,27.0,A,SuPhamTiengAnh
D07,25.0,I,SuPhamTinHoc
D14,23.5,A,XaHoiNhanVan
D01,23.5,I,KhoaHocTuNhien
A00,28.0,I,SuPhamToanHoc
D01,23.5,A,NgoaiNgu
A00,27.25,I,SuPhamVatLy
D01,20.75,C,CongNgheThongTin_TruyenThong
A00,27.5,I,SuPhamKhoaHocTuNhien
D01,24.0,S,SuPhamTiengPhap
D01,23.0,C,Luat_KinhTe
X01,18.75,E,Luat_KinhTe
B03,25.75,I,SuPhamSinhHoc
A00,24.5,I,SuPhamTinHoc
D01,23.5,S,SuPhamTiengPhap
A01,27.75,I,SuPhamVatLy
A01,26.25,I,SuPhamKhoaHocTuNhien
A01,22.25,I,KyThuat_CongNghe
A01,21.0,C,CongNgheThongTin_TruyenThong
D01,24.75,S,SuPhamTiengPhap
D01,22.75,I,KhoaHocTuNhien
A00,26.75,I,SuPhamKhoaHocTuNhien
X01,23.0,S,XaHoiNhanVan
A00,28.25,S,GiaoDucTieuHoc
D15,24.75,A,NgoaiNgu
C01,21.25,I,KyThuat_CongNghe
C01,23.85,A,XaHoiNhanVan
D14,25.0,S,SuPhamTiengPhap
A01,27.75,I,SuPhamToanHoc
A00,27.25,I,SuPhamHoaHoc
D15,28.0,A,SuPhamTiengAnh
A00,19.5,I,KhoaHocTuNhien
D01,20.25,R,NongNghiep_MoiTruong_ThuySan
C01,26.75,S,GiaoDucTieuHoc
D01,23.5,A,NgoaiNgu
D01,22.5,I,KhoaHocTuNhien
A00,28.0,I,SuPhamVatLy
D01,19.75,C,CongNgheThongTin_TruyenThong
A00,28.25,I,SuPhamToanHoc
A01,15.75,R,NongNghiep_MoiTruong_ThuySan
D01,25.0,E,Luat_KinhTe
D15,25.25,A,XaHoiNhanVan
D01,25.75,A,SuPhamTiengPhap
B03,26.0,I,SuPhamSinhHoc
A00,21.25,C,KyThuat_CongNghe
C01,18.1,I,KyThuat_CongNghe
D01,18.75,R,NongNghiep_MoiTruong_ThuySan
B00,16.85,I,NongNghiep_MoiTruong_ThuySan
A01,18.75,R,CongNgheThongTin_TruyenThong
B00,27.6,I,SuPhamSinhHoc
A01,22.25,R,CongNgheThongTin_TruyenThong
X01,18.6,E,Luat_KinhTe
A00,27.5,I,SuPhamHoaHoc
D01,23.75,R,NongNghiep_MoiTruong_ThuySan
A01,26.0,I,SuPhamTinHoc
D01,22.75,S,SuPhamTiengPhap
D14,24.5,S,SuPhamTiengPhap
D01,27.75,A,SuPhamTiengAnh
A01,18.35,I,KyThuat_CongNghe
D07,28.0,I,SuPhamToanHoc
D14,22.75,A,SuPhamTiengPhap
B00,26.6,I,SuPhamKhoaHocTuNhien
A01,27.75,I,SuPhamToanHoc
A00,28.25,I,SuPhamToanHoc
A00,26.75,I,SuPhamKhoaHocTuNhien
A00,29.25,I,SuPhamVatLy
A00,24.5,I,SuPhamTinHoc
A00,26.25,I,SuPhamKhoaHocTuNhien
D01,17.0,R,NongNghiep_MoiTruong_ThuySan
A01,27.75,I,SuPhamToanHoc
C01,26.5,S,GiaoDucTieuHoc
A00,28.0,I,SuPhamToanHoc
A00,26.5,I,SuPhamKhoaHocTuNhien
A00,27.5,I,SuPhamHoaHoc
D01,24.0,A,NgoaiNgu
C02,19.5,I,NongNghiep_MoiTruong_ThuySan
D01,26.5,A,SuPhamTiengPhap
A00,19.75,C,CongNgheThongTin_TruyenThong
B00,26.5,I,SuPhamSinhHoc
D01,25.5,I,SuPhamTinHoc
D14,27.25,A,SuPhamTiengAnh
A00,21.75,R,NongNghiep_MoiTruong_ThuySan
A00,26.0,I,SuPhamKhoaHocTuNhien
X25,16.25,I,NongNghiep_MoiTruong_ThuySan
D01,27.0,S,SuPhamTiengAnh
C02,23.0,I,KhoaHocTuNhien
A00,25.0,I,SuPhamTinHoc
A00,21.75,R,NongNghiep_MoiTruong_ThuySan
C01,24.6,E,Luat_KinhTe
D01,23.75,I,CongNgheThongTin_TruyenThong
D01,20.5,E,Luat_KinhTe
A00,15.0,I,KyThuat_CongNghe
D01,24.5,A,SuPhamTiengPhap
C00,24.35,C,Luat_KinhTe
C02,18.7,I,NongNghiep_MoiTruong_ThuySan
A00,27.75,I,SuPhamHoaHoc
D15,27.25,S,SuPhamTiengAnh
C01,16.0,I,KyThuat_CongNghe
D01,21.35,I,CongNgheThongTin_TruyenThong
B00,28.75,I,SuPhamHoaHoc
A00,25.75,I,SuPhamTinHoc
C01,15.0,C,KyThuat_CongNghe
A01,24.5,I,SuPhamTinHoc
C02,21.2,I,KhoaHocTuNhien
C01,26.75,S,GiaoDucTieuHoc
D14,24.85,S,SuPhamTiengPhap
A00,27.5,I,SuPhamKhoaHocTuNhien
C02,24.75,A,XaHoiNhanVan
A00,28.5,I,SuPhamVatLy
D01,24.5,I,SuPhamTinHoc
D01,24.0,A,SuPhamTiengPhap
A00,27.5,I,SuPhamHoaHoc
D01,27.0,A,SuPhamTiengAnh
C01,24.0,I,KyThuat_CongNghe
A00,26.6,I,SuPhamKhoaHocTuNhien
D01,18.0,R,CongNgheThongTin_TruyenThong
B00,25.75,I,SuPhamSinhHoc
C02,24.25,I,KhoaHocTuNhien
D15,23.25,A,NgoaiNgu
D01,21.6,C,CongNgheThongTin_TruyenThong
A00,28.25,I,SuPhamHoaHoc
X01,21.5,S,XaHoiNhanVan
D01,27.0,A,SuPhamTiengAnh
B00,27.25,I,SuPhamSinhHoc
D01,24.5,S,SuPhamTiengPhap
C01,24.0,E,Luat_KinhTe
D01,24.75,A,NgoaiNgu
A01,26.75,I,SuPhamKhoaHocTuNhien
C00,20.35,C,Luat_KinhTe
B03,26.25,I,SuPhamSinhHoc
C02,25.0,E,Luat_KinhTe
A00,26.0,I,SuPhamKhoaHocTuNhien
C01,26.0,E,Luat_KinhTe
D01,23.1,A,NgoaiNgu
D01,15.5,R,NongNghiep_MoiTruong_ThuySan
A00,27.5,I,SuPhamKhoaHocTuNhien
D14,23.5,S,SuPhamTiengPhap
C01,23.25,C,Luat_KinhTe
C01,18.75,I,KyThuat_CongNghe
A00,28.0,I,SuPhamHoaHoc
D01,21.75,I,KhoaHocTuNhien
B00,27.25,I,SuPhamKhoaHocTuNhien
B03,26.25,I,SuPhamSinhHoc
A01,27.75,I,SuPhamToanHoc
A01,27.25,I,SuPhamVatLy
C01,22.75,A,XaHoiNhanVan
D01,22.0,R,NongNghiep_MoiTruong_ThuySan
C01,24.0,E,Luat_KinhTe
A00,26.75,I,SuPhamKhoaHocTuNhien
C01,24.0,S,XaHoiNhanVan
C02,22.0,I,KhoaHocTuNhien
C01,26.25,C,KyThuat_CongNghe
A00,27.75,I,SuPhamToanHoc
C02,22.5,E,Luat_KinhTe
C01,25.25,C,Luat_KinhTe
D14,24.75,A,SuPhamTiengPhap
A00,28.5,I,SuPhamToanHoc
D15,21.25,A,XaHoiNhanVan
D01,25.5,I,SuPhamTinHoc
B00,27.75,I,SuPhamHoaHoc
A01,24.5,I,SuPhamTinHoc
A00,27.75,I,SuPhamHoaHoc
A00,28.75,I,SuPhamVatLy
D01,23.75,A,SuPhamTiengPhap
C01,26.25,S,GiaoDucTieuHoc
D01,24.85,I,SuPhamTinHoc
D01,23.0,A,NgoaiNgu
X01,22.95,C,Luat_KinhTe
C01,19.0,R,KyThuat_CongNghe
D01,25.0,I,SuPhamTinHoc
D01,26.25,S,GiaoDucTieuHoc
D15,24.0,S,XaHoiNhanVan
D01,24.0,A,NgoaiNgu
D01,24.0,A,NgoaiNgu
D15,24.75,A,NgoaiNgu
A00,28.0,I,SuPhamToanHoc
B03,18.75,I,KhoaHocTuNhien
D01,23.0,I,KhoaHocTuNhien
A00,20.6,I,NongNghiep_MoiTruong_ThuySan
A00,25.75,I,SuPhamTinHoc
D01,25.0,I,SuPhamTinHoc
X74,23.75,S,XaHoiNhanVan
X01,21.5,C,Luat_KinhTe
C01,18.45,C,Luat_KinhTe
C01,27.25,S,GiaoDucTieuHoc
A00,28.0,I,SuPhamKhoaHocTuNhien
D01,20.5,R,CongNgheThongTin_TruyenThong
A00,26.75,I,SuPhamKhoaHocTuNhien
D01,24.25,A,SuPhamTiengPhap
D14,27.5,A,SuPhamTiengAnh
A01,23.6,C,Luat_KinhTe
C02,18.05,R,NongNghiep_MoiTruong_ThuySan
C02,21.0,S,XaHoiNhanVan
A00,23.0,A,XaHoiNhanVan
A00,28.5,I,SuPhamHoaHoc
A00,28.25,I,SuPhamVatLy
A01,26.75,I,SuPhamKhoaHocTuNhien
A00,28.5,I,SuPhamToanHoc
C01,22.25,C,KyThuat_CongNghe
C01,17.0,C,KyThuat_CongNghe
A01,16.5,R,NongNghiep_MoiTruong_ThuySan
A01,25.0,I,SuPhamTinHoc
B00,26.25,I,SuPhamSinhHoc
D01,24.0,A,SuPhamTiengPhap
C01,22.25,A,XaHoiNhanVan
C01,22.75,C,Luat_KinhTe
A01,28.5,I,SuPhamVatLy
D01,24.75,I,SuPhamTinHoc
D01,25.75,A,SuPhamTiengPhap
D07,18.1,I,KhoaHocTuNhien
D01,19.75,I,NongNghiep_MoiTruong_ThuySan
D14,27.0,S,SuPhamTiengAnh
D01,18.75,R,NongNghiep_MoiTruong_ThuySan
C01,25.0,A,XaHoiNhanVan
D01,16.25,I,NongNghiep_MoiTruong_ThuySan
D01,26.25,A,SuPhamTiengPhap
D01,24.25,R,CongNgheThongTin_TruyenThong
A01,28.5,I,SuPhamToanHoc
D15,27.5,A,SuPhamTiengAnh
C02,24.35,C,Luat_KinhTe
B00,27.75,I,SuPhamHoaHoc
A01,27.75,I,SuPhamToanHoc
D01,24.25,S,SuPhamTiengPhap
D01,23.75,C,CongNgheThongTin_TruyenThong
D01,23.25,R,CongNgheThongTin_TruyenThong
D01,21.0,I,KhoaHocTuNhien
A00,27.0,I,SuPhamKhoaHocTuNhien
A01,25.0,I,SuPhamTinHoc
A01,19.0,I,NongNghiep_MoiTruong_ThuySan
A00,27.5,I,SuPhamVatLy
D01,27.25,A,SuPhamTiengAnh
A00,27.75,S,GiaoDucTieuHoc
A01,26.5,I,SuPhamKhoaHocTuNhien
A00,27.75,I,SuPhamHoaHoc
D01,23.5,S,SuPhamTiengPhap
D01,23.0,A,NgoaiNgu
C01,26.5,A,XaHoiNhanVan
A01,18.45,R,NongNghiep_MoiTruong_ThuySan
D14,23.75,S,SuPhamTiengPhap
A00,27.5,I,SuPhamHoaHoc
A00,22.6,R,CongNgheThongTin_TruyenThong
A01,27.75,I,SuPhamToanHoc
A00,28.0,I,SuPhamHoaHoc
B03,26.0,I,SuPhamSinhHoc
D01,26.5,S,GiaoDucTieuHoc
B00,26.0,I,SuPhamKhoaHocTuNhien
B00,27.25,I,SuPhamKhoaHocTuNhien
D15,25.25,A,NgoaiNgu
D01,25.25,A,SuPhamTiengPhap
A00,25.25,I,SuPhamTinHoc
B00,26.0,I,SuPhamSinhHoc
A00,26.75,S,GiaoDucTieuHoc
D01,24.5,I,SuPhamTinHoc
A00,22.35,C,Luat_KinhTe
A01,27.75,I,SuPhamToanHoc
D01,23.5,A,NgoaiNgu
A00,27.75,I,SuPhamToanHoc
C02,21.0,I,KhoaHocTuNhien
C01,26.25,S,GiaoDucTieuHoc
C01,21.6,R,KyThuat_CongNghe
D14,26.5,A,NgoaiNgu
D01,24.5,I,SuPhamTinHoc
D14,28.0,A,SuPhamTiengAnh
D01,23.0,A,NgoaiNgu
D01,25.5,I,SuPhamTinHoc
D01,27.0,S,SuPhamTiengAnh
B03,25.75,I,SuPhamSinhHoc
A01,27.25,I,SuPhamVatLy
C01,27.5,S,GiaoDucTieuHoc
A01,26.75,I,SuPhamKhoaHocTuNhien
D01,23.75,A,NgoaiNgu
C02,23.75,S,XaHoiNhanVan
D15,22.1,A,XaHoiNhanVan
A00,25.75,I,SuPhamTinHoc
B00,27.75,I,SuPhamKhoaHocTuNhien
D14,23.0,A,NgoaiNgu
D01,19.5,C,CongNgheThongTin_TruyenThong
D01,26.0,I,SuPhamTinHoc
X01,25.25,S,XaHoiNhanVan
C01,28.25,S,GiaoDucTieuHoc
A00,26.0,I,SuPhamKhoaHocTuNhien
D14,28.0,A,SuPhamTiengAnh
A00,28.75,I,SuPhamToanHoc
C01,25.25,C,KyThuat_CongNghe
A00,28.75,I,SuPhamHoaHoc
D01,24.83,I,SuPhamTinHoc
A00,21.75,R,KyThuat_CongNghe
A00,23.85,I,KhoaHocTuNhien
A00,24.5,I,SuPhamTinHoc
D14,23.25,A,NgoaiNgu
D01,24.0,A,SuPhamTiengPhap
D01,24.75,A,NgoaiNgu
C01,26.0,S,XaHoiNhanVan
D01,24.25,A,NgoaiNgu
A00,28.0,I,SuPhamVatLy
C01,23.75,E,Luat_KinhTe
D01,20.5,R,CongNgheThongTin_TruyenThong
A00,28.5,I,SuPhamVatLy
A00,20.35,R,NongNghiep_MoiTruong_ThuySan
D14,25.5,A,NgoaiNgu
A01,27.25,I,SuPhamVatLy
D01,23.6,A,NgoaiNgu
D01,21.35,I,CongNgheThongTin_TruyenThong
A00,26.25,S,GiaoDucTieuHoc
D01,18.85,I,NongNghiep_MoiTruong_ThuySan
A00,24.35,C,CongNgheThongTin_TruyenThong
D01,25.0,I,SuPhamTinHoc
A00,19.35,I,KyThuat_CongNghe
A01,26.0,I,SuPhamKhoaHocTuNhien
D01,23.0,A,SuPhamTiengPhap
C01,19.35,I,KyThuat_CongNghe
A00,17.75,I,KhoaHocTuNhien
C01,24.75,A,XaHoiNhanVan
D01,23.5,S,SuPhamTiengPhap
B03,27.25,I,SuPhamSinhHoc
D01,26.75,S,GiaoDucTieuHoc
D01,24.5,A,NgoaiNgu
D01,27.0,A,SuPhamTiengAnh
A00,26.75,I,SuPhamKhoaHocTuNhien
A00,27.25,S,GiaoDucTieuHoc
C02,17.75,R,NongNghiep_MoiTruong_ThuySan
D01,17.25,R,NongNghiep_MoiTruong_ThuySan
A00,27.75,I,SuPhamVatLy
D01,20.75,I,CongNgheThongTin_TruyenThong
A00,27.75,I,SuPhamHoaHoc
X01,22.6,S,XaHoiNhanVan
D01,23.0,A,XaHoiNhanVan
A01,17.95,R,NongNghiep_MoiTruong_ThuySan
B00,27.5,I,SuPhamHoaHoc
B00,27.5,I,SuPhamKhoaHocTuNhien
D01,20.75,I,KhoaHocTuNhien
A01,28.0,I,SuPhamVatLy
B03,25.75,I,SuPhamSinhHoc
A00,27.25,I,SuPhamHoaHoc
B00,26.5,I,SuPhamKhoaHocTuNhien
B03,26.0,I,SuPhamSinhHoc
D01,18.0,R,NongNghiep_MoiTruong_ThuySan
D15,25.0,A,NgoaiNgu
A00,26.0,I,SuPhamKhoaHocTuNhien
C02,21.75,I,KhoaHocTuNhien
C01,19.5,R,KyThuat_CongNghe
A01,20.5,C,CongNgheThongTin_TruyenThong
B03,25.75,I,SuPhamSinhHoc
C01,25.0,S,XaHoiNhanVan
A00,18.5,C,KyThuat_CongNghe
D14,23.75,A,NgoaiNgu
A00,28.0,I,SuPhamToanHoc
D01,23.25,A,NgoaiNgu
A00,28.25,S,GiaoDucTieuHoc
D01,19.75,R,CongNgheThongTin_TruyenThong
B00,28.25,I,SuPhamKhoaHocTuNhien
D01,21.1,I,NongNghiep_MoiTruong_ThuySan
A01,20.1,I,CongNgheThongTin_TruyenThong
A00,27.5,I,SuPhamHoaHoc
A01,24.25,S,XaHoiNhanVan
D01,24.25,A,NgoaiNgu
D15,27.0,S,SuPhamTiengAnh
D01,22.5,I,CongNgheThongTin_TruyenThong
B03,25.6,I,SuPhamSinhHoc
D14,23.25,A,SuPhamTiengPhap
A01,28.0,I,SuPhamToanHoc
A00,29.25,I,SuPhamHoaHoc
A00,28.0,I,SuPhamHoaHoc
D01,24.5,S,SuPhamTiengPhap
A01,27.25,I,SuPhamKhoaHocTuNhien
C01,26.25,S,GiaoDucTieuHoc
A01,19.75,R,CongNgheThongTin_TruyenThong
B00,26.25,I,SuPhamSinhHoc
A00,28.5,I,SuPhamVatLy
D14,25.0,S,SuPhamTiengPhap
A00,29.0,I,SuPhamToanHoc
A00,28.25,I,SuPhamHoaHoc
D01,27.0,S,SuPhamTiengAnh
A00,26.0,I,SuPhamKhoaHocTuNhien
D01,20.0,I,KhoaHocTuNhien
A00,27.25,I,SuPhamVatLy
B00,26.25,I,SuPhamKhoaHocTuNhien
A00,27.75,I,SuPhamToanHoc
A00,17.0,I,KyThuat_CongNghe
A00,29.75,I,SuPhamHoaHoc
C01,27.75,S,GiaoDucTieuHoc
D14,24.0,S,SuPhamTiengPhap
B00,25.75,I,SuPhamSinhHoc
B03,20.25,I,KhoaHocTuNhien
A00,26.25,I,SuPhamTinHoc
A01,21.35,I,KhoaHocTuNhien
D07,19.5,I,KhoaHocTuNhien
B00,28.5,I,SuPhamKhoaHocTuNhien
C01,26.5,S,GiaoDucTieuHoc
C01,24.0,I,KyThuat_CongNghe
C02,22.5,A,XaHoiNhanVan
D01,22.35,C,CongNgheThongTin_TruyenThong
A00,29.0,I,SuPhamHoaHoc
D01,19.5,R,CongNgheThongTin_TruyenThong
D14,24.6,A,SuPhamTiengPhap
A00,28.25,I,SuPhamHoaHoc
C02,19.25,E,Luat_KinhTe
X01,23.6,E,Luat_KinhTe
A01,20.5,R,CongNgheThongTin_TruyenThong
A01,24.25,R,KyThuat_CongNghe
D09,23.0,A,NgoaiNgu
D01,24.75,I,SuPhamTinHoc
D01,19.25,C,CongNgheThongTin_TruyenThong
C01,23.5,A,XaHoiNhanVan
D01,17.25,I,NongNghiep_MoiTruong_ThuySan
B00,26.25,I,SuPhamSinhHoc
A00,28.0,I,SuPhamToanHoc
D01,24.0,A,NgoaiNgu
D01,22.75,S,SuPhamTiengPhap
B00,19.25,I,KyThuat_CongNghe
B00,28.5,I,SuPhamHoaHoc
C01,22.5,C,KyThuat_CongNghe
C01,18.75,R,KyThuat_CongNghe
A00,28.5,I,SuPhamVatLy
C01,24.5,A,XaHoiNhanVan
A01,21.75,R,CongNgheThongTin_TruyenThong
A00,29.25,I,SuPhamHoaHoc
D01,20.25,C,Luat_KinhTe
A01,19.25,R,KyThuat_CongNghe
A00,27.75,I,SuPhamKhoaHocTuNhien
D15,25.25,A,NgoaiNgu
D01,21.75,C,CongNgheThongTin_TruyenThong
C01,19.7,R,KyThuat_CongNghe
A01,17.75,I,KyThuat_CongNghe
B00,25.85,I,SuPhamSinhHoc
A00,28.75,I,SuPhamToanHoc
X01,22.25,S,XaHoiNhanVan
A01,23.75,C,Luat_KinhTe
C01,20.0,R,KyThuat_CongNghe
D01,20.75,I,KhoaHocTuNhien
D01,23.0,S,XaHoiNhanVan
D01,17.75,C,CongNgheThongTin_TruyenThong
D01,22.0,C,CongNgheThongTin_TruyenThong
A00,28.25,I,SuPhamToanHoc
A00,27.5,I,SuPhamVatLy
D01,23.0,A,NgoaiNgu
C02,24.5,C,Luat_KinhTe
D01,23.5,S,SuPhamTiengPhap
D01,19.0,I,NongNghiep_MoiTruong_ThuySan
A00,27.5,I,SuPhamVatLy
A01,23.25,I,CongNgheThongTin_TruyenThong
D01,21.5,C,CongNgheThongTin_TruyenThong
B00,27.5,I,SuPhamSinhHoc
A00,26.5,I,SuPhamKhoaHocTuNhien
A01,20.25,C,CongNgheThongTin_TruyenThong
B03,27.25,I,SuPhamSinhHoc
A00,27.5,I,SuPhamVatLy
A00,28.75,I,SuPhamHoaHoc
D01,21.5,R,CongNgheThongTin_TruyenThong
D15,23.0,A,NgoaiNgu
D01,24.5,A,NgoaiNgu
C01,21.1,I,KyThuat_CongNghe
A00,19.5,C,CongNgheThongTin_TruyenThong
A00,24.75,C,Luat_KinhTe
C01,23.0,A,XaHoiNhanVan
D14,23.75,S,SuPhamTiengPhap
A00,28.25,I,SuPhamKhoaHocTuNhien
A00,28.5,I,SuPhamHoaHoc
D01,26.75,A,SuPhamTiengPhap
D01,23.0,S,SuPhamTiengPhap
D01,25.5,A,NgoaiNgu
A00,26.25,I,SuPhamKhoaHocTuNhien
A00,27.0,I,SuPhamKhoaHocTuNhien
B00,28.25,I,SuPhamHoaHoc
C00,23.25,E,Luat_KinhTe
D01,24.5,I,SuPhamTinHoc
X70,21.0,S,XaHoiNhanVan
B00,26.0,I,SuPhamKhoaHocTuNhien
B00,27.25,I,SuPhamHoaHoc
B00,27.75,I,SuPhamHoaHoc
D14,24.5,A,NgoaiNgu
A01,20.1,I,NongNghiep_MoiTruong_ThuySan
C00,24.25,E,Luat_KinhTe
A00,28.25,I,SuPhamToanHoc
D01,24.25,A,SuPhamTiengPhap
D01,24.75,I,SuPhamTinHoc
A01,28.0,I,SuPhamVatLy
D01,24.5,A,NgoaiNgu
D01,20.5,E,Luat_KinhTe
C01,27.25,S,GiaoDucTieuHoc
C02,21.75,I,KhoaHocTuNhien
D01,25.75,I,SuPhamTinHoc
B03,19.25,I,KhoaHocTuNhien
A01,27.75,I,SuPhamToanHoc
D01,24.5,I,SuPhamTinHoc
A00,18.0,I,NongNghiep_MoiTruong_ThuySan
D01,23.0,A,SuPhamTiengPhap
D01,21.5,R,CongNgheThongTin_TruyenThong
X01,23.35,C,Luat_KinhTe
B00,27.75,I,SuPhamHoaHoc
D14,23.25,S,SuPhamTiengPhap
D01,23.0,A,NgoaiNgu
D14,25.75,A,SuPhamTiengPhap
A01,24.5,I,SuPhamTinHoc
D01,26.0,A,NgoaiNgu
A01,17.7,I,KyThuat_CongNghe
D15,27.0,A,SuPhamTiengAnh
C02,23.25,I,KhoaHocTuNhien
A01,26.25,I,SuPhamKhoaHocTuNhien
D01,24.75,A,XaHoiNhanVan
D15,23.0,A,NgoaiNgu
C01,26.25,S,GiaoDucTieuHoc
A01,26.75,I,SuPhamKhoaHocTuNhien
B00,26.5,I,SuPhamSinhHoc
C01,22.5,I,KyThuat_CongNghe
D14,24.5,A,NgoaiNgu
C02,20.25,I,KhoaHocTuNhien
D01,20.5,I,KhoaHocTuNhien
A00,22.0,I,CongNgheThongTin_TruyenThong
D01,26.25,S,GiaoDucTieuHoc
A00,18.0,R,CongNgheThongTin_TruyenThong
C02,22.0,E,Luat_KinhTe
A01,27.5,I,SuPhamVatLy
D14,24.75,A,SuPhamTiengPhap
B03,26.5,I,SuPhamSinhHoc
D01,19.5,C,Luat_KinhTe
D07,21.0,I,CongNgheThongTin_TruyenThong
D01,27.5,A,SuPhamTiengAnh
A00,27.75,S,GiaoDucTieuHoc
C02,17.5,R,NongNghiep_MoiTruong_ThuySan
B00,26.5,I,SuPhamSinhHoc
A00,20.6,E,Luat_KinhTe
A00,28.75,I,SuPhamToanHoc
C01,26.5,S,GiaoDucTieuHoc
D14,25.0,S,XaHoiNhanVan
C02,18.25,R,NongNghiep_MoiTruong_ThuySan
X70,22.0,A,XaHoiNhanVan
D01,25.75,I,SuPhamTinHoc
A00,25.25,I,SuPhamTinHoc
C01,27.0,S,GiaoDucTieuHoc
A01,24.5,I,SuPhamTinHoc
A00,27.75,I,SuPhamVatLy
A01,16.1,I,KyThuat_CongNghe
C02,21.75,I,KhoaHocTuNhien
A01,27.0,I,SuPhamKhoaHocTuNhien
X01,21.6,S,XaHoiNhanVan
A01,25.75,I,SuPhamTinHoc
B00,25.6,I,SuPhamSinhHoc
B03,22.25,I,KhoaHocTuNhien
C01,27.0,S,GiaoDucTieuHoc
D01,18.5,R,CongNgheThongTin_TruyenThong
C02,21.5,A,XaHoiNhanVan
A00,27.5,I,SuPhamVatLy
D01,22.25,R,NongNghiep_MoiTruong_ThuySan
D01,22.5,E,Luat_KinhTe
D14,24.35,S,SuPhamTiengPhap
C01,22.75,C,KyThuat_CongNghe
A01,25.5,I,SuPhamTinHoc
A01,26.0,I,SuPhamKhoaHocTuNhien
D01,15.6,I,NongNghiep_MoiTruong_ThuySan
A00,27.75,I,SuPhamHoaHoc
B00,26.0,I,SuPhamSinhHoc
A00,26.75,I,SuPhamKhoaHocTuNhien
C01,26.5,S,GiaoDucTieuHoc
C02,17.25,I,NongNghiep_MoiTruong_ThuySan
D01,26.25,I,SuPhamTinHoc
D14,27.0,A,SuPhamTiengAnh
A00,27.75,I,SuPhamVatLy
A01,21.0,C,CongNgheThongTin_TruyenThong
A01,29.0,I,SuPhamVatLy
D01,23.5,S,SuPhamTiengPhap
D14,23.25,S,SuPhamTiengPhap
B00,28.5,I,SuPhamSinhHoc
D01,26.25,S,GiaoDucTieuHoc
B00,27.25,I,SuPhamSinhHoc
D14,27.0,S,SuPhamTiengAnh
A00,28.75,I,SuPhamToanHoc
D01,27.0,A,SuPhamTiengAnh
X01,21.25,C,Luat_KinhTe
D01,23.75,A,SuPhamTiengPhap
A01,27.75,I,SuPhamToanHoc
D01,19.25,I,NongNghiep_MoiTruong_ThuySan
C01,19.1,R,KyThuat_CongNghe
A00,28.5,I,SuPhamKhoaHocTuNhien
A00,28.5,I,SuPhamVatLy
A00,27.5,I,SuPhamVatLy
B00,28.5,I,SuPhamHoaHoc
C02,23.5,S,XaHoiNhanVan
D01,25.0,S,SuPhamTiengPhap
D14,23.75,A,SuPhamTiengPhap
C01,26.25,S,GiaoDucTieuHoc
A00,27.5,I,SuPhamHoaHoc
D01,25.0,I,SuPhamTinHoc
D01,25.0,S,SuPhamTiengPhap
B03,27.25,I,SuPhamSinhHoc
D15,27.75,S,SuPhamTiengAnh
A00,25.35,I,SuPhamTinHoc
A00,27.75,I,SuPhamToanHoc
D01,24.75,S,SuPhamTiengPhap
C01,26.75,A,XaHoiNhanVan
A01,19.75,I,NongNghiep_MoiTruong_ThuySan
A01,26.0,I,SuPhamKhoaHocTuNhien
B08,18.1,I,KhoaHocTuNhien
A00,28.0,I,SuPhamVatLy
D01,24.25,E,Luat_KinhTe
C01,25.5,E,Luat_KinhTe
D01,27.25,S,SuPhamTiengAnh
D01,24.75,R,CongNgheThongTin_TruyenThong
D15,27.75,S,SuPhamTiengAnh
A00,24.5,I,SuPhamTinHoc
B00,27.5,I,SuPhamHoaHoc
C01,27.5,S,GiaoDucTieuHoc
D14,24.5,S,SuPhamTiengPhap
A01,26.0,I,SuPhamKhoaHocTuNhien
A01,17.85,I,KyThuat_CongNghe
D01,19.1,C,CongNgheThongTin_TruyenThong
A01,22.75,I,KhoaHocTuNhien
D01,23.75,E,Luat_KinhTe
A00,28.0,I,SuPhamToanHoc
A00,23.0,C,CongNgheThongTin_TruyenThong
A00,26.6,I,SuPhamKhoaHocTuNhien
C01,23.5,C,KyThuat_CongNghe
C02,22.75,E,Luat_KinhTe
C01,22.95,C,Luat_KinhTe
A01,18.85,E,Luat_KinhTe
D01,25.0,I,SuPhamTinHoc
